solid ASCII
  facet normal 1.206503e-01 -2.016653e-16 9.926951e-01
    outer loop
      vertex   -3.928464e+01 -2.366580e+02 2.776236e+00
      vertex   -3.928464e+01 -2.147978e+02 2.776236e+00
      vertex   -4.036184e+01 -2.366580e+02 2.907157e+00
    endloop
  endfacet
  facet normal 1.206503e-01 0.000000e+00 9.926951e-01
    outer loop
      vertex   -4.036184e+01 -2.366580e+02 2.907157e+00
      vertex   -3.928464e+01 -2.147978e+02 2.776236e+00
      vertex   -3.928464e+01 -1.929375e+02 2.776236e+00
    endloop
  endfacet
  facet normal 1.206503e-01 0.000000e+00 9.926951e-01
    outer loop
      vertex   -4.036184e+01 -2.366580e+02 2.907157e+00
      vertex   -3.928464e+01 -1.929375e+02 2.776236e+00
      vertex   -3.928464e+01 -1.710773e+02 2.776236e+00
    endloop
  endfacet
  facet normal 3.549260e-01 0.000000e+00 9.348944e-01
    outer loop
      vertex   -3.928464e+01 -1.710773e+02 2.776236e+00
      vertex   -3.928464e+01 -1.929375e+02 2.776236e+00
      vertex   -3.827016e+01 -1.710773e+02 2.391095e+00
    endloop
  endfacet
  facet normal 3.549260e-01 -1.872121e-17 9.348944e-01
    outer loop
      vertex   -3.928464e+01 -1.710773e+02 2.776236e+00
      vertex   -3.827016e+01 -1.710773e+02 2.391095e+00
      vertex   -3.827016e+01 -1.492171e+02 2.391095e+00
    endloop
  endfacet
  facet normal 5.685358e-01 -1.671225e-17 8.226585e-01
    outer loop
      vertex   -3.827016e+01 -1.492171e+02 2.391095e+00
      vertex   -3.827016e+01 -1.710773e+02 2.391095e+00
      vertex   -3.737747e+01 -1.492171e+02 1.774160e+00
    endloop
  endfacet
  facet normal 5.685358e-01 0.000000e+00 8.226585e-01
    outer loop
      vertex   -3.827016e+01 -1.492171e+02 2.391095e+00
      vertex   -3.737747e+01 -1.492171e+02 1.774160e+00
      vertex   -3.737747e+01 -1.273568e+02 1.774160e+00
    endloop
  endfacet
  facet normal 7.490420e-01 0.000000e+00 6.625226e-01
    outer loop
      vertex   -3.737747e+01 -1.273568e+02 1.774160e+00
      vertex   -3.737747e+01 -1.492171e+02 1.774160e+00
      vertex   -3.665854e+01 -1.273568e+02 9.613532e-01
    endloop
  endfacet
  facet normal 7.490420e-01 0.000000e+00 6.625226e-01
    outer loop
      vertex   -3.737747e+01 -1.273568e+02 1.774160e+00
      vertex   -3.665854e+01 -1.273568e+02 9.613532e-01
      vertex   -3.665854e+01 -1.054966e+02 9.613532e-01
    endloop
  endfacet
  facet normal 8.859344e-01 0.000000e+00 4.638105e-01
    outer loop
      vertex   -3.665854e+01 -1.054966e+02 9.613532e-01
      vertex   -3.665854e+01 -1.273568e+02 9.613532e-01
      vertex   -3.615525e+01 -6.177613e+01 0.000000e+00
    endloop
  endfacet
  facet normal 8.859344e-01 -0.000000e+00 4.638105e-01
    outer loop
      vertex   -3.665854e+01 -1.054966e+02 9.613532e-01
      vertex   -3.615525e+01 -6.177613e+01 0.000000e+00
      vertex   -3.665854e+01 -8.363636e+01 9.613532e-01
    endloop
  endfacet
  facet normal 8.859344e-01 -9.422280e-18 4.638105e-01
    outer loop
      vertex   -3.665854e+01 -8.363636e+01 9.613532e-01
      vertex   -3.615525e+01 -6.177613e+01 0.000000e+00
      vertex   -3.665854e+01 -6.177613e+01 9.613532e-01
    endloop
  endfacet
  facet normal 7.490420e-01 -1.345910e-17 6.625226e-01
    outer loop
      vertex   -3.665854e+01 -8.363636e+01 9.613532e-01
      vertex   -3.665854e+01 -6.177613e+01 9.613532e-01
      vertex   -3.737747e+01 -8.363636e+01 1.774160e+00
    endloop
  endfacet
  facet normal 7.490420e-01 6.729551e-18 6.625226e-01
    outer loop
      vertex   -3.737747e+01 -8.363636e+01 1.774160e+00
      vertex   -3.665854e+01 -6.177613e+01 9.613532e-01
      vertex   -3.737747e+01 -6.177613e+01 1.774160e+00
    endloop
  endfacet
  facet normal 5.685358e-01 8.356127e-18 8.226585e-01
    outer loop
      vertex   -3.737747e+01 -8.363636e+01 1.774160e+00
      vertex   -3.737747e+01 -6.177613e+01 1.774160e+00
      vertex   -3.827016e+01 -8.363636e+01 2.391095e+00
    endloop
  endfacet
  facet normal 5.685358e-01 -1.671225e-17 8.226585e-01
    outer loop
      vertex   -3.827016e+01 -8.363636e+01 2.391095e+00
      vertex   -3.737747e+01 -6.177613e+01 1.774160e+00
      vertex   -3.827016e+01 -6.177613e+01 2.391095e+00
    endloop
  endfacet
  facet normal 3.549260e-01 -1.899232e-17 9.348944e-01
    outer loop
      vertex   -3.827016e+01 -8.363636e+01 2.391095e+00
      vertex   -3.827016e+01 -6.177613e+01 2.391095e+00
      vertex   -3.928464e+01 -8.363636e+01 2.776236e+00
    endloop
  endfacet
  facet normal 3.549260e-01 1.899232e-17 9.348944e-01
    outer loop
      vertex   -3.928464e+01 -8.363636e+01 2.776236e+00
      vertex   -3.827016e+01 -6.177613e+01 2.391095e+00
      vertex   -3.928464e+01 -6.177613e+01 2.776236e+00
    endloop
  endfacet
  facet normal 1.206503e-01 2.016653e-17 9.926951e-01
    outer loop
      vertex   -3.928464e+01 -8.363636e+01 2.776236e+00
      vertex   -3.928464e+01 -6.177613e+01 2.776236e+00
      vertex   -4.036184e+01 -6.177613e+01 2.907157e+00
    endloop
  endfacet
  facet normal 3.549260e-01 -1.899232e-16 9.348944e-01
    outer loop
      vertex   -3.928464e+01 -2.147978e+02 2.776236e+00
      vertex   -3.928464e+01 -2.366580e+02 2.776236e+00
      vertex   -3.827016e+01 -2.147978e+02 2.391095e+00
    endloop
  endfacet
  facet normal 3.549260e-01 -7.596927e-17 9.348944e-01
    outer loop
      vertex   -3.827016e+01 -2.147978e+02 2.391095e+00
      vertex   -3.928464e+01 -2.366580e+02 2.776236e+00
      vertex   -3.827016e+01 -2.366580e+02 2.391095e+00
    endloop
  endfacet
  facet normal 5.685358e-01 -6.684901e-17 8.226585e-01
    outer loop
      vertex   -3.827016e+01 -2.147978e+02 2.391095e+00
      vertex   -3.827016e+01 -2.366580e+02 2.391095e+00
      vertex   -3.737747e+01 -2.147978e+02 1.774160e+00
    endloop
  endfacet
  facet normal 5.685358e-01 -1.086296e-16 8.226585e-01
    outer loop
      vertex   -3.737747e+01 -2.147978e+02 1.774160e+00
      vertex   -3.827016e+01 -2.366580e+02 2.391095e+00
      vertex   -3.737747e+01 -2.366580e+02 1.774160e+00
    endloop
  endfacet
  facet normal 7.490420e-01 -8.748416e-17 6.625226e-01
    outer loop
      vertex   -3.737747e+01 -2.147978e+02 1.774160e+00
      vertex   -3.737747e+01 -2.366580e+02 1.774160e+00
      vertex   -3.665854e+01 -2.147978e+02 9.613532e-01
    endloop
  endfacet
  facet normal 7.490420e-01 -6.729551e-17 6.625226e-01
    outer loop
      vertex   -3.665854e+01 -2.147978e+02 9.613532e-01
      vertex   -3.737747e+01 -2.366580e+02 1.774160e+00
      vertex   -3.665854e+01 -2.366580e+02 9.613532e-01
    endloop
  endfacet
  facet normal 8.859344e-01 -4.711140e-17 4.638105e-01
    outer loop
      vertex   -3.665854e+01 -2.147978e+02 9.613532e-01
      vertex   -3.665854e+01 -2.366580e+02 9.613532e-01
      vertex   -3.615525e+01 -2.366580e+02 0.000000e+00
    endloop
  endfacet
  facet normal 8.859344e-01 0.000000e+00 4.638105e-01
    outer loop
      vertex   -3.615525e+01 -6.177613e+01 0.000000e+00
      vertex   -3.665854e+01 -1.492171e+02 9.613532e-01
      vertex   -3.615525e+01 -2.366580e+02 0.000000e+00
    endloop
  endfacet
  facet normal 8.859344e-01 0.000000e+00 4.638105e-01
    outer loop
      vertex   -3.615525e+01 -2.366580e+02 0.000000e+00
      vertex   -3.665854e+01 -1.492171e+02 9.613532e-01
      vertex   -3.665854e+01 -1.710773e+02 9.613532e-01
    endloop
  endfacet
  facet normal 8.859344e-01 0.000000e+00 4.638105e-01
    outer loop
      vertex   -3.615525e+01 -2.366580e+02 0.000000e+00
      vertex   -3.665854e+01 -1.710773e+02 9.613532e-01
      vertex   -3.665854e+01 -1.929375e+02 9.613532e-01
    endloop
  endfacet
  facet normal 7.490420e-01 -0.000000e+00 6.625226e-01
    outer loop
      vertex   -3.665854e+01 -1.929375e+02 9.613532e-01
      vertex   -3.665854e+01 -1.710773e+02 9.613532e-01
      vertex   -3.737747e+01 -1.929375e+02 1.774160e+00
    endloop
  endfacet
  facet normal 7.490420e-01 0.000000e+00 6.625226e-01
    outer loop
      vertex   -3.665854e+01 -1.929375e+02 9.613532e-01
      vertex   -3.737747e+01 -1.929375e+02 1.774160e+00
      vertex   -3.737747e+01 -2.147978e+02 1.774160e+00
    endloop
  endfacet
  facet normal 5.685358e-01 -0.000000e+00 8.226585e-01
    outer loop
      vertex   -3.737747e+01 -2.147978e+02 1.774160e+00
      vertex   -3.737747e+01 -1.929375e+02 1.774160e+00
      vertex   -3.827016e+01 -2.147978e+02 2.391095e+00
    endloop
  endfacet
  facet normal 1.206503e-01 -0.000000e+00 9.926951e-01
    outer loop
      vertex   -4.036184e+01 -2.366580e+02 2.907157e+00
      vertex   -3.928464e+01 -1.492171e+02 2.776236e+00
      vertex   -4.036184e+01 -6.177613e+01 2.907157e+00
    endloop
  endfacet
  facet normal 1.206503e-01 0.000000e+00 9.926951e-01
    outer loop
      vertex   -4.036184e+01 -6.177613e+01 2.907157e+00
      vertex   -3.928464e+01 -1.492171e+02 2.776236e+00
      vertex   -3.928464e+01 -1.273568e+02 2.776236e+00
    endloop
  endfacet
  facet normal 1.206503e-01 0.000000e+00 9.926951e-01
    outer loop
      vertex   -4.036184e+01 -6.177613e+01 2.907157e+00
      vertex   -3.928464e+01 -1.273568e+02 2.776236e+00
      vertex   -3.928464e+01 -1.054966e+02 2.776236e+00
    endloop
  endfacet
  facet normal 3.549260e-01 0.000000e+00 9.348944e-01
    outer loop
      vertex   -3.928464e+01 -1.054966e+02 2.776236e+00
      vertex   -3.928464e+01 -1.273568e+02 2.776236e+00
      vertex   -3.827016e+01 -1.054966e+02 2.391095e+00
    endloop
  endfacet
  facet normal 3.549260e-01 1.872121e-17 9.348944e-01
    outer loop
      vertex   -3.928464e+01 -1.054966e+02 2.776236e+00
      vertex   -3.827016e+01 -1.054966e+02 2.391095e+00
      vertex   -3.827016e+01 -8.363636e+01 2.391095e+00
    endloop
  endfacet
  facet normal 5.685358e-01 1.671225e-17 8.226585e-01
    outer loop
      vertex   -3.827016e+01 -8.363636e+01 2.391095e+00
      vertex   -3.827016e+01 -1.054966e+02 2.391095e+00
      vertex   -3.737747e+01 -8.363636e+01 1.774160e+00
    endloop
  endfacet
  facet normal 1.206503e-01 0.000000e+00 9.926951e-01
    outer loop
      vertex   -3.928464e+01 -1.492171e+02 2.776236e+00
      vertex   -4.036184e+01 -2.366580e+02 2.907157e+00
      vertex   -3.928464e+01 -1.710773e+02 2.776236e+00
    endloop
  endfacet
  facet normal 3.549260e-01 0.000000e+00 9.348944e-01
    outer loop
      vertex   -3.928464e+01 -1.929375e+02 2.776236e+00
      vertex   -3.928464e+01 -2.147978e+02 2.776236e+00
      vertex   -3.827016e+01 -1.929375e+02 2.391095e+00
    endloop
  endfacet
  facet normal 3.549260e-01 -3.798464e-17 9.348944e-01
    outer loop
      vertex   -3.827016e+01 -1.929375e+02 2.391095e+00
      vertex   -3.928464e+01 -2.147978e+02 2.776236e+00
      vertex   -3.827016e+01 -2.147978e+02 2.391095e+00
    endloop
  endfacet
  facet normal 5.685358e-01 -3.342451e-17 8.226585e-01
    outer loop
      vertex   -3.827016e+01 -1.929375e+02 2.391095e+00
      vertex   -3.827016e+01 -2.147978e+02 2.391095e+00
      vertex   -3.737747e+01 -1.929375e+02 1.774160e+00
    endloop
  endfacet
  facet normal 3.549260e-01 -0.000000e+00 9.348944e-01
    outer loop
      vertex   -3.928464e+01 -1.710773e+02 2.776236e+00
      vertex   -3.827016e+01 -1.492171e+02 2.391095e+00
      vertex   -3.928464e+01 -1.492171e+02 2.776236e+00
    endloop
  endfacet
  facet normal 3.549260e-01 -1.872121e-17 9.348944e-01
    outer loop
      vertex   -3.928464e+01 -1.492171e+02 2.776236e+00
      vertex   -3.827016e+01 -1.492171e+02 2.391095e+00
      vertex   -3.827016e+01 -1.273568e+02 2.391095e+00
    endloop
  endfacet
  facet normal 3.549260e-01 -0.000000e+00 9.348944e-01
    outer loop
      vertex   -3.928464e+01 -1.492171e+02 2.776236e+00
      vertex   -3.827016e+01 -1.273568e+02 2.391095e+00
      vertex   -3.928464e+01 -1.273568e+02 2.776236e+00
    endloop
  endfacet
  facet normal 3.549260e-01 0.000000e+00 9.348944e-01
    outer loop
      vertex   -3.928464e+01 -1.273568e+02 2.776236e+00
      vertex   -3.827016e+01 -1.273568e+02 2.391095e+00
      vertex   -3.827016e+01 -1.054966e+02 2.391095e+00
    endloop
  endfacet
  facet normal 1.206503e-01 0.000000e+00 9.926951e-01
    outer loop
      vertex   -3.928464e+01 -8.363636e+01 2.776236e+00
      vertex   -4.036184e+01 -6.177613e+01 2.907157e+00
      vertex   -3.928464e+01 -1.054966e+02 2.776236e+00
    endloop
  endfacet
  facet normal 3.549260e-01 0.000000e+00 9.348944e-01
    outer loop
      vertex   -3.827016e+01 -8.363636e+01 2.391095e+00
      vertex   -3.928464e+01 -8.363636e+01 2.776236e+00
      vertex   -3.928464e+01 -1.054966e+02 2.776236e+00
    endloop
  endfacet
  facet normal 3.549260e-01 0.000000e+00 9.348944e-01
    outer loop
      vertex   -3.928464e+01 -1.929375e+02 2.776236e+00
      vertex   -3.827016e+01 -1.929375e+02 2.391095e+00
      vertex   -3.827016e+01 -1.710773e+02 2.391095e+00
    endloop
  endfacet
  facet normal 5.685358e-01 0.000000e+00 8.226585e-01
    outer loop
      vertex   -3.827016e+01 -1.710773e+02 2.391095e+00
      vertex   -3.827016e+01 -1.929375e+02 2.391095e+00
      vertex   -3.737747e+01 -1.710773e+02 1.774160e+00
    endloop
  endfacet
  facet normal 5.685358e-01 0.000000e+00 8.226585e-01
    outer loop
      vertex   -3.827016e+01 -1.710773e+02 2.391095e+00
      vertex   -3.737747e+01 -1.710773e+02 1.774160e+00
      vertex   -3.737747e+01 -1.492171e+02 1.774160e+00
    endloop
  endfacet
  facet normal 7.490420e-01 0.000000e+00 6.625226e-01
    outer loop
      vertex   -3.737747e+01 -1.492171e+02 1.774160e+00
      vertex   -3.737747e+01 -1.710773e+02 1.774160e+00
      vertex   -3.665854e+01 -1.492171e+02 9.613532e-01
    endloop
  endfacet
  facet normal 7.490420e-01 1.404091e-17 6.625226e-01
    outer loop
      vertex   -3.737747e+01 -1.492171e+02 1.774160e+00
      vertex   -3.665854e+01 -1.492171e+02 9.613532e-01
      vertex   -3.665854e+01 -1.273568e+02 9.613532e-01
    endloop
  endfacet
  facet normal 8.859344e-01 1.177785e-17 4.638105e-01
    outer loop
      vertex   -3.665854e+01 -1.273568e+02 9.613532e-01
      vertex   -3.665854e+01 -1.492171e+02 9.613532e-01
      vertex   -3.615525e+01 -6.177613e+01 0.000000e+00
    endloop
  endfacet
  facet normal 5.685358e-01 0.000000e+00 8.226585e-01
    outer loop
      vertex   -3.737747e+01 -1.710773e+02 1.774160e+00
      vertex   -3.827016e+01 -1.929375e+02 2.391095e+00
      vertex   -3.737747e+01 -1.929375e+02 1.774160e+00
    endloop
  endfacet
  facet normal 5.685358e-01 -1.671225e-17 8.226585e-01
    outer loop
      vertex   -3.827016e+01 -1.492171e+02 2.391095e+00
      vertex   -3.737747e+01 -1.273568e+02 1.774160e+00
      vertex   -3.827016e+01 -1.273568e+02 2.391095e+00
    endloop
  endfacet
  facet normal 5.685358e-01 0.000000e+00 8.226585e-01
    outer loop
      vertex   -3.827016e+01 -1.273568e+02 2.391095e+00
      vertex   -3.737747e+01 -1.273568e+02 1.774160e+00
      vertex   -3.737747e+01 -1.054966e+02 1.774160e+00
    endloop
  endfacet
  facet normal 5.685358e-01 -0.000000e+00 8.226585e-01
    outer loop
      vertex   -3.827016e+01 -1.273568e+02 2.391095e+00
      vertex   -3.737747e+01 -1.054966e+02 1.774160e+00
      vertex   -3.827016e+01 -1.054966e+02 2.391095e+00
    endloop
  endfacet
  facet normal 5.685358e-01 0.000000e+00 8.226585e-01
    outer loop
      vertex   -3.827016e+01 -1.054966e+02 2.391095e+00
      vertex   -3.737747e+01 -1.054966e+02 1.774160e+00
      vertex   -3.737747e+01 -8.363636e+01 1.774160e+00
    endloop
  endfacet
  facet normal 7.490420e-01 0.000000e+00 6.625226e-01
    outer loop
      vertex   -3.665854e+01 -1.929375e+02 9.613532e-01
      vertex   -3.737747e+01 -2.147978e+02 1.774160e+00
      vertex   -3.665854e+01 -2.147978e+02 9.613532e-01
    endloop
  endfacet
  facet normal 7.490420e-01 0.000000e+00 6.625226e-01
    outer loop
      vertex   -3.665854e+01 -1.492171e+02 9.613532e-01
      vertex   -3.737747e+01 -1.710773e+02 1.774160e+00
      vertex   -3.665854e+01 -1.710773e+02 9.613532e-01
    endloop
  endfacet
  facet normal 7.490420e-01 0.000000e+00 6.625226e-01
    outer loop
      vertex   -3.665854e+01 -1.710773e+02 9.613532e-01
      vertex   -3.737747e+01 -1.710773e+02 1.774160e+00
      vertex   -3.737747e+01 -1.929375e+02 1.774160e+00
    endloop
  endfacet
  facet normal 7.490420e-01 0.000000e+00 6.625226e-01
    outer loop
      vertex   -3.665854e+01 -8.363636e+01 9.613532e-01
      vertex   -3.737747e+01 -8.363636e+01 1.774160e+00
      vertex   -3.737747e+01 -1.054966e+02 1.774160e+00
    endloop
  endfacet
  facet normal 7.490420e-01 0.000000e+00 6.625226e-01
    outer loop
      vertex   -3.665854e+01 -8.363636e+01 9.613532e-01
      vertex   -3.737747e+01 -1.054966e+02 1.774160e+00
      vertex   -3.665854e+01 -1.054966e+02 9.613532e-01
    endloop
  endfacet
  facet normal 7.490420e-01 0.000000e+00 6.625226e-01
    outer loop
      vertex   -3.665854e+01 -1.054966e+02 9.613532e-01
      vertex   -3.737747e+01 -1.054966e+02 1.774160e+00
      vertex   -3.737747e+01 -1.273568e+02 1.774160e+00
    endloop
  endfacet
  facet normal 8.859344e-01 0.000000e+00 4.638105e-01
    outer loop
      vertex   -3.615525e+01 -2.366580e+02 0.000000e+00
      vertex   -3.665854e+01 -1.929375e+02 9.613532e-01
      vertex   -3.665854e+01 -2.147978e+02 9.613532e-01
    endloop
  endfacet
  facet normal 1.033552e-02 -1.181355e-01 9.929437e-01
    outer loop
      vertex   -4.791090e+01 -2.456546e+02 2.907157e+00
      vertex   -4.949725e+01 -2.457934e+02 2.907157e+00
      vertex   -4.804384e+01 -2.467667e+02 2.776236e+00
    endloop
  endfacet
  facet normal 8.628761e-03 -1.206458e-01 9.926581e-01
    outer loop
      vertex   -4.804384e+01 -2.467667e+02 2.776236e+00
      vertex   -4.949725e+01 -2.457934e+02 2.907157e+00
      vertex   -4.949725e+01 -2.468706e+02 2.776236e+00
    endloop
  endfacet
  facet normal 2.537664e-02 -3.548117e-01 9.345933e-01
    outer loop
      vertex   -4.804384e+01 -2.467667e+02 2.776236e+00
      vertex   -4.949725e+01 -2.468706e+02 2.776236e+00
      vertex   -4.949725e+01 -2.478851e+02 2.391095e+00
    endloop
  endfacet
  facet normal 2.537664e-02 -3.548117e-01 9.345933e-01
    outer loop
      vertex   -4.804384e+01 -2.467667e+02 2.776236e+00
      vertex   -4.949725e+01 -2.478851e+02 2.391095e+00
      vertex   -4.789947e+01 -2.477708e+02 2.391095e+00
    endloop
  endfacet
  facet normal 4.062891e-02 -5.680663e-01 8.219793e-01
    outer loop
      vertex   -4.789947e+01 -2.477708e+02 2.391095e+00
      vertex   -4.949725e+01 -2.478851e+02 2.391095e+00
      vertex   -4.949725e+01 -2.487778e+02 1.774160e+00
    endloop
  endfacet
  facet normal 4.062891e-02 -5.680663e-01 8.219793e-01
    outer loop
      vertex   -4.789947e+01 -2.477708e+02 2.391095e+00
      vertex   -4.949725e+01 -2.487778e+02 1.774160e+00
      vertex   -4.777243e+01 -2.486544e+02 1.774160e+00
    endloop
  endfacet
  facet normal 5.349583e-02 -7.479694e-01 6.615739e-01
    outer loop
      vertex   -4.777243e+01 -2.486544e+02 1.774160e+00
      vertex   -4.949725e+01 -2.487778e+02 1.774160e+00
      vertex   -4.949725e+01 -2.494967e+02 9.613532e-01
    endloop
  endfacet
  facet normal 5.349583e-02 -7.479694e-01 6.615739e-01
    outer loop
      vertex   -4.777243e+01 -2.486544e+02 1.774160e+00
      vertex   -4.949725e+01 -2.494967e+02 9.613532e-01
      vertex   -4.767011e+01 -2.493660e+02 9.613532e-01
    endloop
  endfacet
  facet normal 6.323646e-02 -8.841613e-01 4.628822e-01
    outer loop
      vertex   -4.767011e+01 -2.493660e+02 9.613532e-01
      vertex   -4.949725e+01 -2.494967e+02 9.613532e-01
      vertex   -4.949725e+01 -2.500000e+02 0.000000e+00
    endloop
  endfacet
  facet normal 6.323646e-02 -8.841613e-01 4.628822e-01
    outer loop
      vertex   -4.767011e+01 -2.493660e+02 9.613532e-01
      vertex   -4.949725e+01 -2.500000e+02 0.000000e+00
      vertex   -4.759849e+01 -2.498642e+02 0.000000e+00
    endloop
  endfacet
  facet normal 1.884221e-01 -8.661623e-01 4.628822e-01
    outer loop
      vertex   -4.767011e+01 -2.493660e+02 9.613532e-01
      vertex   -4.759849e+01 -2.498642e+02 0.000000e+00
      vertex   -4.588017e+01 -2.489766e+02 9.613532e-01
    endloop
  endfacet
  facet normal 1.884221e-01 -8.661623e-01 4.628822e-01
    outer loop
      vertex   -4.588017e+01 -2.489766e+02 9.613532e-01
      vertex   -4.759849e+01 -2.498642e+02 0.000000e+00
      vertex   -4.573837e+01 -2.494596e+02 0.000000e+00
    endloop
  endfacet
  facet normal 3.097720e-01 -8.305308e-01 4.628822e-01
    outer loop
      vertex   -4.588017e+01 -2.489766e+02 9.613532e-01
      vertex   -4.573837e+01 -2.494596e+02 0.000000e+00
      vertex   -4.416386e+01 -2.483365e+02 9.613532e-01
    endloop
  endfacet
  facet normal 3.097720e-01 -8.305308e-01 4.628822e-01
    outer loop
      vertex   -4.416386e+01 -2.483365e+02 9.613532e-01
      vertex   -4.573837e+01 -2.494596e+02 0.000000e+00
      vertex   -4.395478e+01 -2.487943e+02 0.000000e+00
    endloop
  endfacet
  facet normal 4.248158e-01 -7.779920e-01 4.628822e-01
    outer loop
      vertex   -4.416386e+01 -2.483365e+02 9.613532e-01
      vertex   -4.395478e+01 -2.487943e+02 0.000000e+00
      vertex   -4.255612e+01 -2.474586e+02 9.613532e-01
    endloop
  endfacet
  facet normal 4.248158e-01 -7.779920e-01 4.628822e-01
    outer loop
      vertex   -4.255612e+01 -2.474586e+02 9.613532e-01
      vertex   -4.395478e+01 -2.487943e+02 0.000000e+00
      vertex   -4.228402e+01 -2.478820e+02 0.000000e+00
    endloop
  endfacet
  facet normal 5.312116e-01 -7.096156e-01 4.628822e-01
    outer loop
      vertex   -4.255612e+01 -2.474586e+02 9.613532e-01
      vertex   -4.228402e+01 -2.478820e+02 0.000000e+00
      vertex   -4.108969e+01 -2.463608e+02 9.613532e-01
    endloop
  endfacet
  facet normal 5.312116e-01 -7.096156e-01 4.628822e-01
    outer loop
      vertex   -4.108969e+01 -2.463608e+02 9.613532e-01
      vertex   -4.228402e+01 -2.478820e+02 0.000000e+00
      vertex   -4.076010e+01 -2.467412e+02 0.000000e+00
    endloop
  endfacet
  facet normal 6.267934e-01 -6.267934e-01 4.628822e-01
    outer loop
      vertex   -4.108969e+01 -2.463608e+02 9.613532e-01
      vertex   -4.076010e+01 -2.467412e+02 0.000000e+00
      vertex   -3.979440e+01 -2.450656e+02 9.613532e-01
    endloop
  endfacet
  facet normal 6.267934e-01 -6.267934e-01 4.628822e-01
    outer loop
      vertex   -3.979440e+01 -2.450656e+02 9.613532e-01
      vertex   -4.076010e+01 -2.467412e+02 0.000000e+00
      vertex   -3.941404e+01 -2.453952e+02 0.000000e+00
    endloop
  endfacet
  facet normal 7.096156e-01 -5.312116e-01 4.628822e-01
    outer loop
      vertex   -3.979440e+01 -2.450656e+02 9.613532e-01
      vertex   -3.941404e+01 -2.453952e+02 0.000000e+00
      vertex   -3.869664e+01 -2.435991e+02 9.613532e-01
    endloop
  endfacet
  facet normal 7.096156e-01 -5.312116e-01 4.628822e-01
    outer loop
      vertex   -3.869664e+01 -2.435991e+02 9.613532e-01
      vertex   -3.941404e+01 -2.453952e+02 0.000000e+00
      vertex   -3.827325e+01 -2.438712e+02 0.000000e+00
    endloop
  endfacet
  facet normal 7.779920e-01 -4.248158e-01 4.628822e-01
    outer loop
      vertex   -3.869664e+01 -2.435991e+02 9.613532e-01
      vertex   -3.827325e+01 -2.438712e+02 0.000000e+00
      vertex   -3.781875e+01 -2.419914e+02 9.613532e-01
    endloop
  endfacet
  facet normal 7.779920e-01 -4.248158e-01 4.628822e-01
    outer loop
      vertex   -3.781875e+01 -2.419914e+02 9.613532e-01
      vertex   -3.827325e+01 -2.438712e+02 0.000000e+00
      vertex   -3.736094e+01 -2.422005e+02 0.000000e+00
    endloop
  endfacet
  facet normal 8.305308e-01 -3.097720e-01 4.628822e-01
    outer loop
      vertex   -3.781875e+01 -2.419914e+02 9.613532e-01
      vertex   -3.736094e+01 -2.422005e+02 0.000000e+00
      vertex   -3.717860e+01 -2.402751e+02 9.613532e-01
    endloop
  endfacet
  facet normal 8.305308e-01 -3.097720e-01 4.628822e-01
    outer loop
      vertex   -3.717860e+01 -2.402751e+02 9.613532e-01
      vertex   -3.736094e+01 -2.422005e+02 0.000000e+00
      vertex   -3.669570e+01 -2.404169e+02 0.000000e+00
    endloop
  endfacet
  facet normal 8.661623e-01 -1.884221e-01 4.628822e-01
    outer loop
      vertex   -3.717860e+01 -2.402751e+02 9.613532e-01
      vertex   -3.669570e+01 -2.404169e+02 0.000000e+00
      vertex   -3.678922e+01 -2.384851e+02 9.613532e-01
    endloop
  endfacet
  facet normal 8.661623e-01 -1.884221e-01 4.628822e-01
    outer loop
      vertex   -3.678922e+01 -2.384851e+02 9.613532e-01
      vertex   -3.669570e+01 -2.404169e+02 0.000000e+00
      vertex   -3.629105e+01 -2.385568e+02 0.000000e+00
    endloop
  endfacet
  facet normal 8.841613e-01 -6.323646e-02 4.628822e-01
    outer loop
      vertex   -3.678922e+01 -2.384851e+02 9.613532e-01
      vertex   -3.629105e+01 -2.385568e+02 0.000000e+00
      vertex   -3.665854e+01 -2.366580e+02 9.613532e-01
    endloop
  endfacet
  facet normal 8.841613e-01 -6.323646e-02 4.628822e-01
    outer loop
      vertex   -3.665854e+01 -2.366580e+02 9.613532e-01
      vertex   -3.629105e+01 -2.385568e+02 0.000000e+00
      vertex   -3.615525e+01 -2.366580e+02 0.000000e+00
    endloop
  endfacet
  facet normal 7.479694e-01 -5.349583e-02 6.615739e-01
    outer loop
      vertex   -3.665854e+01 -2.366580e+02 9.613532e-01
      vertex   -3.737747e+01 -2.366580e+02 1.774160e+00
      vertex   -3.678922e+01 -2.384851e+02 9.613532e-01
    endloop
  endfacet
  facet normal 7.479694e-01 -5.349583e-02 6.615739e-01
    outer loop
      vertex   -3.678922e+01 -2.384851e+02 9.613532e-01
      vertex   -3.737747e+01 -2.366580e+02 1.774160e+00
      vertex   -3.750083e+01 -2.383828e+02 1.774160e+00
    endloop
  endfacet
  facet normal 7.327429e-01 -1.593985e-01 6.615739e-01
    outer loop
      vertex   -3.678922e+01 -2.384851e+02 9.613532e-01
      vertex   -3.750083e+01 -2.383828e+02 1.774160e+00
      vertex   -3.717860e+01 -2.402751e+02 9.613532e-01
    endloop
  endfacet
  facet normal 7.327429e-01 -1.593985e-01 6.615739e-01
    outer loop
      vertex   -3.717860e+01 -2.402751e+02 9.613532e-01
      vertex   -3.750083e+01 -2.383828e+02 1.774160e+00
      vertex   -3.786840e+01 -2.400725e+02 1.774160e+00
    endloop
  endfacet
  facet normal 7.025999e-01 -2.620562e-01 6.615739e-01
    outer loop
      vertex   -3.717860e+01 -2.402751e+02 9.613532e-01
      vertex   -3.786840e+01 -2.400725e+02 1.774160e+00
      vertex   -3.781875e+01 -2.419914e+02 9.613532e-01
    endloop
  endfacet
  facet normal 7.025999e-01 -2.620562e-01 6.615739e-01
    outer loop
      vertex   -3.781875e+01 -2.419914e+02 9.613532e-01
      vertex   -3.786840e+01 -2.400725e+02 1.774160e+00
      vertex   -3.847271e+01 -2.416927e+02 1.774160e+00
    endloop
  endfacet
  facet normal 6.581539e-01 -3.593792e-01 6.615739e-01
    outer loop
      vertex   -3.781875e+01 -2.419914e+02 9.613532e-01
      vertex   -3.847271e+01 -2.416927e+02 1.774160e+00
      vertex   -3.869664e+01 -2.435991e+02 9.613532e-01
    endloop
  endfacet
  facet normal 6.581539e-01 -3.593792e-01 6.615739e-01
    outer loop
      vertex   -3.869664e+01 -2.435991e+02 9.613532e-01
      vertex   -3.847271e+01 -2.416927e+02 1.774160e+00
      vertex   -3.930144e+01 -2.432104e+02 1.774160e+00
    endloop
  endfacet
  facet normal 6.003099e-01 -4.493863e-01 6.615739e-01
    outer loop
      vertex   -3.869664e+01 -2.435991e+02 9.613532e-01
      vertex   -3.930144e+01 -2.432104e+02 1.774160e+00
      vertex   -3.979440e+01 -2.450656e+02 9.613532e-01
    endloop
  endfacet
  facet normal 6.003099e-01 -4.493863e-01 6.615739e-01
    outer loop
      vertex   -3.979440e+01 -2.450656e+02 9.613532e-01
      vertex   -3.930144e+01 -2.432104e+02 1.774160e+00
      vertex   -4.033773e+01 -2.445948e+02 1.774160e+00
    endloop
  endfacet
  facet normal 5.302452e-01 -5.302452e-01 6.615739e-01
    outer loop
      vertex   -3.979440e+01 -2.450656e+02 9.613532e-01
      vertex   -4.033773e+01 -2.445948e+02 1.774160e+00
      vertex   -4.108969e+01 -2.463608e+02 9.613532e-01
    endloop
  endfacet
  facet normal 5.302452e-01 -5.302452e-01 6.615739e-01
    outer loop
      vertex   -4.108969e+01 -2.463608e+02 9.613532e-01
      vertex   -4.033773e+01 -2.445948e+02 1.774160e+00
      vertex   -4.156048e+01 -2.458175e+02 1.774160e+00
    endloop
  endfacet
  facet normal 4.493863e-01 -6.003099e-01 6.615739e-01
    outer loop
      vertex   -4.108969e+01 -2.463608e+02 9.613532e-01
      vertex   -4.156048e+01 -2.458175e+02 1.774160e+00
      vertex   -4.255612e+01 -2.474586e+02 9.613532e-01
    endloop
  endfacet
  facet normal 4.493863e-01 -6.003099e-01 6.615739e-01
    outer loop
      vertex   -4.255612e+01 -2.474586e+02 9.613532e-01
      vertex   -4.156048e+01 -2.458175e+02 1.774160e+00
      vertex   -4.294480e+01 -2.468538e+02 1.774160e+00
    endloop
  endfacet
  facet normal 3.593792e-01 -6.581539e-01 6.615739e-01
    outer loop
      vertex   -4.255612e+01 -2.474586e+02 9.613532e-01
      vertex   -4.294480e+01 -2.468538e+02 1.774160e+00
      vertex   -4.416386e+01 -2.483365e+02 9.613532e-01
    endloop
  endfacet
  facet normal 3.593792e-01 -6.581539e-01 6.615739e-01
    outer loop
      vertex   -4.416386e+01 -2.483365e+02 9.613532e-01
      vertex   -4.294480e+01 -2.468538e+02 1.774160e+00
      vertex   -4.446251e+01 -2.476825e+02 1.774160e+00
    endloop
  endfacet
  facet normal 2.620562e-01 -7.025999e-01 6.615739e-01
    outer loop
      vertex   -4.416386e+01 -2.483365e+02 9.613532e-01
      vertex   -4.446251e+01 -2.476825e+02 1.774160e+00
      vertex   -4.588017e+01 -2.489766e+02 9.613532e-01
    endloop
  endfacet
  facet normal 2.620562e-01 -7.025999e-01 6.615739e-01
    outer loop
      vertex   -4.588017e+01 -2.489766e+02 9.613532e-01
      vertex   -4.446251e+01 -2.476825e+02 1.774160e+00
      vertex   -4.608271e+01 -2.482868e+02 1.774160e+00
    endloop
  endfacet
  facet normal 1.593985e-01 -7.327429e-01 6.615739e-01
    outer loop
      vertex   -4.588017e+01 -2.489766e+02 9.613532e-01
      vertex   -4.608271e+01 -2.482868e+02 1.774160e+00
      vertex   -4.767011e+01 -2.493660e+02 9.613532e-01
    endloop
  endfacet
  facet normal 1.593985e-01 -7.327429e-01 6.615739e-01
    outer loop
      vertex   -4.767011e+01 -2.493660e+02 9.613532e-01
      vertex   -4.608271e+01 -2.482868e+02 1.774160e+00
      vertex   -4.777243e+01 -2.486544e+02 1.774160e+00
    endloop
  endfacet
  facet normal 5.680663e-01 -4.062891e-02 8.219793e-01
    outer loop
      vertex   -3.737747e+01 -2.366580e+02 1.774160e+00
      vertex   -3.827016e+01 -2.366580e+02 2.391095e+00
      vertex   -3.750083e+01 -2.383828e+02 1.774160e+00
    endloop
  endfacet
  facet normal 5.680663e-01 -4.062891e-02 8.219793e-01
    outer loop
      vertex   -3.750083e+01 -2.383828e+02 1.774160e+00
      vertex   -3.827016e+01 -2.366580e+02 2.391095e+00
      vertex   -3.838443e+01 -2.382558e+02 2.391095e+00
    endloop
  endfacet
  facet normal 5.565021e-01 -1.210596e-01 8.219793e-01
    outer loop
      vertex   -3.750083e+01 -2.383828e+02 1.774160e+00
      vertex   -3.838443e+01 -2.382558e+02 2.391095e+00
      vertex   -3.786840e+01 -2.400725e+02 1.774160e+00
    endloop
  endfacet
  facet normal 5.565021e-01 -1.210596e-01 8.219793e-01
    outer loop
      vertex   -3.786840e+01 -2.400725e+02 1.774160e+00
      vertex   -3.838443e+01 -2.382558e+02 2.391095e+00
      vertex   -3.872493e+01 -2.398210e+02 2.391095e+00
    endloop
  endfacet
  facet normal 5.336092e-01 -1.990259e-01 8.219793e-01
    outer loop
      vertex   -3.786840e+01 -2.400725e+02 1.774160e+00
      vertex   -3.872493e+01 -2.398210e+02 2.391095e+00
      vertex   -3.847271e+01 -2.416927e+02 1.774160e+00
    endloop
  endfacet
  facet normal 5.336092e-01 -1.990259e-01 8.219793e-01
    outer loop
      vertex   -3.847271e+01 -2.416927e+02 1.774160e+00
      vertex   -3.872493e+01 -2.398210e+02 2.391095e+00
      vertex   -3.928473e+01 -2.413219e+02 2.391095e+00
    endloop
  endfacet
  facet normal 4.998535e-01 -2.729406e-01 8.219793e-01
    outer loop
      vertex   -3.847271e+01 -2.416927e+02 1.774160e+00
      vertex   -3.928473e+01 -2.413219e+02 2.391095e+00
      vertex   -3.930144e+01 -2.432104e+02 1.774160e+00
    endloop
  endfacet
  facet normal 4.998535e-01 -2.729406e-01 8.219793e-01
    outer loop
      vertex   -3.930144e+01 -2.432104e+02 1.774160e+00
      vertex   -3.928473e+01 -2.413219e+02 2.391095e+00
      vertex   -4.005242e+01 -2.427278e+02 2.391095e+00
    endloop
  endfacet
  facet normal 4.559222e-01 -3.412991e-01 8.219793e-01
    outer loop
      vertex   -3.930144e+01 -2.432104e+02 1.774160e+00
      vertex   -4.005242e+01 -2.427278e+02 2.391095e+00
      vertex   -4.033773e+01 -2.445948e+02 1.774160e+00
    endloop
  endfacet
  facet normal 4.559222e-01 -3.412991e-01 8.219793e-01
    outer loop
      vertex   -4.033773e+01 -2.445948e+02 1.774160e+00
      vertex   -4.005242e+01 -2.427278e+02 2.391095e+00
      vertex   -4.101238e+01 -2.440102e+02 2.391095e+00
    endloop
  endfacet
  facet normal 4.027096e-01 -4.027096e-01 8.219793e-01
    outer loop
      vertex   -4.033773e+01 -2.445948e+02 1.774160e+00
      vertex   -4.101238e+01 -2.440102e+02 2.391095e+00
      vertex   -4.156048e+01 -2.458175e+02 1.774160e+00
    endloop
  endfacet
  facet normal 4.027096e-01 -4.027096e-01 8.219793e-01
    outer loop
      vertex   -4.156048e+01 -2.458175e+02 1.774160e+00
      vertex   -4.101238e+01 -2.440102e+02 2.391095e+00
      vertex   -4.214507e+01 -2.451429e+02 2.391095e+00
    endloop
  endfacet
  facet normal 3.412991e-01 -4.559222e-01 8.219793e-01
    outer loop
      vertex   -4.156048e+01 -2.458175e+02 1.774160e+00
      vertex   -4.214507e+01 -2.451429e+02 2.391095e+00
      vertex   -4.294480e+01 -2.468538e+02 1.774160e+00
    endloop
  endfacet
  facet normal 3.412991e-01 -4.559222e-01 8.219793e-01
    outer loop
      vertex   -4.294480e+01 -2.468538e+02 1.774160e+00
      vertex   -4.214507e+01 -2.451429e+02 2.391095e+00
      vertex   -4.342743e+01 -2.461028e+02 2.391095e+00
    endloop
  endfacet
  facet normal 2.729406e-01 -4.998535e-01 8.219793e-01
    outer loop
      vertex   -4.294480e+01 -2.468538e+02 1.774160e+00
      vertex   -4.342743e+01 -2.461028e+02 2.391095e+00
      vertex   -4.446251e+01 -2.476825e+02 1.774160e+00
    endloop
  endfacet
  facet normal 2.729406e-01 -4.998535e-01 8.219793e-01
    outer loop
      vertex   -4.446251e+01 -2.476825e+02 1.774160e+00
      vertex   -4.342743e+01 -2.461028e+02 2.391095e+00
      vertex   -4.483335e+01 -2.468705e+02 2.391095e+00
    endloop
  endfacet
  facet normal 1.990259e-01 -5.336092e-01 8.219793e-01
    outer loop
      vertex   -4.446251e+01 -2.476825e+02 1.774160e+00
      vertex   -4.483335e+01 -2.468705e+02 2.391095e+00
      vertex   -4.608271e+01 -2.482868e+02 1.774160e+00
    endloop
  endfacet
  facet normal 1.990259e-01 -5.336092e-01 8.219793e-01
    outer loop
      vertex   -4.608271e+01 -2.482868e+02 1.774160e+00
      vertex   -4.483335e+01 -2.468705e+02 2.391095e+00
      vertex   -4.633421e+01 -2.474303e+02 2.391095e+00
    endloop
  endfacet
  facet normal 1.210596e-01 -5.565021e-01 8.219793e-01
    outer loop
      vertex   -4.608271e+01 -2.482868e+02 1.774160e+00
      vertex   -4.633421e+01 -2.474303e+02 2.391095e+00
      vertex   -4.777243e+01 -2.486544e+02 1.774160e+00
    endloop
  endfacet
  facet normal 1.210596e-01 -5.565021e-01 8.219793e-01
    outer loop
      vertex   -4.777243e+01 -2.486544e+02 1.774160e+00
      vertex   -4.633421e+01 -2.474303e+02 2.391095e+00
      vertex   -4.789947e+01 -2.477708e+02 2.391095e+00
    endloop
  endfacet
  facet normal 3.548117e-01 -2.537664e-02 9.345933e-01
    outer loop
      vertex   -3.827016e+01 -2.366580e+02 2.391095e+00
      vertex   -3.928464e+01 -2.366580e+02 2.776236e+00
      vertex   -3.838443e+01 -2.382558e+02 2.391095e+00
    endloop
  endfacet
  facet normal 3.548117e-01 -2.537664e-02 9.345933e-01
    outer loop
      vertex   -3.838443e+01 -2.382558e+02 2.391095e+00
      vertex   -3.928464e+01 -2.366580e+02 2.776236e+00
      vertex   -3.938859e+01 -2.381114e+02 2.776236e+00
    endloop
  endfacet
  facet normal 3.475888e-01 -7.561331e-02 9.345933e-01
    outer loop
      vertex   -3.838443e+01 -2.382558e+02 2.391095e+00
      vertex   -3.938859e+01 -2.381114e+02 2.776236e+00
      vertex   -3.872493e+01 -2.398210e+02 2.391095e+00
    endloop
  endfacet
  facet normal 3.475888e-01 -7.561331e-02 9.345933e-01
    outer loop
      vertex   -3.872493e+01 -2.398210e+02 2.391095e+00
      vertex   -3.938859e+01 -2.381114e+02 2.776236e+00
      vertex   -3.969832e+01 -2.395352e+02 2.776236e+00
    endloop
  endfacet
  facet normal 3.332899e-01 -1.243107e-01 9.345933e-01
    outer loop
      vertex   -3.872493e+01 -2.398210e+02 2.391095e+00
      vertex   -3.969832e+01 -2.395352e+02 2.776236e+00
      vertex   -3.928473e+01 -2.413219e+02 2.391095e+00
    endloop
  endfacet
  facet normal 3.332899e-01 -1.243107e-01 9.345933e-01
    outer loop
      vertex   -3.928473e+01 -2.413219e+02 2.391095e+00
      vertex   -3.969832e+01 -2.395352e+02 2.776236e+00
      vertex   -4.020753e+01 -2.409005e+02 2.776236e+00
    endloop
  endfacet
  facet normal 3.122063e-01 -1.704775e-01 9.345933e-01
    outer loop
      vertex   -3.928473e+01 -2.413219e+02 2.391095e+00
      vertex   -4.020753e+01 -2.409005e+02 2.776236e+00
      vertex   -4.005242e+01 -2.427278e+02 2.391095e+00
    endloop
  endfacet
  facet normal 3.122063e-01 -1.704775e-01 9.345933e-01
    outer loop
      vertex   -4.005242e+01 -2.427278e+02 2.391095e+00
      vertex   -4.020753e+01 -2.409005e+02 2.776236e+00
      vertex   -4.090586e+01 -2.421794e+02 2.776236e+00
    endloop
  endfacet
  facet normal 2.847670e-01 -2.131739e-01 9.345933e-01
    outer loop
      vertex   -4.005242e+01 -2.427278e+02 2.391095e+00
      vertex   -4.090586e+01 -2.421794e+02 2.776236e+00
      vertex   -4.101238e+01 -2.440102e+02 2.391095e+00
    endloop
  endfacet
  facet normal 2.847670e-01 -2.131739e-01 9.345933e-01
    outer loop
      vertex   -4.101238e+01 -2.440102e+02 2.391095e+00
      vertex   -4.090586e+01 -2.421794e+02 2.776236e+00
      vertex   -4.177907e+01 -2.433458e+02 2.776236e+00
    endloop
  endfacet
  facet normal 2.515306e-01 -2.515306e-01 9.345933e-01
    outer loop
      vertex   -4.101238e+01 -2.440102e+02 2.391095e+00
      vertex   -4.177907e+01 -2.433458e+02 2.776236e+00
      vertex   -4.214507e+01 -2.451429e+02 2.391095e+00
    endloop
  endfacet
  facet normal 2.515306e-01 -2.515306e-01 9.345933e-01
    outer loop
      vertex   -4.214507e+01 -2.451429e+02 2.391095e+00
      vertex   -4.177907e+01 -2.433458e+02 2.776236e+00
      vertex   -4.280941e+01 -2.443762e+02 2.776236e+00
    endloop
  endfacet
  facet normal 2.131739e-01 -2.847670e-01 9.345933e-01
    outer loop
      vertex   -4.214507e+01 -2.451429e+02 2.391095e+00
      vertex   -4.280941e+01 -2.443762e+02 2.776236e+00
      vertex   -4.342743e+01 -2.461028e+02 2.391095e+00
    endloop
  endfacet
  facet normal 2.131739e-01 -2.847670e-01 9.345933e-01
    outer loop
      vertex   -4.342743e+01 -2.461028e+02 2.391095e+00
      vertex   -4.280941e+01 -2.443762e+02 2.776236e+00
      vertex   -4.397590e+01 -2.452494e+02 2.776236e+00
    endloop
  endfacet
  facet normal 1.704775e-01 -3.122063e-01 9.345933e-01
    outer loop
      vertex   -4.342743e+01 -2.461028e+02 2.391095e+00
      vertex   -4.397590e+01 -2.452494e+02 2.776236e+00
      vertex   -4.483335e+01 -2.468705e+02 2.391095e+00
    endloop
  endfacet
  facet normal 1.704775e-01 -3.122063e-01 9.345933e-01
    outer loop
      vertex   -4.483335e+01 -2.468705e+02 2.391095e+00
      vertex   -4.397590e+01 -2.452494e+02 2.776236e+00
      vertex   -4.525478e+01 -2.459477e+02 2.776236e+00
    endloop
  endfacet
  facet normal 1.243107e-01 -3.332899e-01 9.345933e-01
    outer loop
      vertex   -4.483335e+01 -2.468705e+02 2.391095e+00
      vertex   -4.525478e+01 -2.459477e+02 2.776236e+00
      vertex   -4.633421e+01 -2.474303e+02 2.391095e+00
    endloop
  endfacet
  facet normal 1.243107e-01 -3.332899e-01 9.345933e-01
    outer loop
      vertex   -4.633421e+01 -2.474303e+02 2.391095e+00
      vertex   -4.525478e+01 -2.459477e+02 2.776236e+00
      vertex   -4.662003e+01 -2.464569e+02 2.776236e+00
    endloop
  endfacet
  facet normal 7.561331e-02 -3.475888e-01 9.345933e-01
    outer loop
      vertex   -4.633421e+01 -2.474303e+02 2.391095e+00
      vertex   -4.662003e+01 -2.464569e+02 2.776236e+00
      vertex   -4.789947e+01 -2.477708e+02 2.391095e+00
    endloop
  endfacet
  facet normal 7.561331e-02 -3.475888e-01 9.345933e-01
    outer loop
      vertex   -4.789947e+01 -2.477708e+02 2.391095e+00
      vertex   -4.662003e+01 -2.464569e+02 2.776236e+00
      vertex   -4.804384e+01 -2.467667e+02 2.776236e+00
    endloop
  endfacet
  facet normal 1.206458e-01 -8.628761e-03 9.926581e-01
    outer loop
      vertex   -3.928464e+01 -2.366580e+02 2.776236e+00
      vertex   -4.036184e+01 -2.366580e+02 2.907157e+00
      vertex   -3.938859e+01 -2.381114e+02 2.776236e+00
    endloop
  endfacet
  facet normal 1.181355e-01 -1.033552e-02 9.929437e-01
    outer loop
      vertex   -3.938859e+01 -2.381114e+02 2.776236e+00
      vertex   -4.036184e+01 -2.366580e+02 2.907157e+00
      vertex   -4.050063e+01 -2.382443e+02 2.907157e+00
    endloop
  endfacet
  facet normal 1.199598e-01 -2.609565e-02 9.924357e-01
    outer loop
      vertex   -3.938859e+01 -2.381114e+02 2.776236e+00
      vertex   -4.050063e+01 -2.382443e+02 2.907157e+00
      vertex   -3.969832e+01 -2.395352e+02 2.776236e+00
    endloop
  endfacet
  facet normal 1.132371e-01 -3.034178e-02 9.931046e-01
    outer loop
      vertex   -3.969832e+01 -2.395352e+02 2.776236e+00
      vertex   -4.050063e+01 -2.382443e+02 2.907157e+00
      vertex   -4.091277e+01 -2.397825e+02 2.907157e+00
    endloop
  endfacet
  facet normal 1.157681e-01 -4.317928e-02 9.923373e-01
    outer loop
      vertex   -3.969832e+01 -2.395352e+02 2.776236e+00
      vertex   -4.091277e+01 -2.397825e+02 2.907157e+00
      vertex   -4.020753e+01 -2.409005e+02 2.776236e+00
    endloop
  endfacet
  facet normal 1.060056e-01 -4.943122e-02 9.931361e-01
    outer loop
      vertex   -4.020753e+01 -2.409005e+02 2.776236e+00
      vertex   -4.091277e+01 -2.397825e+02 2.907157e+00
      vertex   -4.158575e+01 -2.412257e+02 2.907157e+00
    endloop
  endfacet
  facet normal 1.082117e-01 -5.908803e-02 9.923703e-01
    outer loop
      vertex   -4.020753e+01 -2.409005e+02 2.776236e+00
      vertex   -4.158575e+01 -2.412257e+02 2.907157e+00
      vertex   -4.090586e+01 -2.421794e+02 2.776236e+00
    endloop
  endfacet
  facet normal 9.647156e-02 -6.755012e-02 9.930409e-01
    outer loop
      vertex   -4.090586e+01 -2.421794e+02 2.776236e+00
      vertex   -4.158575e+01 -2.412257e+02 2.907157e+00
      vertex   -4.249912e+01 -2.425301e+02 2.907157e+00
    endloop
  endfacet
  facet normal 9.765192e-02 -7.310131e-02 9.925323e-01
    outer loop
      vertex   -4.090586e+01 -2.421794e+02 2.776236e+00
      vertex   -4.249912e+01 -2.425301e+02 2.907157e+00
      vertex   -4.177907e+01 -2.433458e+02 2.776236e+00
    endloop
  endfacet
  facet normal 8.463574e-02 -8.463574e-02 9.928110e-01
    outer loop
      vertex   -4.177907e+01 -2.433458e+02 2.776236e+00
      vertex   -4.249912e+01 -2.425301e+02 2.907157e+00
      vertex   -4.362512e+01 -2.436561e+02 2.907157e+00
    endloop
  endfacet
  facet normal 8.463574e-02 -8.463574e-02 9.928110e-01
    outer loop
      vertex   -4.177907e+01 -2.433458e+02 2.776236e+00
      vertex   -4.362512e+01 -2.436561e+02 2.907157e+00
      vertex   -4.280941e+01 -2.443762e+02 2.776236e+00
    endloop
  endfacet
  facet normal 7.310131e-02 -9.765192e-02 9.925323e-01
    outer loop
      vertex   -4.280941e+01 -2.443762e+02 2.776236e+00
      vertex   -4.362512e+01 -2.436561e+02 2.907157e+00
      vertex   -4.397590e+01 -2.452494e+02 2.776236e+00
    endloop
  endfacet
  facet normal 6.755012e-02 -9.647156e-02 9.930409e-01
    outer loop
      vertex   -4.362512e+01 -2.436561e+02 2.907157e+00
      vertex   -4.492955e+01 -2.445695e+02 2.907157e+00
      vertex   -4.397590e+01 -2.452494e+02 2.776236e+00
    endloop
  endfacet
  facet normal 5.908803e-02 -1.082117e-01 9.923703e-01
    outer loop
      vertex   -4.397590e+01 -2.452494e+02 2.776236e+00
      vertex   -4.492955e+01 -2.445695e+02 2.907157e+00
      vertex   -4.525478e+01 -2.459477e+02 2.776236e+00
    endloop
  endfacet
  facet normal 4.943122e-02 -1.060056e-01 9.931361e-01
    outer loop
      vertex   -4.492955e+01 -2.445695e+02 2.907157e+00
      vertex   -4.637276e+01 -2.452425e+02 2.907157e+00
      vertex   -4.525478e+01 -2.459477e+02 2.776236e+00
    endloop
  endfacet
  facet normal 4.317928e-02 -1.157681e-01 9.923373e-01
    outer loop
      vertex   -4.525478e+01 -2.459477e+02 2.776236e+00
      vertex   -4.637276e+01 -2.452425e+02 2.907157e+00
      vertex   -4.662003e+01 -2.464569e+02 2.776236e+00
    endloop
  endfacet
  facet normal 3.034178e-02 -1.132371e-01 9.931046e-01
    outer loop
      vertex   -4.637276e+01 -2.452425e+02 2.907157e+00
      vertex   -4.791090e+01 -2.456546e+02 2.907157e+00
      vertex   -4.662003e+01 -2.464569e+02 2.776236e+00
    endloop
  endfacet
  facet normal 2.609565e-02 -1.199598e-01 9.924357e-01
    outer loop
      vertex   -4.662003e+01 -2.464569e+02 2.776236e+00
      vertex   -4.791090e+01 -2.456546e+02 2.907157e+00
      vertex   -4.804384e+01 -2.467667e+02 2.776236e+00
    endloop
  endfacet
  facet normal 8.292131e-01 3.121959e-01 4.636155e-01
    outer loop
      vertex   -4.186355e+01 -3.308738e+01 0.000000e+00
      vertex   -4.232851e+01 -3.328003e+01 9.613532e-01
      vertex   -4.013499e+01 -3.767856e+01 0.000000e+00
    endloop
  endfacet
  facet normal 8.292131e-01 3.121959e-01 4.636155e-01
    outer loop
      vertex   -4.013499e+01 -3.767856e+01 0.000000e+00
      vertex   -4.232851e+01 -3.328003e+01 9.613532e-01
      vertex   -4.061156e+01 -3.784038e+01 9.613532e-01
    endloop
  endfacet
  facet normal 8.478613e-01 2.572777e-01 4.636155e-01
    outer loop
      vertex   -4.013499e+01 -3.767856e+01 0.000000e+00
      vertex   -4.061156e+01 -3.784038e+01 9.613532e-01
      vertex   -3.871050e+01 -4.237299e+01 0.000000e+00
    endloop
  endfacet
  facet normal 8.478613e-01 2.572777e-01 4.636155e-01
    outer loop
      vertex   -3.871050e+01 -4.237299e+01 0.000000e+00
      vertex   -4.061156e+01 -3.784038e+01 9.613532e-01
      vertex   -3.919663e+01 -4.250329e+01 9.613532e-01
    endloop
  endfacet
  facet normal 8.628767e-01 2.012571e-01 4.636155e-01
    outer loop
      vertex   -3.871050e+01 -4.237299e+01 0.000000e+00
      vertex   -3.919663e+01 -4.250329e+01 9.613532e-01
      vertex   -3.759618e+01 -4.715056e+01 0.000000e+00
    endloop
  endfacet
  facet normal 8.628767e-01 2.012571e-01 4.636155e-01
    outer loop
      vertex   -3.759618e+01 -4.715056e+01 0.000000e+00
      vertex   -3.919663e+01 -4.250329e+01 9.613532e-01
      vertex   -3.808980e+01 -4.724877e+01 9.613532e-01
    endloop
  endfacet
  facet normal 8.741949e-01 1.443742e-01 4.636155e-01
    outer loop
      vertex   -3.759618e+01 -4.715056e+01 0.000000e+00
      vertex   -3.808980e+01 -4.724877e+01 9.613532e-01
      vertex   -3.679681e+01 -5.199079e+01 0.000000e+00
    endloop
  endfacet
  facet normal 8.741949e-01 1.443742e-01 4.636155e-01
    outer loop
      vertex   -3.679681e+01 -5.199079e+01 0.000000e+00
      vertex   -3.808980e+01 -4.724877e+01 9.613532e-01
      vertex   -3.729579e+01 -5.205650e+01 9.613532e-01
    endloop
  endfacet
  facet normal 8.817674e-01 8.687273e-02 4.636155e-01
    outer loop
      vertex   -3.679681e+01 -5.199079e+01 0.000000e+00
      vertex   -3.729579e+01 -5.205650e+01 9.613532e-01
      vertex   -3.631581e+01 -5.687295e+01 0.000000e+00
    endloop
  endfacet
  facet normal 8.817674e-01 8.687273e-02 4.636155e-01
    outer loop
      vertex   -3.631581e+01 -5.687295e+01 0.000000e+00
      vertex   -3.729579e+01 -5.205650e+01 9.613532e-01
      vertex   -3.681803e+01 -5.690588e+01 9.613532e-01
    endloop
  endfacet
  facet normal 8.855618e-01 2.899899e-02 4.636155e-01
    outer loop
      vertex   -3.631581e+01 -5.687295e+01 0.000000e+00
      vertex   -3.681803e+01 -5.690588e+01 9.613532e-01
      vertex   -3.615525e+01 -6.177613e+01 0.000000e+00
    endloop
  endfacet
  facet normal 8.855618e-01 2.899899e-02 4.636155e-01
    outer loop
      vertex   -3.615525e+01 -6.177613e+01 0.000000e+00
      vertex   -3.681803e+01 -5.690588e+01 9.613532e-01
      vertex   -3.665854e+01 -6.177613e+01 9.613532e-01
    endloop
  endfacet
  facet normal 7.488167e-01 2.452108e-02 6.623233e-01
    outer loop
      vertex   -3.665854e+01 -6.177613e+01 9.613532e-01
      vertex   -3.681803e+01 -5.690588e+01 9.613532e-01
      vertex   -3.753541e+01 -5.695292e+01 1.774160e+00
    endloop
  endfacet
  facet normal 7.488167e-01 2.452108e-02 6.623233e-01
    outer loop
      vertex   -3.665854e+01 -6.177613e+01 9.613532e-01
      vertex   -3.753541e+01 -5.695292e+01 1.774160e+00
      vertex   -3.737747e+01 -6.177613e+01 1.774160e+00
    endloop
  endfacet
  facet normal 5.684373e-01 1.861430e-02 8.225160e-01
    outer loop
      vertex   -3.737747e+01 -6.177613e+01 1.774160e+00
      vertex   -3.753541e+01 -5.695292e+01 1.774160e+00
      vertex   -3.842619e+01 -5.701132e+01 2.391095e+00
    endloop
  endfacet
  facet normal 5.684373e-01 1.861430e-02 8.225160e-01
    outer loop
      vertex   -3.737747e+01 -6.177613e+01 1.774160e+00
      vertex   -3.842619e+01 -5.701132e+01 2.391095e+00
      vertex   -3.827016e+01 -6.177613e+01 2.391095e+00
    endloop
  endfacet
  facet normal 3.549021e-01 1.162178e-02 9.348313e-01
    outer loop
      vertex   -3.827016e+01 -6.177613e+01 2.391095e+00
      vertex   -3.842619e+01 -5.701132e+01 2.391095e+00
      vertex   -3.943850e+01 -5.707769e+01 2.776236e+00
    endloop
  endfacet
  facet normal 3.549021e-01 1.162178e-02 9.348313e-01
    outer loop
      vertex   -3.827016e+01 -6.177613e+01 2.391095e+00
      vertex   -3.943850e+01 -5.707769e+01 2.776236e+00
      vertex   -3.928464e+01 -6.177613e+01 2.776236e+00
    endloop
  endfacet
  facet normal 1.206494e-01 3.950838e-03 9.926873e-01
    outer loop
      vertex   -3.928464e+01 -6.177613e+01 2.776236e+00
      vertex   -3.943850e+01 -5.707769e+01 2.776236e+00
      vertex   -4.051339e+01 -5.714816e+01 2.907157e+00
    endloop
  endfacet
  facet normal 1.206494e-01 3.950838e-03 9.926873e-01
    outer loop
      vertex   -3.928464e+01 -6.177613e+01 2.776236e+00
      vertex   -4.051339e+01 -5.714816e+01 2.907157e+00
      vertex   -4.036184e+01 -6.177613e+01 2.907157e+00
    endloop
  endfacet
  facet normal 7.011692e-01 2.639878e-01 6.623233e-01
    outer loop
      vertex   -4.232851e+01 -3.328003e+01 9.613532e-01
      vertex   -4.299268e+01 -3.355523e+01 1.774160e+00
      vertex   -4.061156e+01 -3.784038e+01 9.613532e-01
    endloop
  endfacet
  facet normal 7.011692e-01 2.639878e-01 6.623233e-01
    outer loop
      vertex   -4.061156e+01 -3.784038e+01 9.613532e-01
      vertex   -4.299268e+01 -3.355523e+01 1.774160e+00
      vertex   -4.129231e+01 -3.807154e+01 1.774160e+00
    endloop
  endfacet
  facet normal 7.169378e-01 2.175499e-01 6.623233e-01
    outer loop
      vertex   -4.061156e+01 -3.784038e+01 9.613532e-01
      vertex   -4.129231e+01 -3.807154e+01 1.774160e+00
      vertex   -3.919663e+01 -4.250329e+01 9.613532e-01
    endloop
  endfacet
  facet normal 7.169378e-01 2.175499e-01 6.623233e-01
    outer loop
      vertex   -3.919663e+01 -4.250329e+01 9.613532e-01
      vertex   -4.129231e+01 -3.807154e+01 1.774160e+00
      vertex   -3.989104e+01 -4.268941e+01 1.774160e+00
    endloop
  endfacet
  facet normal 7.296346e-01 1.701798e-01 6.623233e-01
    outer loop
      vertex   -3.919663e+01 -4.250329e+01 9.613532e-01
      vertex   -3.989104e+01 -4.268941e+01 1.774160e+00
      vertex   -3.808980e+01 -4.724877e+01 9.613532e-01
    endloop
  endfacet
  facet normal 7.296346e-01 1.701798e-01 6.623233e-01
    outer loop
      vertex   -3.808980e+01 -4.724877e+01 9.613532e-01
      vertex   -3.989104e+01 -4.268941e+01 1.774160e+00
      vertex   -3.879490e+01 -4.738907e+01 1.774160e+00
    endloop
  endfacet
  facet normal 7.392051e-01 1.220805e-01 6.623233e-01
    outer loop
      vertex   -3.808980e+01 -4.724877e+01 9.613532e-01
      vertex   -3.879490e+01 -4.738907e+01 1.774160e+00
      vertex   -3.729579e+01 -5.205650e+01 9.613532e-01
    endloop
  endfacet
  facet normal 7.392051e-01 1.220805e-01 6.623233e-01
    outer loop
      vertex   -3.729579e+01 -5.205650e+01 9.613532e-01
      vertex   -3.879490e+01 -4.738907e+01 1.774160e+00
      vertex   -3.800856e+01 -5.215037e+01 1.774160e+00
    endloop
  endfacet
  facet normal 7.456083e-01 7.345817e-02 6.623233e-01
    outer loop
      vertex   -3.729579e+01 -5.205650e+01 9.613532e-01
      vertex   -3.800856e+01 -5.215037e+01 1.774160e+00
      vertex   -3.681803e+01 -5.690588e+01 9.613532e-01
    endloop
  endfacet
  facet normal 7.456083e-01 7.345817e-02 6.623233e-01
    outer loop
      vertex   -3.681803e+01 -5.690588e+01 9.613532e-01
      vertex   -3.800856e+01 -5.215037e+01 1.774160e+00
      vertex   -3.753541e+01 -5.695292e+01 1.774160e+00
    endloop
  endfacet
  facet normal 5.322673e-01 2.003969e-01 8.225160e-01
    outer loop
      vertex   -4.299268e+01 -3.355523e+01 1.774160e+00
      vertex   -4.381738e+01 -3.389695e+01 2.391095e+00
      vertex   -4.129231e+01 -3.807154e+01 1.774160e+00
    endloop
  endfacet
  facet normal 5.322673e-01 2.003969e-01 8.225160e-01
    outer loop
      vertex   -4.129231e+01 -3.807154e+01 1.774160e+00
      vertex   -4.381738e+01 -3.389695e+01 2.391095e+00
      vertex   -4.213759e+01 -3.835857e+01 2.391095e+00
    endloop
  endfacet
  facet normal 5.442375e-01 1.651452e-01 8.225160e-01
    outer loop
      vertex   -4.129231e+01 -3.807154e+01 1.774160e+00
      vertex   -4.213759e+01 -3.835857e+01 2.391095e+00
      vertex   -3.989104e+01 -4.268941e+01 1.774160e+00
    endloop
  endfacet
  facet normal 5.442375e-01 1.651452e-01 8.225160e-01
    outer loop
      vertex   -3.989104e+01 -4.268941e+01 1.774160e+00
      vertex   -4.213759e+01 -3.835857e+01 2.391095e+00
      vertex   -4.075330e+01 -4.292053e+01 2.391095e+00
    endloop
  endfacet
  facet normal 5.538758e-01 1.291859e-01 8.225160e-01
    outer loop
      vertex   -3.989104e+01 -4.268941e+01 1.774160e+00
      vertex   -4.075330e+01 -4.292053e+01 2.391095e+00
      vertex   -3.879490e+01 -4.738907e+01 1.774160e+00
    endloop
  endfacet
  facet normal 5.538758e-01 1.291859e-01 8.225160e-01
    outer loop
      vertex   -3.879490e+01 -4.738907e+01 1.774160e+00
      vertex   -4.075330e+01 -4.292053e+01 2.391095e+00
      vertex   -3.967042e+01 -4.756328e+01 2.391095e+00
    endloop
  endfacet
  facet normal 5.611409e-01 9.267303e-02 8.225160e-01
    outer loop
      vertex   -3.879490e+01 -4.738907e+01 1.774160e+00
      vertex   -3.967042e+01 -4.756328e+01 2.391095e+00
      vertex   -3.800856e+01 -5.215037e+01 1.774160e+00
    endloop
  endfacet
  facet normal 5.611409e-01 9.267303e-02 8.225160e-01
    outer loop
      vertex   -3.800856e+01 -5.215037e+01 1.774160e+00
      vertex   -3.967042e+01 -4.756328e+01 2.391095e+00
      vertex   -3.889361e+01 -5.226693e+01 2.391095e+00
    endloop
  endfacet
  facet normal 5.660017e-01 5.576313e-02 8.225160e-01
    outer loop
      vertex   -3.800856e+01 -5.215037e+01 1.774160e+00
      vertex   -3.889361e+01 -5.226693e+01 2.391095e+00
      vertex   -3.753541e+01 -5.695292e+01 1.774160e+00
    endloop
  endfacet
  facet normal 5.660017e-01 5.576313e-02 8.225160e-01
    outer loop
      vertex   -3.753541e+01 -5.695292e+01 1.774160e+00
      vertex   -3.889361e+01 -5.226693e+01 2.391095e+00
      vertex   -3.842619e+01 -5.701132e+01 2.391095e+00
    endloop
  endfacet
  facet normal 3.323195e-01 1.251172e-01 9.348313e-01
    outer loop
      vertex   -4.381738e+01 -3.389695e+01 2.391095e+00
      vertex   -4.475459e+01 -3.428528e+01 2.776236e+00
      vertex   -4.213759e+01 -3.835857e+01 2.391095e+00
    endloop
  endfacet
  facet normal 3.323195e-01 1.251172e-01 9.348313e-01
    outer loop
      vertex   -4.213759e+01 -3.835857e+01 2.391095e+00
      vertex   -4.475459e+01 -3.428528e+01 2.776236e+00
      vertex   -4.309820e+01 -3.868476e+01 2.776236e+00
    endloop
  endfacet
  facet normal 3.397930e-01 1.031079e-01 9.348313e-01
    outer loop
      vertex   -4.213759e+01 -3.835857e+01 2.391095e+00
      vertex   -4.309820e+01 -3.868476e+01 2.776236e+00
      vertex   -4.075330e+01 -4.292053e+01 2.391095e+00
    endloop
  endfacet
  facet normal 3.397930e-01 1.031079e-01 9.348313e-01
    outer loop
      vertex   -4.075330e+01 -4.292053e+01 2.391095e+00
      vertex   -4.309820e+01 -3.868476e+01 2.776236e+00
      vertex   -4.173319e+01 -4.318317e+01 2.776236e+00
    endloop
  endfacet
  facet normal 3.458107e-01 8.065679e-02 9.348313e-01
    outer loop
      vertex   -4.075330e+01 -4.292053e+01 2.391095e+00
      vertex   -4.173319e+01 -4.318317e+01 2.776236e+00
      vertex   -3.967042e+01 -4.756328e+01 2.391095e+00
    endloop
  endfacet
  facet normal 3.458107e-01 8.065679e-02 9.348313e-01
    outer loop
      vertex   -3.967042e+01 -4.756328e+01 2.391095e+00
      vertex   -4.173319e+01 -4.318317e+01 2.776236e+00
      vertex   -4.066540e+01 -4.776125e+01 2.776236e+00
    endloop
  endfacet
  facet normal 3.503466e-01 5.786012e-02 9.348313e-01
    outer loop
      vertex   -3.967042e+01 -4.756328e+01 2.391095e+00
      vertex   -4.066540e+01 -4.776125e+01 2.776236e+00
      vertex   -3.889361e+01 -5.226693e+01 2.391095e+00
    endloop
  endfacet
  facet normal 3.503466e-01 5.786012e-02 9.348313e-01
    outer loop
      vertex   -3.889361e+01 -5.226693e+01 2.391095e+00
      vertex   -4.066540e+01 -4.776125e+01 2.776236e+00
      vertex   -3.989941e+01 -5.239938e+01 2.776236e+00
    endloop
  endfacet
  facet normal 3.533814e-01 3.481554e-02 9.348313e-01
    outer loop
      vertex   -3.889361e+01 -5.226693e+01 2.391095e+00
      vertex   -3.989941e+01 -5.239938e+01 2.776236e+00
      vertex   -3.842619e+01 -5.701132e+01 2.391095e+00
    endloop
  endfacet
  facet normal 3.533814e-01 3.481554e-02 9.348313e-01
    outer loop
      vertex   -3.842619e+01 -5.701132e+01 2.391095e+00
      vertex   -3.989941e+01 -5.239938e+01 2.776236e+00
      vertex   -3.943850e+01 -5.707769e+01 2.776236e+00
    endloop
  endfacet
  facet normal 1.129724e-01 4.253373e-02 9.926873e-01
    outer loop
      vertex   -4.475459e+01 -3.428528e+01 2.776236e+00
      vertex   -4.574975e+01 -3.469763e+01 2.907157e+00
      vertex   -4.309820e+01 -3.868476e+01 2.776236e+00
    endloop
  endfacet
  facet normal 1.129724e-01 4.253373e-02 9.926873e-01
    outer loop
      vertex   -4.309820e+01 -3.868476e+01 2.776236e+00
      vertex   -4.574975e+01 -3.469763e+01 2.907157e+00
      vertex   -4.411821e+01 -3.903111e+01 2.907157e+00
    endloop
  endfacet
  facet normal 1.155131e-01 3.505165e-02 9.926873e-01
    outer loop
      vertex   -4.309820e+01 -3.868476e+01 2.776236e+00
      vertex   -4.411821e+01 -3.903111e+01 2.907157e+00
      vertex   -4.173319e+01 -4.318317e+01 2.776236e+00
    endloop
  endfacet
  facet normal 1.155131e-01 3.505165e-02 9.926873e-01
    outer loop
      vertex   -4.173319e+01 -4.318317e+01 2.776236e+00
      vertex   -4.411821e+01 -3.903111e+01 2.907157e+00
      vertex   -4.277367e+01 -4.346205e+01 2.907157e+00
    endloop
  endfacet
  facet normal 1.175588e-01 2.741938e-02 9.926873e-01
    outer loop
      vertex   -4.173319e+01 -4.318317e+01 2.776236e+00
      vertex   -4.277367e+01 -4.346205e+01 2.907157e+00
      vertex   -4.066540e+01 -4.776125e+01 2.776236e+00
    endloop
  endfacet
  facet normal 1.175588e-01 2.741938e-02 9.926873e-01
    outer loop
      vertex   -4.066540e+01 -4.776125e+01 2.776236e+00
      vertex   -4.277367e+01 -4.346205e+01 2.907157e+00
      vertex   -4.172189e+01 -4.797147e+01 2.907157e+00
    endloop
  endfacet
  facet normal 1.191008e-01 1.966962e-02 9.926873e-01
    outer loop
      vertex   -4.066540e+01 -4.776125e+01 2.776236e+00
      vertex   -4.172189e+01 -4.797147e+01 2.907157e+00
      vertex   -3.989941e+01 -5.239938e+01 2.776236e+00
    endloop
  endfacet
  facet normal 1.191008e-01 1.966962e-02 9.926873e-01
    outer loop
      vertex   -3.989941e+01 -5.239938e+01 2.776236e+00
      vertex   -4.172189e+01 -4.797147e+01 2.907157e+00
      vertex   -4.096739e+01 -5.254003e+01 2.907157e+00
    endloop
  endfacet
  facet normal 1.201324e-01 1.183559e-02 9.926873e-01
    outer loop
      vertex   -3.989941e+01 -5.239938e+01 2.776236e+00
      vertex   -4.096739e+01 -5.254003e+01 2.907157e+00
      vertex   -3.943850e+01 -5.707769e+01 2.776236e+00
    endloop
  endfacet
  facet normal 1.201324e-01 1.183559e-02 9.926873e-01
    outer loop
      vertex   -3.943850e+01 -5.707769e+01 2.776236e+00
      vertex   -4.096739e+01 -5.254003e+01 2.907157e+00
      vertex   -4.051339e+01 -5.714816e+01 2.907157e+00
    endloop
  endfacet
  facet normal -1.313630e-16 -1.206503e-01 9.926951e-01
    outer loop
      vertex   -4.949725e+01 -2.457934e+02 2.907157e+00
      vertex   -7.560116e+01 -2.457934e+02 2.907157e+00
      vertex   -6.254921e+01 -2.468706e+02 2.776236e+00
    endloop
  endfacet
  facet normal 1.418599e-15 -1.206503e-01 9.926951e-01
    outer loop
      vertex   -6.254921e+01 -2.468706e+02 2.776236e+00
      vertex   -7.560116e+01 -2.457934e+02 2.907157e+00
      vertex   -7.560116e+01 -2.468706e+02 2.776236e+00
    endloop
  endfacet
  facet normal 1.336000e-15 -3.549260e-01 9.348944e-01
    outer loop
      vertex   -6.254921e+01 -2.468706e+02 2.776236e+00
      vertex   -7.560116e+01 -2.468706e+02 2.776236e+00
      vertex   -6.254921e+01 -2.478851e+02 2.391095e+00
    endloop
  endfacet
  facet normal 1.463238e-15 -3.549260e-01 9.348944e-01
    outer loop
      vertex   -6.254921e+01 -2.478851e+02 2.391095e+00
      vertex   -7.560116e+01 -2.468706e+02 2.776236e+00
      vertex   -7.560116e+01 -2.478851e+02 2.391095e+00
    endloop
  endfacet
  facet normal 1.287574e-15 -5.685358e-01 8.226585e-01
    outer loop
      vertex   -6.254921e+01 -2.478851e+02 2.391095e+00
      vertex   -7.560116e+01 -2.478851e+02 2.391095e+00
      vertex   -6.254921e+01 -2.487778e+02 1.774160e+00
    endloop
  endfacet
  facet normal 9.376895e-16 -5.685358e-01 8.226585e-01
    outer loop
      vertex   -6.254921e+01 -2.487778e+02 1.774160e+00
      vertex   -7.560116e+01 -2.478851e+02 2.391095e+00
      vertex   -7.560116e+01 -2.487778e+02 1.774160e+00
    endloop
  endfacet
  facet normal 7.551620e-16 -7.490420e-01 6.625226e-01
    outer loop
      vertex   -6.254921e+01 -2.487778e+02 1.774160e+00
      vertex   -7.560116e+01 -2.487778e+02 1.774160e+00
      vertex   -6.254921e+01 -2.494967e+02 9.613532e-01
    endloop
  endfacet
  facet normal 8.171529e-16 -7.490420e-01 6.625226e-01
    outer loop
      vertex   -6.254921e+01 -2.494967e+02 9.613532e-01
      vertex   -7.560116e+01 -2.487778e+02 1.774160e+00
      vertex   -7.560116e+01 -2.494967e+02 9.613532e-01
    endloop
  endfacet
  facet normal 5.720622e-16 -8.859344e-01 4.638105e-01
    outer loop
      vertex   -6.254921e+01 -2.494967e+02 9.613532e-01
      vertex   -7.560116e+01 -2.494967e+02 9.613532e-01
      vertex   -7.560116e+01 -2.500000e+02 0.000000e+00
    endloop
  endfacet
  facet normal 0.000000e+00 -8.859344e-01 4.638105e-01
    outer loop
      vertex   -7.560116e+01 -2.500000e+02 0.000000e+00
      vertex   -4.949725e+01 -2.500000e+02 0.000000e+00
      vertex   -6.254921e+01 -2.494967e+02 9.613532e-01
    endloop
  endfacet
  facet normal -2.797152e-15 -8.859344e-01 4.638105e-01
    outer loop
      vertex   -6.254921e+01 -2.494967e+02 9.613532e-01
      vertex   -4.949725e+01 -2.500000e+02 0.000000e+00
      vertex   -4.949725e+01 -2.494967e+02 9.613532e-01
    endloop
  endfacet
  facet normal -2.870919e-15 -7.490420e-01 6.625226e-01
    outer loop
      vertex   -6.254921e+01 -2.494967e+02 9.613532e-01
      vertex   -4.949725e+01 -2.494967e+02 9.613532e-01
      vertex   -6.254921e+01 -2.487778e+02 1.774160e+00
    endloop
  endfacet
  facet normal -2.645497e-15 -7.490420e-01 6.625226e-01
    outer loop
      vertex   -6.254921e+01 -2.487778e+02 1.774160e+00
      vertex   -4.949725e+01 -2.494967e+02 9.613532e-01
      vertex   -4.949725e+01 -2.487778e+02 1.774160e+00
    endloop
  endfacet
  facet normal -2.497616e-15 -5.685358e-01 8.226585e-01
    outer loop
      vertex   -6.254921e+01 -2.487778e+02 1.774160e+00
      vertex   -4.949725e+01 -2.487778e+02 1.774160e+00
      vertex   -6.254921e+01 -2.478851e+02 2.391095e+00
    endloop
  endfacet
  facet normal -2.665561e-15 -5.685358e-01 8.226585e-01
    outer loop
      vertex   -6.254921e+01 -2.478851e+02 2.391095e+00
      vertex   -4.949725e+01 -2.487778e+02 1.774160e+00
      vertex   -4.949725e+01 -2.478851e+02 2.391095e+00
    endloop
  endfacet
  facet normal -2.395167e-15 -3.549260e-01 9.348944e-01
    outer loop
      vertex   -6.254921e+01 -2.478851e+02 2.391095e+00
      vertex   -4.949725e+01 -2.478851e+02 2.391095e+00
      vertex   -6.254921e+01 -2.468706e+02 2.776236e+00
    endloop
  endfacet
  facet normal -2.913571e-15 -3.549260e-01 9.348944e-01
    outer loop
      vertex   -6.254921e+01 -2.468706e+02 2.776236e+00
      vertex   -4.949725e+01 -2.478851e+02 2.391095e+00
      vertex   -4.949725e+01 -2.468706e+02 2.776236e+00
    endloop
  endfacet
  facet normal -1.977828e-15 -1.206503e-01 9.926951e-01
    outer loop
      vertex   -6.254921e+01 -2.468706e+02 2.776236e+00
      vertex   -4.949725e+01 -2.468706e+02 2.776236e+00
      vertex   -4.949725e+01 -2.457934e+02 2.907157e+00
    endloop
  endfacet
  facet normal 8.184567e-01 3.391288e-01 4.638105e-01
    outer loop
      vertex   -4.186355e+01 -3.308738e+01 0.000000e+00
      vertex   -5.199233e+01 -8.642488e+00 0.000000e+00
      vertex   -4.739290e+01 -2.105759e+01 9.613532e-01
    endloop
  endfacet
  facet normal 8.184567e-01 3.391288e-01 4.638105e-01
    outer loop
      vertex   -4.739290e+01 -2.105759e+01 9.613532e-01
      vertex   -5.199233e+01 -8.642488e+00 0.000000e+00
      vertex   -5.245729e+01 -8.835145e+00 9.613532e-01
    endloop
  endfacet
  facet normal 6.919908e-01 2.867275e-01 6.625226e-01
    outer loop
      vertex   -4.739290e+01 -2.105759e+01 9.613532e-01
      vertex   -5.245729e+01 -8.835145e+00 9.613532e-01
      vertex   -4.805707e+01 -2.133279e+01 1.774160e+00
    endloop
  endfacet
  facet normal 6.919908e-01 2.867275e-01 6.625226e-01
    outer loop
      vertex   -4.805707e+01 -2.133279e+01 1.774160e+00
      vertex   -5.245729e+01 -8.835145e+00 9.613532e-01
      vertex   -5.312146e+01 -9.110343e+00 1.774160e+00
    endloop
  endfacet
  facet normal 5.252329e-01 2.176311e-01 8.226585e-01
    outer loop
      vertex   -4.805707e+01 -2.133279e+01 1.774160e+00
      vertex   -5.312146e+01 -9.110343e+00 1.774160e+00
      vertex   -4.888177e+01 -2.167450e+01 2.391095e+00
    endloop
  endfacet
  facet normal 5.252329e-01 2.176311e-01 8.226585e-01
    outer loop
      vertex   -4.888177e+01 -2.167450e+01 2.391095e+00
      vertex   -5.312146e+01 -9.110343e+00 1.774160e+00
      vertex   -5.394616e+01 -9.452058e+00 2.391095e+00
    endloop
  endfacet
  facet normal 3.278929e-01 1.358629e-01 9.348944e-01
    outer loop
      vertex   -4.888177e+01 -2.167450e+01 2.391095e+00
      vertex   -5.394616e+01 -9.452058e+00 2.391095e+00
      vertex   -4.981898e+01 -2.206284e+01 2.776236e+00
    endloop
  endfacet
  facet normal 3.278929e-01 1.358629e-01 9.348944e-01
    outer loop
      vertex   -4.981898e+01 -2.206284e+01 2.776236e+00
      vertex   -5.394616e+01 -9.452058e+00 2.391095e+00
      vertex   -5.488337e+01 -9.840394e+00 2.776236e+00
    endloop
  endfacet
  facet normal 1.114609e-01 4.618401e-02 9.926951e-01
    outer loop
      vertex   -4.981898e+01 -2.206284e+01 2.776236e+00
      vertex   -5.488337e+01 -9.840394e+00 2.776236e+00
      vertex   -5.587853e+01 -1.025274e+01 2.907157e+00
    endloop
  endfacet
  facet normal 1.114609e-01 4.618401e-02 9.926951e-01
    outer loop
      vertex   -5.587853e+01 -1.025274e+01 2.907157e+00
      vertex   -4.574975e+01 -3.469763e+01 2.907157e+00
      vertex   -4.981898e+01 -2.206284e+01 2.776236e+00
    endloop
  endfacet
  facet normal 1.114609e-01 4.618401e-02 9.926951e-01
    outer loop
      vertex   -4.981898e+01 -2.206284e+01 2.776236e+00
      vertex   -4.574975e+01 -3.469763e+01 2.907157e+00
      vertex   -4.475459e+01 -3.428528e+01 2.776236e+00
    endloop
  endfacet
  facet normal 3.278929e-01 1.358629e-01 9.348944e-01
    outer loop
      vertex   -4.981898e+01 -2.206284e+01 2.776236e+00
      vertex   -4.475459e+01 -3.428528e+01 2.776236e+00
      vertex   -4.888177e+01 -2.167450e+01 2.391095e+00
    endloop
  endfacet
  facet normal 3.278929e-01 1.358629e-01 9.348944e-01
    outer loop
      vertex   -4.888177e+01 -2.167450e+01 2.391095e+00
      vertex   -4.475459e+01 -3.428528e+01 2.776236e+00
      vertex   -4.381738e+01 -3.389695e+01 2.391095e+00
    endloop
  endfacet
  facet normal 5.252329e-01 2.176311e-01 8.226585e-01
    outer loop
      vertex   -4.888177e+01 -2.167450e+01 2.391095e+00
      vertex   -4.381738e+01 -3.389695e+01 2.391095e+00
      vertex   -4.805707e+01 -2.133279e+01 1.774160e+00
    endloop
  endfacet
  facet normal 5.252329e-01 2.176311e-01 8.226585e-01
    outer loop
      vertex   -4.805707e+01 -2.133279e+01 1.774160e+00
      vertex   -4.381738e+01 -3.389695e+01 2.391095e+00
      vertex   -4.299268e+01 -3.355523e+01 1.774160e+00
    endloop
  endfacet
  facet normal 6.919908e-01 2.867275e-01 6.625226e-01
    outer loop
      vertex   -4.805707e+01 -2.133279e+01 1.774160e+00
      vertex   -4.299268e+01 -3.355523e+01 1.774160e+00
      vertex   -4.739290e+01 -2.105759e+01 9.613532e-01
    endloop
  endfacet
  facet normal 6.919908e-01 2.867275e-01 6.625226e-01
    outer loop
      vertex   -4.739290e+01 -2.105759e+01 9.613532e-01
      vertex   -4.299268e+01 -3.355523e+01 1.774160e+00
      vertex   -4.232851e+01 -3.328003e+01 9.613532e-01
    endloop
  endfacet
  facet normal 8.184567e-01 3.391288e-01 4.638105e-01
    outer loop
      vertex   -4.739290e+01 -2.105759e+01 9.613532e-01
      vertex   -4.232851e+01 -3.328003e+01 9.613532e-01
      vertex   -4.186355e+01 -3.308738e+01 0.000000e+00
    endloop
  endfacet
  facet normal -1.180329e-01 -1.032654e-02 9.929560e-01
    outer loop
      vertex   -8.501830e+01 -2.378915e+02 2.907157e+00
      vertex   -8.516357e+01 -2.362310e+02 2.907157e+00
      vertex   -8.613248e+01 -2.377452e+02 2.776236e+00
    endloop
  endfacet
  facet normal -1.206458e-01 -8.628761e-03 9.926581e-01
    outer loop
      vertex   -8.613248e+01 -2.377452e+02 2.776236e+00
      vertex   -8.516357e+01 -2.362310e+02 2.907157e+00
      vertex   -8.624077e+01 -2.362310e+02 2.776236e+00
    endloop
  endfacet
  facet normal -3.548117e-01 -2.537664e-02 9.345933e-01
    outer loop
      vertex   -8.613248e+01 -2.377452e+02 2.776236e+00
      vertex   -8.624077e+01 -2.362310e+02 2.776236e+00
      vertex   -8.725525e+01 -2.362310e+02 2.391095e+00
    endloop
  endfacet
  facet normal -3.548117e-01 -2.537664e-02 9.345933e-01
    outer loop
      vertex   -8.613248e+01 -2.377452e+02 2.776236e+00
      vertex   -8.725525e+01 -2.362310e+02 2.391095e+00
      vertex   -8.713663e+01 -2.378896e+02 2.391095e+00
    endloop
  endfacet
  facet normal -5.680663e-01 -4.062891e-02 8.219793e-01
    outer loop
      vertex   -8.713663e+01 -2.378896e+02 2.391095e+00
      vertex   -8.725525e+01 -2.362310e+02 2.391095e+00
      vertex   -8.814794e+01 -2.362310e+02 1.774160e+00
    endloop
  endfacet
  facet normal -5.680663e-01 -4.062891e-02 8.219793e-01
    outer loop
      vertex   -8.713663e+01 -2.378896e+02 2.391095e+00
      vertex   -8.814794e+01 -2.362310e+02 1.774160e+00
      vertex   -8.802024e+01 -2.380166e+02 1.774160e+00
    endloop
  endfacet
  facet normal -7.479694e-01 -5.349583e-02 6.615739e-01
    outer loop
      vertex   -8.802024e+01 -2.380166e+02 1.774160e+00
      vertex   -8.814794e+01 -2.362310e+02 1.774160e+00
      vertex   -8.886687e+01 -2.362310e+02 9.613532e-01
    endloop
  endfacet
  facet normal -7.479694e-01 -5.349583e-02 6.615739e-01
    outer loop
      vertex   -8.802024e+01 -2.380166e+02 1.774160e+00
      vertex   -8.886687e+01 -2.362310e+02 9.613532e-01
      vertex   -8.873184e+01 -2.381189e+02 9.613532e-01
    endloop
  endfacet
  facet normal -8.841613e-01 -6.323646e-02 4.628822e-01
    outer loop
      vertex   -8.873184e+01 -2.381189e+02 9.613532e-01
      vertex   -8.886687e+01 -2.362310e+02 9.613532e-01
      vertex   -8.937016e+01 -2.362310e+02 0.000000e+00
    endloop
  endfacet
  facet normal -8.841613e-01 -6.323646e-02 4.628822e-01
    outer loop
      vertex   -8.873184e+01 -2.381189e+02 9.613532e-01
      vertex   -8.937016e+01 -2.362310e+02 0.000000e+00
      vertex   -8.923001e+01 -2.381905e+02 0.000000e+00
    endloop
  endfacet
  facet normal -8.661623e-01 -1.884221e-01 4.628822e-01
    outer loop
      vertex   -8.873184e+01 -2.381189e+02 9.613532e-01
      vertex   -8.923001e+01 -2.381905e+02 0.000000e+00
      vertex   -8.832951e+01 -2.399684e+02 9.613532e-01
    endloop
  endfacet
  facet normal -8.661623e-01 -1.884221e-01 4.628822e-01
    outer loop
      vertex   -8.832951e+01 -2.399684e+02 9.613532e-01
      vertex   -8.923001e+01 -2.381905e+02 0.000000e+00
      vertex   -8.881242e+01 -2.401102e+02 0.000000e+00
    endloop
  endfacet
  facet normal -8.305308e-01 -3.097720e-01 4.628822e-01
    outer loop
      vertex   -8.832951e+01 -2.399684e+02 9.613532e-01
      vertex   -8.881242e+01 -2.401102e+02 0.000000e+00
      vertex   -8.766807e+01 -2.417418e+02 9.613532e-01
    endloop
  endfacet
  facet normal -8.305308e-01 -3.097720e-01 4.628822e-01
    outer loop
      vertex   -8.766807e+01 -2.417418e+02 9.613532e-01
      vertex   -8.881242e+01 -2.401102e+02 0.000000e+00
      vertex   -8.812588e+01 -2.419508e+02 0.000000e+00
    endloop
  endfacet
  facet normal -7.779920e-01 -4.248158e-01 4.628822e-01
    outer loop
      vertex   -8.766807e+01 -2.417418e+02 9.613532e-01
      vertex   -8.812588e+01 -2.419508e+02 0.000000e+00
      vertex   -8.676098e+01 -2.434030e+02 9.613532e-01
    endloop
  endfacet
  facet normal -7.779920e-01 -4.248158e-01 4.628822e-01
    outer loop
      vertex   -8.676098e+01 -2.434030e+02 9.613532e-01
      vertex   -8.812588e+01 -2.419508e+02 0.000000e+00
      vertex   -8.718438e+01 -2.436751e+02 0.000000e+00
    endloop
  endfacet
  facet normal -7.096156e-01 -5.312116e-01 4.628822e-01
    outer loop
      vertex   -8.676098e+01 -2.434030e+02 9.613532e-01
      vertex   -8.718438e+01 -2.436751e+02 0.000000e+00
      vertex   -8.562671e+01 -2.449182e+02 9.613532e-01
    endloop
  endfacet
  facet normal -7.096156e-01 -5.312116e-01 4.628822e-01
    outer loop
      vertex   -8.562671e+01 -2.449182e+02 9.613532e-01
      vertex   -8.718438e+01 -2.436751e+02 0.000000e+00
      vertex   -8.600708e+01 -2.452478e+02 0.000000e+00
    endloop
  endfacet
  facet normal -6.267934e-01 -6.267934e-01 4.628822e-01
    outer loop
      vertex   -8.562671e+01 -2.449182e+02 9.613532e-01
      vertex   -8.600708e+01 -2.452478e+02 0.000000e+00
      vertex   -8.428835e+01 -2.462566e+02 9.613532e-01
    endloop
  endfacet
  facet normal -6.267934e-01 -6.267934e-01 4.628822e-01
    outer loop
      vertex   -8.428835e+01 -2.462566e+02 9.613532e-01
      vertex   -8.600708e+01 -2.452478e+02 0.000000e+00
      vertex   -8.461794e+01 -2.466369e+02 0.000000e+00
    endloop
  endfacet
  facet normal -5.312116e-01 -7.096156e-01 4.628822e-01
    outer loop
      vertex   -8.428835e+01 -2.462566e+02 9.613532e-01
      vertex   -8.461794e+01 -2.466369e+02 0.000000e+00
      vertex   -8.277314e+01 -2.473908e+02 9.613532e-01
    endloop
  endfacet
  facet normal -5.312116e-01 -7.096156e-01 4.628822e-01
    outer loop
      vertex   -8.277314e+01 -2.473908e+02 9.613532e-01
      vertex   -8.461794e+01 -2.466369e+02 0.000000e+00
      vertex   -8.304524e+01 -2.478142e+02 0.000000e+00
    endloop
  endfacet
  facet normal -4.248158e-01 -7.779920e-01 4.628822e-01
    outer loop
      vertex   -8.277314e+01 -2.473908e+02 9.613532e-01
      vertex   -8.304524e+01 -2.478142e+02 0.000000e+00
      vertex   -8.111193e+01 -2.482979e+02 9.613532e-01
    endloop
  endfacet
  facet normal -4.248158e-01 -7.779920e-01 4.628822e-01
    outer loop
      vertex   -8.111193e+01 -2.482979e+02 9.613532e-01
      vertex   -8.304524e+01 -2.478142e+02 0.000000e+00
      vertex   -8.132101e+01 -2.487557e+02 0.000000e+00
    endloop
  endfacet
  facet normal -3.097720e-01 -8.305308e-01 4.628822e-01
    outer loop
      vertex   -8.111193e+01 -2.482979e+02 9.613532e-01
      vertex   -8.132101e+01 -2.487557e+02 0.000000e+00
      vertex   -7.933854e+01 -2.489594e+02 9.613532e-01
    endloop
  endfacet
  facet normal -3.097720e-01 -8.305308e-01 4.628822e-01
    outer loop
      vertex   -7.933854e+01 -2.489594e+02 9.613532e-01
      vertex   -8.132101e+01 -2.487557e+02 0.000000e+00
      vertex   -7.948034e+01 -2.494423e+02 0.000000e+00
    endloop
  endfacet
  facet normal -1.884221e-01 -8.661623e-01 4.628822e-01
    outer loop
      vertex   -7.933854e+01 -2.489594e+02 9.613532e-01
      vertex   -7.948034e+01 -2.494423e+02 0.000000e+00
      vertex   -7.748907e+01 -2.493617e+02 9.613532e-01
    endloop
  endfacet
  facet normal -1.884221e-01 -8.661623e-01 4.628822e-01
    outer loop
      vertex   -7.748907e+01 -2.493617e+02 9.613532e-01
      vertex   -7.948034e+01 -2.494423e+02 0.000000e+00
      vertex   -7.756069e+01 -2.498599e+02 0.000000e+00
    endloop
  endfacet
  facet normal -6.323646e-02 -8.841613e-01 4.628822e-01
    outer loop
      vertex   -7.748907e+01 -2.493617e+02 9.613532e-01
      vertex   -7.756069e+01 -2.498599e+02 0.000000e+00
      vertex   -7.560116e+01 -2.494967e+02 9.613532e-01
    endloop
  endfacet
  facet normal -6.323646e-02 -8.841613e-01 4.628822e-01
    outer loop
      vertex   -7.560116e+01 -2.494967e+02 9.613532e-01
      vertex   -7.756069e+01 -2.498599e+02 0.000000e+00
      vertex   -7.560116e+01 -2.500000e+02 0.000000e+00
    endloop
  endfacet
  facet normal -5.349583e-02 -7.479694e-01 6.615739e-01
    outer loop
      vertex   -7.560116e+01 -2.494967e+02 9.613532e-01
      vertex   -7.560116e+01 -2.487778e+02 1.774160e+00
      vertex   -7.748907e+01 -2.493617e+02 9.613532e-01
    endloop
  endfacet
  facet normal -5.349583e-02 -7.479694e-01 6.615739e-01
    outer loop
      vertex   -7.748907e+01 -2.493617e+02 9.613532e-01
      vertex   -7.560116e+01 -2.487778e+02 1.774160e+00
      vertex   -7.738675e+01 -2.486501e+02 1.774160e+00
    endloop
  endfacet
  facet normal -1.593985e-01 -7.327429e-01 6.615739e-01
    outer loop
      vertex   -7.748907e+01 -2.493617e+02 9.613532e-01
      vertex   -7.738675e+01 -2.486501e+02 1.774160e+00
      vertex   -7.933854e+01 -2.489594e+02 9.613532e-01
    endloop
  endfacet
  facet normal -1.593985e-01 -7.327429e-01 6.615739e-01
    outer loop
      vertex   -7.933854e+01 -2.489594e+02 9.613532e-01
      vertex   -7.738675e+01 -2.486501e+02 1.774160e+00
      vertex   -7.913600e+01 -2.482696e+02 1.774160e+00
    endloop
  endfacet
  facet normal -2.620562e-01 -7.025999e-01 6.615739e-01
    outer loop
      vertex   -7.933854e+01 -2.489594e+02 9.613532e-01
      vertex   -7.913600e+01 -2.482696e+02 1.774160e+00
      vertex   -8.111193e+01 -2.482979e+02 9.613532e-01
    endloop
  endfacet
  facet normal -2.620562e-01 -7.025999e-01 6.615739e-01
    outer loop
      vertex   -8.111193e+01 -2.482979e+02 9.613532e-01
      vertex   -7.913600e+01 -2.482696e+02 1.774160e+00
      vertex   -8.081328e+01 -2.476440e+02 1.774160e+00
    endloop
  endfacet
  facet normal -3.593792e-01 -6.581539e-01 6.615739e-01
    outer loop
      vertex   -8.111193e+01 -2.482979e+02 9.613532e-01
      vertex   -8.081328e+01 -2.476440e+02 1.774160e+00
      vertex   -8.277314e+01 -2.473908e+02 9.613532e-01
    endloop
  endfacet
  facet normal -3.593792e-01 -6.581539e-01 6.615739e-01
    outer loop
      vertex   -8.277314e+01 -2.473908e+02 9.613532e-01
      vertex   -8.081328e+01 -2.476440e+02 1.774160e+00
      vertex   -8.238446e+01 -2.467860e+02 1.774160e+00
    endloop
  endfacet
  facet normal -4.493863e-01 -6.003099e-01 6.615739e-01
    outer loop
      vertex   -8.277314e+01 -2.473908e+02 9.613532e-01
      vertex   -8.238446e+01 -2.467860e+02 1.774160e+00
      vertex   -8.428835e+01 -2.462566e+02 9.613532e-01
    endloop
  endfacet
  facet normal -4.493863e-01 -6.003099e-01 6.615739e-01
    outer loop
      vertex   -8.428835e+01 -2.462566e+02 9.613532e-01
      vertex   -8.238446e+01 -2.467860e+02 1.774160e+00
      vertex   -8.381756e+01 -2.457132e+02 1.774160e+00
    endloop
  endfacet
  facet normal -5.302452e-01 -5.302452e-01 6.615739e-01
    outer loop
      vertex   -8.428835e+01 -2.462566e+02 9.613532e-01
      vertex   -8.381756e+01 -2.457132e+02 1.774160e+00
      vertex   -8.562671e+01 -2.449182e+02 9.613532e-01
    endloop
  endfacet
  facet normal -5.302452e-01 -5.302452e-01 6.615739e-01
    outer loop
      vertex   -8.562671e+01 -2.449182e+02 9.613532e-01
      vertex   -8.381756e+01 -2.457132e+02 1.774160e+00
      vertex   -8.508339e+01 -2.444474e+02 1.774160e+00
    endloop
  endfacet
  facet normal -6.003099e-01 -4.493863e-01 6.615739e-01
    outer loop
      vertex   -8.562671e+01 -2.449182e+02 9.613532e-01
      vertex   -8.508339e+01 -2.444474e+02 1.774160e+00
      vertex   -8.676098e+01 -2.434030e+02 9.613532e-01
    endloop
  endfacet
  facet normal -6.003099e-01 -4.493863e-01 6.615739e-01
    outer loop
      vertex   -8.676098e+01 -2.434030e+02 9.613532e-01
      vertex   -8.508339e+01 -2.444474e+02 1.774160e+00
      vertex   -8.615619e+01 -2.430143e+02 1.774160e+00
    endloop
  endfacet
  facet normal -6.581539e-01 -3.593792e-01 6.615739e-01
    outer loop
      vertex   -8.676098e+01 -2.434030e+02 9.613532e-01
      vertex   -8.615619e+01 -2.430143e+02 1.774160e+00
      vertex   -8.766807e+01 -2.417418e+02 9.613532e-01
    endloop
  endfacet
  facet normal -6.581539e-01 -3.593792e-01 6.615739e-01
    outer loop
      vertex   -8.766807e+01 -2.417418e+02 9.613532e-01
      vertex   -8.615619e+01 -2.430143e+02 1.774160e+00
      vertex   -8.701412e+01 -2.414431e+02 1.774160e+00
    endloop
  endfacet
  facet normal -7.025999e-01 -2.620562e-01 6.615739e-01
    outer loop
      vertex   -8.766807e+01 -2.417418e+02 9.613532e-01
      vertex   -8.701412e+01 -2.414431e+02 1.774160e+00
      vertex   -8.832951e+01 -2.399684e+02 9.613532e-01
    endloop
  endfacet
  facet normal -7.025999e-01 -2.620562e-01 6.615739e-01
    outer loop
      vertex   -8.832951e+01 -2.399684e+02 9.613532e-01
      vertex   -8.701412e+01 -2.414431e+02 1.774160e+00
      vertex   -8.763971e+01 -2.397658e+02 1.774160e+00
    endloop
  endfacet
  facet normal -7.327429e-01 -1.593985e-01 6.615739e-01
    outer loop
      vertex   -8.832951e+01 -2.399684e+02 9.613532e-01
      vertex   -8.763971e+01 -2.397658e+02 1.774160e+00
      vertex   -8.873184e+01 -2.381189e+02 9.613532e-01
    endloop
  endfacet
  facet normal -7.327429e-01 -1.593985e-01 6.615739e-01
    outer loop
      vertex   -8.873184e+01 -2.381189e+02 9.613532e-01
      vertex   -8.763971e+01 -2.397658e+02 1.774160e+00
      vertex   -8.802024e+01 -2.380166e+02 1.774160e+00
    endloop
  endfacet
  facet normal -4.062891e-02 -5.680663e-01 8.219793e-01
    outer loop
      vertex   -7.560116e+01 -2.487778e+02 1.774160e+00
      vertex   -7.560116e+01 -2.478851e+02 2.391095e+00
      vertex   -7.738675e+01 -2.486501e+02 1.774160e+00
    endloop
  endfacet
  facet normal -4.062891e-02 -5.680663e-01 8.219793e-01
    outer loop
      vertex   -7.738675e+01 -2.486501e+02 1.774160e+00
      vertex   -7.560116e+01 -2.478851e+02 2.391095e+00
      vertex   -7.725971e+01 -2.477665e+02 2.391095e+00
    endloop
  endfacet
  facet normal -1.210596e-01 -5.565021e-01 8.219793e-01
    outer loop
      vertex   -7.738675e+01 -2.486501e+02 1.774160e+00
      vertex   -7.725971e+01 -2.477665e+02 2.391095e+00
      vertex   -7.913600e+01 -2.482696e+02 1.774160e+00
    endloop
  endfacet
  facet normal -1.210596e-01 -5.565021e-01 8.219793e-01
    outer loop
      vertex   -7.913600e+01 -2.482696e+02 1.774160e+00
      vertex   -7.725971e+01 -2.477665e+02 2.391095e+00
      vertex   -7.888450e+01 -2.474130e+02 2.391095e+00
    endloop
  endfacet
  facet normal -1.990259e-01 -5.336092e-01 8.219793e-01
    outer loop
      vertex   -7.913600e+01 -2.482696e+02 1.774160e+00
      vertex   -7.888450e+01 -2.474130e+02 2.391095e+00
      vertex   -8.081328e+01 -2.476440e+02 1.774160e+00
    endloop
  endfacet
  facet normal -1.990259e-01 -5.336092e-01 8.219793e-01
    outer loop
      vertex   -8.081328e+01 -2.476440e+02 1.774160e+00
      vertex   -7.888450e+01 -2.474130e+02 2.391095e+00
      vertex   -8.044245e+01 -2.468319e+02 2.391095e+00
    endloop
  endfacet
  facet normal -2.729406e-01 -4.998535e-01 8.219793e-01
    outer loop
      vertex   -8.081328e+01 -2.476440e+02 1.774160e+00
      vertex   -8.044245e+01 -2.468319e+02 2.391095e+00
      vertex   -8.238446e+01 -2.467860e+02 1.774160e+00
    endloop
  endfacet
  facet normal -2.729406e-01 -4.998535e-01 8.219793e-01
    outer loop
      vertex   -8.238446e+01 -2.467860e+02 1.774160e+00
      vertex   -8.044245e+01 -2.468319e+02 2.391095e+00
      vertex   -8.190184e+01 -2.460350e+02 2.391095e+00
    endloop
  endfacet
  facet normal -3.412991e-01 -4.559222e-01 8.219793e-01
    outer loop
      vertex   -8.238446e+01 -2.467860e+02 1.774160e+00
      vertex   -8.190184e+01 -2.460350e+02 2.391095e+00
      vertex   -8.381756e+01 -2.457132e+02 1.774160e+00
    endloop
  endfacet
  facet normal -3.412991e-01 -4.559222e-01 8.219793e-01
    outer loop
      vertex   -8.381756e+01 -2.457132e+02 1.774160e+00
      vertex   -8.190184e+01 -2.460350e+02 2.391095e+00
      vertex   -8.323297e+01 -2.450386e+02 2.391095e+00
    endloop
  endfacet
  facet normal -4.027096e-01 -4.027096e-01 8.219793e-01
    outer loop
      vertex   -8.381756e+01 -2.457132e+02 1.774160e+00
      vertex   -8.323297e+01 -2.450386e+02 2.391095e+00
      vertex   -8.508339e+01 -2.444474e+02 1.774160e+00
    endloop
  endfacet
  facet normal -4.027096e-01 -4.027096e-01 8.219793e-01
    outer loop
      vertex   -8.508339e+01 -2.444474e+02 1.774160e+00
      vertex   -8.323297e+01 -2.450386e+02 2.391095e+00
      vertex   -8.440874e+01 -2.438628e+02 2.391095e+00
    endloop
  endfacet
  facet normal -4.559222e-01 -3.412991e-01 8.219793e-01
    outer loop
      vertex   -8.508339e+01 -2.444474e+02 1.774160e+00
      vertex   -8.440874e+01 -2.438628e+02 2.391095e+00
      vertex   -8.615619e+01 -2.430143e+02 1.774160e+00
    endloop
  endfacet
  facet normal -4.559222e-01 -3.412991e-01 8.219793e-01
    outer loop
      vertex   -8.615619e+01 -2.430143e+02 1.774160e+00
      vertex   -8.440874e+01 -2.438628e+02 2.391095e+00
      vertex   -8.540521e+01 -2.425317e+02 2.391095e+00
    endloop
  endfacet
  facet normal -4.998535e-01 -2.729406e-01 8.219793e-01
    outer loop
      vertex   -8.615619e+01 -2.430143e+02 1.774160e+00
      vertex   -8.540521e+01 -2.425317e+02 2.391095e+00
      vertex   -8.701412e+01 -2.414431e+02 1.774160e+00
    endloop
  endfacet
  facet normal -4.998535e-01 -2.729406e-01 8.219793e-01
    outer loop
      vertex   -8.701412e+01 -2.414431e+02 1.774160e+00
      vertex   -8.540521e+01 -2.425317e+02 2.391095e+00
      vertex   -8.620210e+01 -2.410723e+02 2.391095e+00
    endloop
  endfacet
  facet normal -5.336092e-01 -1.990259e-01 8.219793e-01
    outer loop
      vertex   -8.701412e+01 -2.414431e+02 1.774160e+00
      vertex   -8.620210e+01 -2.410723e+02 2.391095e+00
      vertex   -8.763971e+01 -2.397658e+02 1.774160e+00
    endloop
  endfacet
  facet normal -5.336092e-01 -1.990259e-01 8.219793e-01
    outer loop
      vertex   -8.763971e+01 -2.397658e+02 1.774160e+00
      vertex   -8.620210e+01 -2.410723e+02 2.391095e+00
      vertex   -8.678318e+01 -2.395143e+02 2.391095e+00
    endloop
  endfacet
  facet normal -5.565021e-01 -1.210596e-01 8.219793e-01
    outer loop
      vertex   -8.763971e+01 -2.397658e+02 1.774160e+00
      vertex   -8.678318e+01 -2.395143e+02 2.391095e+00
      vertex   -8.802024e+01 -2.380166e+02 1.774160e+00
    endloop
  endfacet
  facet normal -5.565021e-01 -1.210596e-01 8.219793e-01
    outer loop
      vertex   -8.802024e+01 -2.380166e+02 1.774160e+00
      vertex   -8.678318e+01 -2.395143e+02 2.391095e+00
      vertex   -8.713663e+01 -2.378896e+02 2.391095e+00
    endloop
  endfacet
  facet normal -2.537664e-02 -3.548117e-01 9.345933e-01
    outer loop
      vertex   -7.560116e+01 -2.478851e+02 2.391095e+00
      vertex   -7.560116e+01 -2.468706e+02 2.776236e+00
      vertex   -7.725971e+01 -2.477665e+02 2.391095e+00
    endloop
  endfacet
  facet normal -2.537664e-02 -3.548117e-01 9.345933e-01
    outer loop
      vertex   -7.725971e+01 -2.477665e+02 2.391095e+00
      vertex   -7.560116e+01 -2.468706e+02 2.776236e+00
      vertex   -7.711534e+01 -2.467623e+02 2.776236e+00
    endloop
  endfacet
  facet normal -7.561331e-02 -3.475888e-01 9.345933e-01
    outer loop
      vertex   -7.725971e+01 -2.477665e+02 2.391095e+00
      vertex   -7.711534e+01 -2.467623e+02 2.776236e+00
      vertex   -7.888450e+01 -2.474130e+02 2.391095e+00
    endloop
  endfacet
  facet normal -7.561331e-02 -3.475888e-01 9.345933e-01
    outer loop
      vertex   -7.888450e+01 -2.474130e+02 2.391095e+00
      vertex   -7.711534e+01 -2.467623e+02 2.776236e+00
      vertex   -7.859869e+01 -2.464396e+02 2.776236e+00
    endloop
  endfacet
  facet normal -1.243107e-01 -3.332899e-01 9.345933e-01
    outer loop
      vertex   -7.888450e+01 -2.474130e+02 2.391095e+00
      vertex   -7.859869e+01 -2.464396e+02 2.776236e+00
      vertex   -8.044245e+01 -2.468319e+02 2.391095e+00
    endloop
  endfacet
  facet normal -1.243107e-01 -3.332899e-01 9.345933e-01
    outer loop
      vertex   -8.044245e+01 -2.468319e+02 2.391095e+00
      vertex   -7.859869e+01 -2.464396e+02 2.776236e+00
      vertex   -8.002102e+01 -2.459091e+02 2.776236e+00
    endloop
  endfacet
  facet normal -1.704775e-01 -3.122063e-01 9.345933e-01
    outer loop
      vertex   -8.044245e+01 -2.468319e+02 2.391095e+00
      vertex   -8.002102e+01 -2.459091e+02 2.776236e+00
      vertex   -8.190184e+01 -2.460350e+02 2.391095e+00
    endloop
  endfacet
  facet normal -1.704775e-01 -3.122063e-01 9.345933e-01
    outer loop
      vertex   -8.190184e+01 -2.460350e+02 2.391095e+00
      vertex   -8.002102e+01 -2.459091e+02 2.776236e+00
      vertex   -8.135337e+01 -2.451816e+02 2.776236e+00
    endloop
  endfacet
  facet normal -2.131739e-01 -2.847670e-01 9.345933e-01
    outer loop
      vertex   -8.190184e+01 -2.460350e+02 2.391095e+00
      vertex   -8.135337e+01 -2.451816e+02 2.776236e+00
      vertex   -8.323297e+01 -2.450386e+02 2.391095e+00
    endloop
  endfacet
  facet normal -2.131739e-01 -2.847670e-01 9.345933e-01
    outer loop
      vertex   -8.323297e+01 -2.450386e+02 2.391095e+00
      vertex   -8.135337e+01 -2.451816e+02 2.776236e+00
      vertex   -8.256862e+01 -2.442719e+02 2.776236e+00
    endloop
  endfacet
  facet normal -2.515306e-01 -2.515306e-01 9.345933e-01
    outer loop
      vertex   -8.323297e+01 -2.450386e+02 2.391095e+00
      vertex   -8.256862e+01 -2.442719e+02 2.776236e+00
      vertex   -8.440874e+01 -2.438628e+02 2.391095e+00
    endloop
  endfacet
  facet normal -2.515306e-01 -2.515306e-01 9.345933e-01
    outer loop
      vertex   -8.440874e+01 -2.438628e+02 2.391095e+00
      vertex   -8.256862e+01 -2.442719e+02 2.776236e+00
      vertex   -8.364204e+01 -2.431985e+02 2.776236e+00
    endloop
  endfacet
  facet normal -2.847670e-01 -2.131739e-01 9.345933e-01
    outer loop
      vertex   -8.440874e+01 -2.438628e+02 2.391095e+00
      vertex   -8.364204e+01 -2.431985e+02 2.776236e+00
      vertex   -8.540521e+01 -2.425317e+02 2.391095e+00
    endloop
  endfacet
  facet normal -2.847670e-01 -2.131739e-01 9.345933e-01
    outer loop
      vertex   -8.540521e+01 -2.425317e+02 2.391095e+00
      vertex   -8.364204e+01 -2.431985e+02 2.776236e+00
      vertex   -8.455177e+01 -2.419832e+02 2.776236e+00
    endloop
  endfacet
  facet normal -3.122063e-01 -1.704775e-01 9.345933e-01
    outer loop
      vertex   -8.540521e+01 -2.425317e+02 2.391095e+00
      vertex   -8.455177e+01 -2.419832e+02 2.776236e+00
      vertex   -8.620210e+01 -2.410723e+02 2.391095e+00
    endloop
  endfacet
  facet normal -3.122063e-01 -1.704775e-01 9.345933e-01
    outer loop
      vertex   -8.620210e+01 -2.410723e+02 2.391095e+00
      vertex   -8.455177e+01 -2.419832e+02 2.776236e+00
      vertex   -8.527929e+01 -2.406509e+02 2.776236e+00
    endloop
  endfacet
  facet normal -3.332899e-01 -1.243107e-01 9.345933e-01
    outer loop
      vertex   -8.620210e+01 -2.410723e+02 2.391095e+00
      vertex   -8.527929e+01 -2.406509e+02 2.776236e+00
      vertex   -8.678318e+01 -2.395143e+02 2.391095e+00
    endloop
  endfacet
  facet normal -3.332899e-01 -1.243107e-01 9.345933e-01
    outer loop
      vertex   -8.678318e+01 -2.395143e+02 2.391095e+00
      vertex   -8.527929e+01 -2.406509e+02 2.776236e+00
      vertex   -8.580979e+01 -2.392285e+02 2.776236e+00
    endloop
  endfacet
  facet normal -3.475888e-01 -7.561331e-02 9.345933e-01
    outer loop
      vertex   -8.678318e+01 -2.395143e+02 2.391095e+00
      vertex   -8.580979e+01 -2.392285e+02 2.776236e+00
      vertex   -8.713663e+01 -2.378896e+02 2.391095e+00
    endloop
  endfacet
  facet normal -3.475888e-01 -7.561331e-02 9.345933e-01
    outer loop
      vertex   -8.713663e+01 -2.378896e+02 2.391095e+00
      vertex   -8.580979e+01 -2.392285e+02 2.776236e+00
      vertex   -8.613248e+01 -2.377452e+02 2.776236e+00
    endloop
  endfacet
  facet normal -8.628761e-03 -1.206458e-01 9.926581e-01
    outer loop
      vertex   -7.560116e+01 -2.468706e+02 2.776236e+00
      vertex   -7.560116e+01 -2.457934e+02 2.907157e+00
      vertex   -7.711534e+01 -2.467623e+02 2.776236e+00
    endloop
  endfacet
  facet normal -1.032654e-02 -1.180329e-01 9.929560e-01
    outer loop
      vertex   -7.711534e+01 -2.467623e+02 2.776236e+00
      vertex   -7.560116e+01 -2.457934e+02 2.907157e+00
      vertex   -7.726166e+01 -2.456481e+02 2.907157e+00
    endloop
  endfacet
  facet normal -2.611392e-02 -1.200438e-01 9.924251e-01
    outer loop
      vertex   -7.711534e+01 -2.467623e+02 2.776236e+00
      vertex   -7.726166e+01 -2.456481e+02 2.907157e+00
      vertex   -7.859869e+01 -2.464396e+02 2.776236e+00
    endloop
  endfacet
  facet normal -3.030125e-02 -1.130858e-01 9.931231e-01
    outer loop
      vertex   -7.859869e+01 -2.464396e+02 2.776236e+00
      vertex   -7.726166e+01 -2.456481e+02 2.907157e+00
      vertex   -7.887170e+01 -2.452167e+02 2.907157e+00
    endloop
  endfacet
  facet normal -4.322277e-02 -1.158847e-01 9.923218e-01
    outer loop
      vertex   -7.859869e+01 -2.464396e+02 2.776236e+00
      vertex   -7.887170e+01 -2.452167e+02 2.907157e+00
      vertex   -8.002102e+01 -2.459091e+02 2.776236e+00
    endloop
  endfacet
  facet normal -4.936064e-02 -1.058542e-01 9.931558e-01
    outer loop
      vertex   -8.002102e+01 -2.459091e+02 2.776236e+00
      vertex   -7.887170e+01 -2.452167e+02 2.907157e+00
      vertex   -8.038237e+01 -2.445123e+02 2.907157e+00
    endloop
  endfacet
  facet normal -5.914148e-02 -1.083095e-01 9.923565e-01
    outer loop
      vertex   -8.002102e+01 -2.459091e+02 2.776236e+00
      vertex   -8.038237e+01 -2.445123e+02 2.907157e+00
      vertex   -8.135337e+01 -2.451816e+02 2.776236e+00
    endloop
  endfacet
  facet normal -6.747243e-02 -9.636061e-02 9.930569e-01
    outer loop
      vertex   -8.135337e+01 -2.451816e+02 2.776236e+00
      vertex   -8.038237e+01 -2.445123e+02 2.907157e+00
      vertex   -8.174776e+01 -2.435562e+02 2.907157e+00
    endloop
  endfacet
  facet normal -7.313037e-02 -9.769074e-02 9.925263e-01
    outer loop
      vertex   -8.135337e+01 -2.451816e+02 2.776236e+00
      vertex   -8.174776e+01 -2.435562e+02 2.907157e+00
      vertex   -8.256862e+01 -2.442719e+02 2.776236e+00
    endloop
  endfacet
  facet normal -8.459451e-02 -8.459451e-02 9.928180e-01
    outer loop
      vertex   -8.256862e+01 -2.442719e+02 2.776236e+00
      vertex   -8.174776e+01 -2.435562e+02 2.907157e+00
      vertex   -8.292639e+01 -2.423776e+02 2.907157e+00
    endloop
  endfacet
  facet normal -8.459451e-02 -8.459451e-02 9.928180e-01
    outer loop
      vertex   -8.256862e+01 -2.442719e+02 2.776236e+00
      vertex   -8.292639e+01 -2.423776e+02 2.907157e+00
      vertex   -8.364204e+01 -2.431985e+02 2.776236e+00
    endloop
  endfacet
  facet normal -9.769074e-02 -7.313037e-02 9.925263e-01
    outer loop
      vertex   -8.364204e+01 -2.431985e+02 2.776236e+00
      vertex   -8.292639e+01 -2.423776e+02 2.907157e+00
      vertex   -8.455177e+01 -2.419832e+02 2.776236e+00
    endloop
  endfacet
  facet normal -9.636061e-02 -6.747243e-02 9.930569e-01
    outer loop
      vertex   -8.292639e+01 -2.423776e+02 2.907157e+00
      vertex   -8.388245e+01 -2.410122e+02 2.907157e+00
      vertex   -8.455177e+01 -2.419832e+02 2.776236e+00
    endloop
  endfacet
  facet normal -1.083095e-01 -5.914148e-02 9.923565e-01
    outer loop
      vertex   -8.455177e+01 -2.419832e+02 2.776236e+00
      vertex   -8.388245e+01 -2.410122e+02 2.907157e+00
      vertex   -8.527929e+01 -2.406509e+02 2.776236e+00
    endloop
  endfacet
  facet normal -1.058542e-01 -4.936064e-02 9.931558e-01
    outer loop
      vertex   -8.388245e+01 -2.410122e+02 2.907157e+00
      vertex   -8.458689e+01 -2.395015e+02 2.907157e+00
      vertex   -8.527929e+01 -2.406509e+02 2.776236e+00
    endloop
  endfacet
  facet normal -1.158847e-01 -4.322277e-02 9.923218e-01
    outer loop
      vertex   -8.527929e+01 -2.406509e+02 2.776236e+00
      vertex   -8.458689e+01 -2.395015e+02 2.907157e+00
      vertex   -8.580979e+01 -2.392285e+02 2.776236e+00
    endloop
  endfacet
  facet normal -1.130858e-01 -3.030125e-02 9.931231e-01
    outer loop
      vertex   -8.458689e+01 -2.395015e+02 2.907157e+00
      vertex   -8.501830e+01 -2.378915e+02 2.907157e+00
      vertex   -8.580979e+01 -2.392285e+02 2.776236e+00
    endloop
  endfacet
  facet normal -1.200438e-01 -2.611392e-02 9.924251e-01
    outer loop
      vertex   -8.580979e+01 -2.392285e+02 2.776236e+00
      vertex   -8.501830e+01 -2.378915e+02 2.907157e+00
      vertex   -8.613248e+01 -2.377452e+02 2.776236e+00
    endloop
  endfacet
  facet normal -7.950309e-01 3.922474e-01 4.626746e-01
    outer loop
      vertex   -7.318211e+01 -8.785151e+00 -2.775558e-16
      vertex   -7.271460e+01 -8.971530e+00 9.613532e-01
      vertex   -7.238360e+01 -7.166685e+00 0.000000e+00
    endloop
  endfacet
  facet normal -7.950309e-01 3.922474e-01 4.626746e-01
    outer loop
      vertex   -7.238360e+01 -7.166685e+00 0.000000e+00
      vertex   -7.271460e+01 -8.971530e+00 9.613532e-01
      vertex   -7.195123e+01 -7.424286e+00 9.613532e-01
    endloop
  endfacet
  facet normal -7.234301e-01 5.124267e-01 4.626746e-01
    outer loop
      vertex   -7.238360e+01 -7.166685e+00 0.000000e+00
      vertex   -7.195123e+01 -7.424286e+00 9.613532e-01
      vertex   -7.134044e+01 -5.693979e+00 0.000000e+00
    endloop
  endfacet
  facet normal -7.234301e-01 5.124267e-01 4.626746e-01
    outer loop
      vertex   -7.134044e+01 -5.693979e+00 0.000000e+00
      vertex   -7.195123e+01 -7.424286e+00 9.613532e-01
      vertex   -7.095397e+01 -6.016388e+00 9.613532e-01
    endloop
  endfacet
  facet normal -6.338159e-01 6.198465e-01 4.626746e-01
    outer loop
      vertex   -7.134044e+01 -5.693979e+00 0.000000e+00
      vertex   -7.095397e+01 -6.016388e+00 9.613532e-01
      vertex   -7.007860e+01 -4.403703e+00 0.000000e+00
    endloop
  endfacet
  facet normal -6.338159e-01 6.198465e-01 4.626746e-01
    outer loop
      vertex   -7.007860e+01 -4.403703e+00 0.000000e+00
      vertex   -7.095397e+01 -6.016388e+00 9.613532e-01
      vertex   -6.974766e+01 -4.782892e+00 9.613532e-01
    endloop
  endfacet
  facet normal -5.284196e-01 7.118321e-01 4.626746e-01
    outer loop
      vertex   -7.007860e+01 -4.403703e+00 0.000000e+00
      vertex   -6.974766e+01 -4.782892e+00 9.613532e-01
      vertex   -6.862951e+01 -3.327986e+00 0.000000e+00
    endloop
  endfacet
  facet normal -5.284196e-01 7.118321e-01 4.626746e-01
    outer loop
      vertex   -6.862951e+01 -3.327986e+00 0.000000e+00
      vertex   -6.974766e+01 -4.782892e+00 9.613532e-01
      vertex   -6.836234e+01 -3.754512e+00 9.613532e-01
    endloop
  endfacet
  facet normal -4.098656e-01 7.860931e-01 4.626746e-01
    outer loop
      vertex   -6.862951e+01 -3.327986e+00 0.000000e+00
      vertex   -6.836234e+01 -3.754512e+00 9.613532e-01
      vertex   -6.702924e+01 -2.493611e+00 0.000000e+00
    endloop
  endfacet
  facet normal -4.098656e-01 7.860931e-01 4.626746e-01
    outer loop
      vertex   -6.702924e+01 -2.493611e+00 0.000000e+00
      vertex   -6.836234e+01 -3.754512e+00 9.613532e-01
      vertex   -6.683249e+01 -2.956855e+00 9.613532e-01
    endloop
  endfacet
  facet normal -2.811060e-01 8.407804e-01 4.626746e-01
    outer loop
      vertex   -6.702924e+01 -2.493611e+00 0.000000e+00
      vertex   -6.683249e+01 -2.956855e+00 9.613532e-01
      vertex   -6.531764e+01 -1.921356e+00 0.000000e+00
    endloop
  endfacet
  facet normal -2.811060e-01 8.407804e-01 4.626746e-01
    outer loop
      vertex   -6.531764e+01 -1.921356e+00 0.000000e+00
      vertex   -6.683249e+01 -2.956855e+00 9.613532e-01
      vertex   -6.519621e+01 -2.409782e+00 9.613532e-01
    endloop
  endfacet
  facet normal -1.453468e-01 8.745322e-01 4.626746e-01
    outer loop
      vertex   -6.531764e+01 -1.921356e+00 0.000000e+00
      vertex   -6.519621e+01 -2.409782e+00 9.613532e-01
      vertex   -6.353733e+01 -1.625470e+00 0.000000e+00
    endloop
  endfacet
  facet normal -1.453468e-01 8.745322e-01 4.626746e-01
    outer loop
      vertex   -6.353733e+01 -1.625470e+00 0.000000e+00
      vertex   -6.519621e+01 -2.409782e+00 9.613532e-01
      vertex   -6.349424e+01 -2.126916e+00 9.613532e-01
    endloop
  endfacet
  facet normal -5.968539e-03 8.865081e-01 4.626746e-01
    outer loop
      vertex   -6.353733e+01 -1.625470e+00 0.000000e+00
      vertex   -6.349424e+01 -2.126916e+00 9.613532e-01
      vertex   -6.173264e+01 -1.613319e+00 0.000000e+00
    endloop
  endfacet
  facet normal -5.968539e-03 8.865081e-01 4.626746e-01
    outer loop
      vertex   -6.173264e+01 -1.613319e+00 0.000000e+00
      vertex   -6.349424e+01 -2.126916e+00 9.613532e-01
      vertex   -6.176897e+01 -2.115301e+00 9.613532e-01
    endloop
  endfacet
  facet normal 1.335584e-01 8.764100e-01 4.626746e-01
    outer loop
      vertex   -6.173264e+01 -1.613319e+00 0.000000e+00
      vertex   -6.176897e+01 -2.115301e+00 9.613532e-01
      vertex   -5.994851e+01 -1.885208e+00 0.000000e+00
    endloop
  endfacet
  facet normal 1.335584e-01 8.764100e-01 4.626746e-01
    outer loop
      vertex   -5.994851e+01 -1.885208e+00 0.000000e+00
      vertex   -6.176897e+01 -2.115301e+00 9.613532e-01
      vertex   -6.006335e+01 -2.375224e+00 9.613532e-01
    endloop
  endfacet
  facet normal 2.697597e-01 8.444892e-01 4.626746e-01
    outer loop
      vertex   -5.994851e+01 -1.885208e+00 0.000000e+00
      vertex   -6.006335e+01 -2.375224e+00 9.613532e-01
      vertex   -5.822936e+01 -2.434365e+00 0.000000e+00
    endloop
  endfacet
  facet normal 2.697597e-01 8.444892e-01 4.626746e-01
    outer loop
      vertex   -5.822936e+01 -2.434365e+00 0.000000e+00
      vertex   -6.006335e+01 -2.375224e+00 9.613532e-01
      vertex   -5.841986e+01 -2.900215e+00 9.613532e-01
    endloop
  endfacet
  facet normal 3.992440e-01 7.915406e-01 4.626746e-01
    outer loop
      vertex   -5.822936e+01 -2.434365e+00 0.000000e+00
      vertex   -5.841986e+01 -2.900215e+00 9.613532e-01
      vertex   -5.661800e+01 -3.247116e+00 0.000000e+00
    endloop
  endfacet
  facet normal 3.992440e-01 7.915406e-01 4.626746e-01
    outer loop
      vertex   -5.661800e+01 -3.247116e+00 0.000000e+00
      vertex   -5.841986e+01 -2.900215e+00 9.613532e-01
      vertex   -5.687941e+01 -3.677201e+00 9.613532e-01
    endloop
  endfacet
  facet normal 5.187871e-01 7.188826e-01 4.626746e-01
    outer loop
      vertex   -5.661800e+01 -3.247116e+00 0.000000e+00
      vertex   -5.687941e+01 -3.677201e+00 9.613532e-01
      vertex   -5.515455e+01 -4.303225e+00 0.000000e+00
    endloop
  endfacet
  facet normal 5.187871e-01 7.188826e-01 4.626746e-01
    outer loop
      vertex   -5.515455e+01 -4.303225e+00 0.000000e+00
      vertex   -5.687941e+01 -3.677201e+00 9.613532e-01
      vertex   -5.548036e+01 -4.686835e+00 9.613532e-01
    endloop
  endfacet
  facet normal 6.254124e-01 6.283244e-01 4.626746e-01
    outer loop
      vertex   -5.515455e+01 -4.303225e+00 0.000000e+00
      vertex   -5.548036e+01 -4.686835e+00 9.613532e-01
      vertex   -5.387546e+01 -5.576394e+00 0.000000e+00
    endloop
  endfacet
  facet normal 6.254124e-01 6.283244e-01 4.626746e-01
    outer loop
      vertex   -5.387546e+01 -5.576394e+00 0.000000e+00
      vertex   -5.548036e+01 -4.686835e+00 9.613532e-01
      vertex   -5.425755e+01 -5.903977e+00 9.613532e-01
    endloop
  endfacet
  facet normal 7.164649e-01 5.221210e-01 4.626746e-01
    outer loop
      vertex   -5.387546e+01 -5.576394e+00 0.000000e+00
      vertex   -5.425755e+01 -5.903977e+00 9.613532e-01
      vertex   -5.281256e+01 -7.034920e+00 0.000000e+00
    endloop
  endfacet
  facet normal 7.164649e-01 5.221210e-01 4.626746e-01
    outer loop
      vertex   -5.281256e+01 -7.034920e+00 0.000000e+00
      vertex   -5.425755e+01 -5.903977e+00 9.613532e-01
      vertex   -5.324143e+01 -7.298320e+00 9.613532e-01
    endloop
  endfacet
  facet normal 7.896774e-01 4.029167e-01 4.626746e-01
    outer loop
      vertex   -5.281256e+01 -7.034920e+00 0.000000e+00
      vertex   -5.324143e+01 -7.298320e+00 9.613532e-01
      vertex   -5.199233e+01 -8.642488e+00 0.000000e+00
    endloop
  endfacet
  facet normal 7.896774e-01 4.029167e-01 4.626746e-01
    outer loop
      vertex   -5.199233e+01 -8.642488e+00 0.000000e+00
      vertex   -5.324143e+01 -7.298320e+00 9.613532e-01
      vertex   -5.245729e+01 -8.835145e+00 9.613532e-01
    endloop
  endfacet
  facet normal 6.681246e-01 3.408969e-01 6.613614e-01
    outer loop
      vertex   -5.245729e+01 -8.835145e+00 9.613532e-01
      vertex   -5.324143e+01 -7.298320e+00 9.613532e-01
      vertex   -5.385403e+01 -7.674569e+00 1.774160e+00
    endloop
  endfacet
  facet normal 6.681246e-01 3.408969e-01 6.613614e-01
    outer loop
      vertex   -5.245729e+01 -8.835145e+00 9.613532e-01
      vertex   -5.385403e+01 -7.674569e+00 1.774160e+00
      vertex   -5.312146e+01 -9.110343e+00 1.774160e+00
    endloop
  endfacet
  facet normal 5.074949e-01 2.589389e-01 8.218270e-01
    outer loop
      vertex   -5.312146e+01 -9.110343e+00 1.774160e+00
      vertex   -5.385403e+01 -7.674569e+00 1.774160e+00
      vertex   -5.461471e+01 -8.141759e+00 2.391095e+00
    endloop
  endfacet
  facet normal 5.074949e-01 2.589389e-01 8.218270e-01
    outer loop
      vertex   -5.312146e+01 -9.110343e+00 1.774160e+00
      vertex   -5.461471e+01 -8.141759e+00 2.391095e+00
      vertex   -5.394616e+01 -9.452058e+00 2.391095e+00
    endloop
  endfacet
  facet normal 3.170149e-01 1.617504e-01 9.345257e-01
    outer loop
      vertex   -5.394616e+01 -9.452058e+00 2.391095e+00
      vertex   -5.461471e+01 -8.141759e+00 2.391095e+00
      vertex   -5.547917e+01 -8.672688e+00 2.776236e+00
    endloop
  endfacet
  facet normal 3.170149e-01 1.617504e-01 9.345257e-01
    outer loop
      vertex   -5.394616e+01 -9.452058e+00 2.391095e+00
      vertex   -5.547917e+01 -8.672688e+00 2.776236e+00
      vertex   -5.488337e+01 -9.840394e+00 2.776236e+00
    endloop
  endfacet
  facet normal 1.078008e-01 5.500313e-02 9.926498e-01
    outer loop
      vertex   -5.488337e+01 -9.840394e+00 2.776236e+00
      vertex   -5.547917e+01 -8.672688e+00 2.776236e+00
      vertex   -5.587853e+01 -1.025274e+01 2.907157e+00
    endloop
  endfacet
  facet normal 1.043948e-01 5.589004e-02 9.929643e-01
    outer loop
      vertex   -5.587853e+01 -1.025274e+01 2.907157e+00
      vertex   -5.547917e+01 -8.672688e+00 2.776236e+00
      vertex   -5.655127e+01 -8.996150e+00 2.907157e+00
    endloop
  endfacet
  facet normal 9.934702e-02 7.239875e-02 9.924155e-01
    outer loop
      vertex   -5.655127e+01 -8.996150e+00 2.907157e+00
      vertex   -5.547917e+01 -8.672688e+00 2.776236e+00
      vertex   -5.625123e+01 -7.613243e+00 2.776236e+00
    endloop
  endfacet
  facet normal 9.035135e-02 7.441768e-02 9.931257e-01
    outer loop
      vertex   -5.655127e+01 -8.996150e+00 2.907157e+00
      vertex   -5.625123e+01 -7.613243e+00 2.776236e+00
      vertex   -5.745744e+01 -7.895950e+00 2.907157e+00
    endloop
  endfacet
  facet normal 8.717935e-02 8.758528e-02 9.923349e-01
    outer loop
      vertex   -5.745744e+01 -7.895950e+00 2.907157e+00
      vertex   -5.625123e+01 -7.613243e+00 2.776236e+00
      vertex   -5.718034e+01 -6.688439e+00 2.776236e+00
    endloop
  endfacet
  facet normal 7.399716e-02 9.069607e-02 9.931257e-01
    outer loop
      vertex   -5.745744e+01 -7.895950e+00 2.907157e+00
      vertex   -5.718034e+01 -6.688439e+00 2.776236e+00
      vertex   -5.856184e+01 -6.994894e+00 2.907157e+00
    endloop
  endfacet
  facet normal 7.193647e-02 9.968227e-02 9.924155e-01
    outer loop
      vertex   -5.856184e+01 -6.994894e+00 2.907157e+00
      vertex   -5.718034e+01 -6.688439e+00 2.776236e+00
      vertex   -5.824336e+01 -5.921302e+00 2.776236e+00
    endloop
  endfacet
  facet normal 5.540448e-02 1.046534e-01 9.929643e-01
    outer loop
      vertex   -5.856184e+01 -6.994894e+00 2.907157e+00
      vertex   -5.824336e+01 -5.921302e+00 2.776236e+00
      vertex   -5.982154e+01 -6.327997e+00 2.907157e+00
    endloop
  endfacet
  facet normal 5.450176e-02 1.080551e-01 9.926498e-01
    outer loop
      vertex   -5.982154e+01 -6.327997e+00 2.907157e+00
      vertex   -5.824336e+01 -5.921302e+00 2.776236e+00
      vertex   -5.941382e+01 -5.330935e+00 2.776236e+00
    endloop
  endfacet
  facet normal 3.682555e-02 1.152833e-01 9.926498e-01
    outer loop
      vertex   -5.982154e+01 -6.327997e+00 2.907157e+00
      vertex   -5.941382e+01 -5.330935e+00 2.776236e+00
      vertex   -6.066258e+01 -4.932039e+00 2.776236e+00
    endloop
  endfacet
  facet normal 1.082947e-01 3.390190e-01 9.345257e-01
    outer loop
      vertex   -6.066258e+01 -4.932039e+00 2.776236e+00
      vertex   -5.941382e+01 -5.330935e+00 2.776236e+00
      vertex   -5.902985e+01 -4.391929e+00 2.391095e+00
    endloop
  endfacet
  facet normal 1.082947e-01 3.390190e-01 9.345257e-01
    outer loop
      vertex   -6.066258e+01 -4.932039e+00 2.776236e+00
      vertex   -5.902985e+01 -4.391929e+00 2.391095e+00
      vertex   -6.043109e+01 -3.944321e+00 2.391095e+00
    endloop
  endfacet
  facet normal 1.733641e-01 5.427203e-01 8.218270e-01
    outer loop
      vertex   -6.043109e+01 -3.944321e+00 2.391095e+00
      vertex   -5.902985e+01 -4.391929e+00 2.391095e+00
      vertex   -5.869197e+01 -3.565652e+00 1.774160e+00
    endloop
  endfacet
  facet normal 1.733641e-01 5.427203e-01 8.218270e-01
    outer loop
      vertex   -6.043109e+01 -3.944321e+00 2.391095e+00
      vertex   -5.869197e+01 -3.565652e+00 1.774160e+00
      vertex   -6.022740e+01 -3.075181e+00 1.774160e+00
    endloop
  endfacet
  facet normal 2.282363e-01 7.144993e-01 6.613614e-01
    outer loop
      vertex   -6.022740e+01 -3.075181e+00 1.774160e+00
      vertex   -5.869197e+01 -3.565652e+00 1.774160e+00
      vertex   -5.841986e+01 -2.900215e+00 9.613532e-01
    endloop
  endfacet
  facet normal 2.282363e-01 7.144993e-01 6.613614e-01
    outer loop
      vertex   -6.022740e+01 -3.075181e+00 1.774160e+00
      vertex   -5.841986e+01 -2.900215e+00 9.613532e-01
      vertex   -6.006335e+01 -2.375224e+00 9.613532e-01
    endloop
  endfacet
  facet normal -6.726541e-01 3.318699e-01 6.613614e-01
    outer loop
      vertex   -7.271460e+01 -8.971530e+00 9.613532e-01
      vertex   -7.204679e+01 -9.237760e+00 1.774160e+00
      vertex   -7.195123e+01 -7.424286e+00 9.613532e-01
    endloop
  endfacet
  facet normal -6.726541e-01 3.318699e-01 6.613614e-01
    outer loop
      vertex   -7.195123e+01 -7.424286e+00 9.613532e-01
      vertex   -7.204679e+01 -9.237760e+00 1.774160e+00
      vertex   -7.133361e+01 -7.792252e+00 1.774160e+00
    endloop
  endfacet
  facet normal -6.120745e-01 4.335503e-01 6.613614e-01
    outer loop
      vertex   -7.195123e+01 -7.424286e+00 9.613532e-01
      vertex   -7.133361e+01 -7.792252e+00 1.774160e+00
      vertex   -7.095397e+01 -6.016388e+00 9.613532e-01
    endloop
  endfacet
  facet normal -6.120745e-01 4.335503e-01 6.613614e-01
    outer loop
      vertex   -7.095397e+01 -6.016388e+00 9.613532e-01
      vertex   -7.133361e+01 -7.792252e+00 1.774160e+00
      vertex   -7.040193e+01 -6.476927e+00 1.774160e+00
    endloop
  endfacet
  facet normal -5.362544e-01 5.244353e-01 6.613614e-01
    outer loop
      vertex   -7.095397e+01 -6.016388e+00 9.613532e-01
      vertex   -7.040193e+01 -6.476927e+00 1.774160e+00
      vertex   -6.974766e+01 -4.782892e+00 9.613532e-01
    endloop
  endfacet
  facet normal -5.362544e-01 5.244353e-01 6.613614e-01
    outer loop
      vertex   -6.974766e+01 -4.782892e+00 9.613532e-01
      vertex   -7.040193e+01 -6.476927e+00 1.774160e+00
      vertex   -6.927494e+01 -5.324537e+00 1.774160e+00
    endloop
  endfacet
  facet normal -4.470814e-01 6.022618e-01 6.613614e-01
    outer loop
      vertex   -6.974766e+01 -4.782892e+00 9.613532e-01
      vertex   -6.927494e+01 -5.324537e+00 1.774160e+00
      vertex   -6.836234e+01 -3.754512e+00 9.613532e-01
    endloop
  endfacet
  facet normal -4.470814e-01 6.022618e-01 6.613614e-01
    outer loop
      vertex   -6.836234e+01 -3.754512e+00 9.613532e-01
      vertex   -6.927494e+01 -5.324537e+00 1.774160e+00
      vertex   -6.798070e+01 -4.363776e+00 1.774160e+00
    endloop
  endfacet
  facet normal -3.467762e-01 6.650920e-01 6.613614e-01
    outer loop
      vertex   -6.836234e+01 -3.754512e+00 9.613532e-01
      vertex   -6.798070e+01 -4.363776e+00 1.774160e+00
      vertex   -6.683249e+01 -2.956855e+00 9.613532e-01
    endloop
  endfacet
  facet normal -3.467762e-01 6.650920e-01 6.613614e-01
    outer loop
      vertex   -6.683249e+01 -2.956855e+00 9.613532e-01
      vertex   -6.798070e+01 -4.363776e+00 1.774160e+00
      vertex   -6.655144e+01 -3.618567e+00 1.774160e+00
    endloop
  endfacet
  facet normal -2.378361e-01 7.113614e-01 6.613614e-01
    outer loop
      vertex   -6.683249e+01 -2.956855e+00 9.613532e-01
      vertex   -6.655144e+01 -3.618567e+00 1.774160e+00
      vertex   -6.519621e+01 -2.409782e+00 9.613532e-01
    endloop
  endfacet
  facet normal -2.378361e-01 7.113614e-01 6.613614e-01
    outer loop
      vertex   -6.519621e+01 -2.409782e+00 9.613532e-01
      vertex   -6.655144e+01 -3.618567e+00 1.774160e+00
      vertex   -6.502275e+01 -3.107466e+00 1.774160e+00
    endloop
  endfacet
  facet normal -1.229740e-01 7.399179e-01 6.613614e-01
    outer loop
      vertex   -6.519621e+01 -2.409782e+00 9.613532e-01
      vertex   -6.502275e+01 -3.107466e+00 1.774160e+00
      vertex   -6.349424e+01 -2.126916e+00 9.613532e-01
    endloop
  endfacet
  facet normal -1.229740e-01 7.399179e-01 6.613614e-01
    outer loop
      vertex   -6.349424e+01 -2.126916e+00 9.613532e-01
      vertex   -6.502275e+01 -3.107466e+00 1.774160e+00
      vertex   -6.343270e+01 -2.843200e+00 1.774160e+00
    endloop
  endfacet
  facet normal -5.049818e-03 7.500504e-01 6.613614e-01
    outer loop
      vertex   -6.349424e+01 -2.126916e+00 9.613532e-01
      vertex   -6.343270e+01 -2.843200e+00 1.774160e+00
      vertex   -6.176897e+01 -2.115301e+00 9.613532e-01
    endloop
  endfacet
  facet normal -5.049818e-03 7.500504e-01 6.613614e-01
    outer loop
      vertex   -6.176897e+01 -2.115301e+00 9.613532e-01
      vertex   -6.343270e+01 -2.843200e+00 1.774160e+00
      vertex   -6.182087e+01 -2.832348e+00 1.774160e+00
    endloop
  endfacet
  facet normal 1.130001e-01 7.415066e-01 6.613614e-01
    outer loop
      vertex   -6.176897e+01 -2.115301e+00 9.613532e-01
      vertex   -6.182087e+01 -2.832348e+00 1.774160e+00
      vertex   -6.006335e+01 -2.375224e+00 9.613532e-01
    endloop
  endfacet
  facet normal 1.130001e-01 7.415066e-01 6.613614e-01
    outer loop
      vertex   -6.006335e+01 -2.375224e+00 9.613532e-01
      vertex   -6.182087e+01 -2.832348e+00 1.774160e+00
      vertex   -6.022740e+01 -3.075181e+00 1.774160e+00
    endloop
  endfacet
  facet normal -5.109354e-01 2.520822e-01 8.218270e-01
    outer loop
      vertex   -7.204679e+01 -9.237760e+00 1.774160e+00
      vertex   -7.121756e+01 -9.568340e+00 2.391095e+00
      vertex   -7.133361e+01 -7.792252e+00 1.774160e+00
    endloop
  endfacet
  facet normal -5.109354e-01 2.520822e-01 8.218270e-01
    outer loop
      vertex   -7.133361e+01 -7.792252e+00 1.774160e+00
      vertex   -7.121756e+01 -9.568340e+00 2.391095e+00
      vertex   -7.056671e+01 -8.249158e+00 2.391095e+00
    endloop
  endfacet
  facet normal -4.649204e-01 3.293167e-01 8.218270e-01
    outer loop
      vertex   -7.133361e+01 -7.792252e+00 1.774160e+00
      vertex   -7.056671e+01 -8.249158e+00 2.391095e+00
      vertex   -7.040193e+01 -6.476927e+00 1.774160e+00
    endloop
  endfacet
  facet normal -4.649204e-01 3.293167e-01 8.218270e-01
    outer loop
      vertex   -7.040193e+01 -6.476927e+00 1.774160e+00
      vertex   -7.056671e+01 -8.249158e+00 2.391095e+00
      vertex   -6.971645e+01 -7.048782e+00 2.391095e+00
    endloop
  endfacet
  facet normal -4.073288e-01 3.983512e-01 8.218270e-01
    outer loop
      vertex   -7.040193e+01 -6.476927e+00 1.774160e+00
      vertex   -6.971645e+01 -7.048782e+00 2.391095e+00
      vertex   -6.927494e+01 -5.324537e+00 1.774160e+00
    endloop
  endfacet
  facet normal -4.073288e-01 3.983512e-01 8.218270e-01
    outer loop
      vertex   -6.927494e+01 -5.324537e+00 1.774160e+00
      vertex   -6.971645e+01 -7.048782e+00 2.391095e+00
      vertex   -6.868795e+01 -5.997101e+00 2.391095e+00
    endloop
  endfacet
  facet normal -3.395947e-01 4.574668e-01 8.218270e-01
    outer loop
      vertex   -6.927494e+01 -5.324537e+00 1.774160e+00
      vertex   -6.868795e+01 -5.997101e+00 2.391095e+00
      vertex   -6.798070e+01 -4.363776e+00 1.774160e+00
    endloop
  endfacet
  facet normal -3.395947e-01 4.574668e-01 8.218270e-01
    outer loop
      vertex   -6.798070e+01 -4.363776e+00 1.774160e+00
      vertex   -6.868795e+01 -5.997101e+00 2.391095e+00
      vertex   -6.750682e+01 -5.120303e+00 2.391095e+00
    endloop
  endfacet
  facet normal -2.634047e-01 5.051915e-01 8.218270e-01
    outer loop
      vertex   -6.798070e+01 -4.363776e+00 1.774160e+00
      vertex   -6.750682e+01 -5.120303e+00 2.391095e+00
      vertex   -6.655144e+01 -3.618567e+00 1.774160e+00
    endloop
  endfacet
  facet normal -2.634047e-01 5.051915e-01 8.218270e-01
    outer loop
      vertex   -6.655144e+01 -3.618567e+00 1.774160e+00
      vertex   -6.750682e+01 -5.120303e+00 2.391095e+00
      vertex   -6.620247e+01 -4.440220e+00 2.391095e+00
    endloop
  endfacet
  facet normal -1.806559e-01 5.403368e-01 8.218270e-01
    outer loop
      vertex   -6.655144e+01 -3.618567e+00 1.774160e+00
      vertex   -6.620247e+01 -4.440220e+00 2.391095e+00
      vertex   -6.502275e+01 -3.107466e+00 1.774160e+00
    endloop
  endfacet
  facet normal -1.806559e-01 5.403368e-01 8.218270e-01
    outer loop
      vertex   -6.502275e+01 -3.107466e+00 1.774160e+00
      vertex   -6.620247e+01 -4.440220e+00 2.391095e+00
      vertex   -6.480737e+01 -3.973785e+00 2.391095e+00
    endloop
  endfacet
  facet normal -9.340876e-02 5.620278e-01 8.218270e-01
    outer loop
      vertex   -6.502275e+01 -3.107466e+00 1.774160e+00
      vertex   -6.480737e+01 -3.973785e+00 2.391095e+00
      vertex   -6.343270e+01 -2.843200e+00 1.774160e+00
    endloop
  endfacet
  facet normal -9.340876e-02 5.620278e-01 8.218270e-01
    outer loop
      vertex   -6.343270e+01 -2.843200e+00 1.774160e+00
      vertex   -6.480737e+01 -3.973785e+00 2.391095e+00
      vertex   -6.335628e+01 -3.732613e+00 2.391095e+00
    endloop
  endfacet
  facet normal -3.835747e-03 5.697242e-01 8.218270e-01
    outer loop
      vertex   -6.343270e+01 -2.843200e+00 1.774160e+00
      vertex   -6.335628e+01 -3.732613e+00 2.391095e+00
      vertex   -6.182087e+01 -2.832348e+00 1.774160e+00
    endloop
  endfacet
  facet normal -3.835747e-03 5.697242e-01 8.218270e-01
    outer loop
      vertex   -6.182087e+01 -2.832348e+00 1.774160e+00
      vertex   -6.335628e+01 -3.732613e+00 2.391095e+00
      vertex   -6.188531e+01 -3.722710e+00 2.391095e+00
    endloop
  endfacet
  facet normal 8.583277e-02 5.632346e-01 8.218270e-01
    outer loop
      vertex   -6.182087e+01 -2.832348e+00 1.774160e+00
      vertex   -6.188531e+01 -3.722710e+00 2.391095e+00
      vertex   -6.022740e+01 -3.075181e+00 1.774160e+00
    endloop
  endfacet
  facet normal 8.583277e-02 5.632346e-01 8.218270e-01
    outer loop
      vertex   -6.022740e+01 -3.075181e+00 1.774160e+00
      vertex   -6.188531e+01 -3.722710e+00 2.391095e+00
      vertex   -6.043109e+01 -3.944321e+00 2.391095e+00
    endloop
  endfacet
  facet normal -3.191641e-01 1.574672e-01 9.345257e-01
    outer loop
      vertex   -7.121756e+01 -9.568340e+00 2.391095e+00
      vertex   -7.027521e+01 -9.944021e+00 2.776236e+00
      vertex   -7.056671e+01 -8.249158e+00 2.391095e+00
    endloop
  endfacet
  facet normal -3.191641e-01 1.574672e-01 9.345257e-01
    outer loop
      vertex   -7.056671e+01 -8.249158e+00 2.391095e+00
      vertex   -7.027521e+01 -9.944021e+00 2.776236e+00
      vertex   -6.969519e+01 -8.768400e+00 2.776236e+00
    endloop
  endfacet
  facet normal -2.904200e-01 2.057130e-01 9.345257e-01
    outer loop
      vertex   -7.056671e+01 -8.249158e+00 2.391095e+00
      vertex   -6.969519e+01 -8.768400e+00 2.776236e+00
      vertex   -6.971645e+01 -7.048782e+00 2.391095e+00
    endloop
  endfacet
  facet normal -2.904200e-01 2.057130e-01 9.345257e-01
    outer loop
      vertex   -6.971645e+01 -7.048782e+00 2.391095e+00
      vertex   -6.969519e+01 -8.768400e+00 2.776236e+00
      vertex   -6.893746e+01 -7.698655e+00 2.776236e+00
    endloop
  endfacet
  facet normal -2.544445e-01 2.488365e-01 9.345257e-01
    outer loop
      vertex   -6.971645e+01 -7.048782e+00 2.391095e+00
      vertex   -6.893746e+01 -7.698655e+00 2.776236e+00
      vertex   -6.868795e+01 -5.997101e+00 2.391095e+00
    endloop
  endfacet
  facet normal -2.544445e-01 2.488365e-01 9.345257e-01
    outer loop
      vertex   -6.868795e+01 -5.997101e+00 2.391095e+00
      vertex   -6.893746e+01 -7.698655e+00 2.776236e+00
      vertex   -6.802088e+01 -6.761424e+00 2.776236e+00
    endloop
  endfacet
  facet normal -2.121333e-01 2.857640e-01 9.345257e-01
    outer loop
      vertex   -6.868795e+01 -5.997101e+00 2.391095e+00
      vertex   -6.802088e+01 -6.761424e+00 2.776236e+00
      vertex   -6.750682e+01 -5.120303e+00 2.391095e+00
    endloop
  endfacet
  facet normal -2.121333e-01 2.857640e-01 9.345257e-01
    outer loop
      vertex   -6.750682e+01 -5.120303e+00 2.391095e+00
      vertex   -6.802088e+01 -6.761424e+00 2.776236e+00
      vertex   -6.696829e+01 -5.980044e+00 2.776236e+00
    endloop
  endfacet
  facet normal -1.645400e-01 3.155760e-01 9.345257e-01
    outer loop
      vertex   -6.750682e+01 -5.120303e+00 2.391095e+00
      vertex   -6.696829e+01 -5.980044e+00 2.776236e+00
      vertex   -6.620247e+01 -4.440220e+00 2.391095e+00
    endloop
  endfacet
  facet normal -1.645400e-01 3.155760e-01 9.345257e-01
    outer loop
      vertex   -6.620247e+01 -4.440220e+00 2.391095e+00
      vertex   -6.696829e+01 -5.980044e+00 2.776236e+00
      vertex   -6.580588e+01 -5.373971e+00 2.776236e+00
    endloop
  endfacet
  facet normal -1.128496e-01 3.375301e-01 9.345257e-01
    outer loop
      vertex   -6.620247e+01 -4.440220e+00 2.391095e+00
      vertex   -6.580588e+01 -5.373971e+00 2.776236e+00
      vertex   -6.480737e+01 -3.973785e+00 2.391095e+00
    endloop
  endfacet
  facet normal -1.128496e-01 3.375301e-01 9.345257e-01
    outer loop
      vertex   -6.480737e+01 -3.973785e+00 2.391095e+00
      vertex   -6.580588e+01 -5.373971e+00 2.776236e+00
      vertex   -6.456261e+01 -4.958296e+00 2.776236e+00
    endloop
  endfacet
  facet normal -5.834929e-02 3.510797e-01 9.345257e-01
    outer loop
      vertex   -6.480737e+01 -3.973785e+00 2.391095e+00
      vertex   -6.456261e+01 -4.958296e+00 2.776236e+00
      vertex   -6.335628e+01 -3.732613e+00 2.391095e+00
    endloop
  endfacet
  facet normal -5.834929e-02 3.510797e-01 9.345257e-01
    outer loop
      vertex   -6.335628e+01 -3.732613e+00 2.391095e+00
      vertex   -6.456261e+01 -4.958296e+00 2.776236e+00
      vertex   -6.326943e+01 -4.743370e+00 2.776236e+00
    endloop
  endfacet
  facet normal -2.396062e-03 3.558875e-01 9.345257e-01
    outer loop
      vertex   -6.335628e+01 -3.732613e+00 2.391095e+00
      vertex   -6.326943e+01 -4.743370e+00 2.776236e+00
      vertex   -6.188531e+01 -3.722710e+00 2.391095e+00
    endloop
  endfacet
  facet normal -2.396062e-03 3.558875e-01 9.345257e-01
    outer loop
      vertex   -6.188531e+01 -3.722710e+00 2.391095e+00
      vertex   -6.326943e+01 -4.743370e+00 2.776236e+00
      vertex   -6.195854e+01 -4.734544e+00 2.776236e+00
    endloop
  endfacet
  facet normal 5.361683e-02 3.518336e-01 9.345257e-01
    outer loop
      vertex   -6.188531e+01 -3.722710e+00 2.391095e+00
      vertex   -6.195854e+01 -4.734544e+00 2.776236e+00
      vertex   -6.043109e+01 -3.944321e+00 2.391095e+00
    endloop
  endfacet
  facet normal 5.361683e-02 3.518336e-01 9.345257e-01
    outer loop
      vertex   -6.043109e+01 -3.944321e+00 2.391095e+00
      vertex   -6.195854e+01 -4.734544e+00 2.776236e+00
      vertex   -6.066258e+01 -4.932039e+00 2.776236e+00
    endloop
  endfacet
  facet normal -1.085316e-01 5.354664e-02 9.926498e-01
    outer loop
      vertex   -7.027521e+01 -9.944021e+00 2.776236e+00
      vertex   -6.927459e+01 -1.034293e+01 2.907157e+00
      vertex   -6.969519e+01 -8.768400e+00 2.776236e+00
    endloop
  endfacet
  facet normal -1.051379e-01 5.447933e-02 9.929643e-01
    outer loop
      vertex   -6.969519e+01 -8.768400e+00 2.776236e+00
      vertex   -6.927459e+01 -1.034293e+01 2.907157e+00
      vertex   -6.861883e+01 -9.077396e+00 2.907157e+00
    endloop
  endfacet
  facet normal -1.003128e-01 7.105452e-02 9.924155e-01
    outer loop
      vertex   -6.969519e+01 -8.768400e+00 2.776236e+00
      vertex   -6.861883e+01 -9.077396e+00 2.907157e+00
      vertex   -6.893746e+01 -7.698655e+00 2.776236e+00
    endloop
  endfacet
  facet normal -9.134517e-02 7.319438e-02 9.931257e-01
    outer loop
      vertex   -6.893746e+01 -7.698655e+00 2.776236e+00
      vertex   -6.861883e+01 -9.077396e+00 2.907157e+00
      vertex   -6.772755e+01 -7.965095e+00 2.907157e+00
    endloop
  endfacet
  facet normal -8.835075e-02 8.640350e-02 9.923349e-01
    outer loop
      vertex   -6.893746e+01 -7.698655e+00 2.776236e+00
      vertex   -6.772755e+01 -7.965095e+00 2.907157e+00
      vertex   -6.802088e+01 -6.761424e+00 2.776236e+00
    endloop
  endfacet
  facet normal -7.521164e-02 8.969150e-02 9.931257e-01
    outer loop
      vertex   -6.802088e+01 -6.761424e+00 2.776236e+00
      vertex   -6.772755e+01 -7.965095e+00 2.907157e+00
      vertex   -6.663538e+01 -7.049250e+00 2.907157e+00
    endloop
  endfacet
  facet normal -7.327213e-02 9.870463e-02 9.924155e-01
    outer loop
      vertex   -6.802088e+01 -6.761424e+00 2.776236e+00
      vertex   -6.663538e+01 -7.049250e+00 2.907157e+00
      vertex   -6.696829e+01 -5.980044e+00 2.776236e+00
    endloop
  endfacet
  facet normal -5.680858e-02 1.038979e-01 9.929643e-01
    outer loop
      vertex   -6.696829e+01 -5.980044e+00 2.776236e+00
      vertex   -6.663538e+01 -7.049250e+00 2.907157e+00
      vertex   -6.538478e+01 -6.365452e+00 2.907157e+00
    endloop
  endfacet
  facet normal -5.595175e-02 1.073115e-01 9.926498e-01
    outer loop
      vertex   -6.696829e+01 -5.980044e+00 2.776236e+00
      vertex   -6.538478e+01 -6.365452e+00 2.907157e+00
      vertex   -6.580588e+01 -5.373971e+00 2.776236e+00
    endloop
  endfacet
  facet normal -3.837446e-02 1.147770e-01 9.926498e-01
    outer loop
      vertex   -6.580588e+01 -5.373971e+00 2.776236e+00
      vertex   -6.538478e+01 -6.365452e+00 2.907157e+00
      vertex   -6.456261e+01 -4.958296e+00 2.776236e+00
    endloop
  endfacet
  facet normal -3.532297e-02 1.130233e-01 9.929643e-01
    outer loop
      vertex   -6.538478e+01 -6.365452e+00 2.907157e+00
      vertex   -6.402433e+01 -5.940274e+00 2.907157e+00
      vertex   -6.456261e+01 -4.958296e+00 2.776236e+00
    endloop
  endfacet
  facet normal -2.015420e-02 1.212651e-01 9.924155e-01
    outer loop
      vertex   -6.456261e+01 -4.958296e+00 2.776236e+00
      vertex   -6.402433e+01 -5.940274e+00 2.907157e+00
      vertex   -6.326943e+01 -4.743370e+00 2.776236e+00
    endloop
  endfacet
  facet normal -1.232135e-02 1.164025e-01 9.931257e-01
    outer loop
      vertex   -6.402433e+01 -5.940274e+00 2.907157e+00
      vertex   -6.260691e+01 -5.790238e+00 2.907157e+00
      vertex   -6.326943e+01 -4.743370e+00 2.776236e+00
    endloop
  endfacet
  facet normal -8.319844e-04 1.235748e-01 9.923349e-01
    outer loop
      vertex   -6.326943e+01 -4.743370e+00 2.776236e+00
      vertex   -6.260691e+01 -5.790238e+00 2.907157e+00
      vertex   -6.195854e+01 -4.734544e+00 2.776236e+00
    endloop
  endfacet
  facet normal 1.075291e-02 1.165578e-01 9.931257e-01
    outer loop
      vertex   -6.260691e+01 -5.790238e+00 2.907157e+00
      vertex   -6.118759e+01 -5.921175e+00 2.907157e+00
      vertex   -6.195854e+01 -4.734544e+00 2.776236e+00
    endloop
  endfacet
  facet normal 1.851958e-02 1.215255e-01 9.924155e-01
    outer loop
      vertex   -6.195854e+01 -4.734544e+00 2.776236e+00
      vertex   -6.118759e+01 -5.921175e+00 2.907157e+00
      vertex   -6.066258e+01 -4.932039e+00 2.776236e+00
    endloop
  endfacet
  facet normal 3.379794e-02 1.134887e-01 9.929643e-01
    outer loop
      vertex   -6.118759e+01 -5.921175e+00 2.907157e+00
      vertex   -5.982154e+01 -6.327997e+00 2.907157e+00
      vertex   -6.066258e+01 -4.932039e+00 2.776236e+00
    endloop
  endfacet
  facet normal 1.602759e-01 3.177629e-01 9.345257e-01
    outer loop
      vertex   -5.902985e+01 -4.391929e+00 2.391095e+00
      vertex   -5.941382e+01 -5.330935e+00 2.776236e+00
      vertex   -5.771646e+01 -5.054388e+00 2.391095e+00
    endloop
  endfacet
  facet normal 1.602759e-01 3.177629e-01 9.345257e-01
    outer loop
      vertex   -5.771646e+01 -5.054388e+00 2.391095e+00
      vertex   -5.941382e+01 -5.330935e+00 2.776236e+00
      vertex   -5.824336e+01 -5.921302e+00 2.776236e+00
    endloop
  endfacet
  facet normal 2.082664e-01 2.885944e-01 9.345257e-01
    outer loop
      vertex   -5.771646e+01 -5.054388e+00 2.391095e+00
      vertex   -5.824336e+01 -5.921302e+00 2.776236e+00
      vertex   -5.652363e+01 -5.915203e+00 2.391095e+00
    endloop
  endfacet
  facet normal 2.082664e-01 2.885944e-01 9.345257e-01
    outer loop
      vertex   -5.652363e+01 -5.915203e+00 2.391095e+00
      vertex   -5.824336e+01 -5.921302e+00 2.776236e+00
      vertex   -5.718034e+01 -6.688439e+00 2.776236e+00
    endloop
  endfacet
  facet normal 2.510709e-01 2.522400e-01 9.345257e-01
    outer loop
      vertex   -5.652363e+01 -5.915203e+00 2.391095e+00
      vertex   -5.718034e+01 -6.688439e+00 2.776236e+00
      vertex   -5.548106e+01 -6.952940e+00 2.391095e+00
    endloop
  endfacet
  facet normal 2.510709e-01 2.522400e-01 9.345257e-01
    outer loop
      vertex   -5.548106e+01 -6.952940e+00 2.391095e+00
      vertex   -5.718034e+01 -6.688439e+00 2.776236e+00
      vertex   -5.625123e+01 -7.613243e+00 2.776236e+00
    endloop
  endfacet
  facet normal 2.876238e-01 2.096047e-01 9.345257e-01
    outer loop
      vertex   -5.548106e+01 -6.952940e+00 2.391095e+00
      vertex   -5.625123e+01 -7.613243e+00 2.776236e+00
      vertex   -5.461471e+01 -8.141759e+00 2.391095e+00
    endloop
  endfacet
  facet normal 2.876238e-01 2.096047e-01 9.345257e-01
    outer loop
      vertex   -5.461471e+01 -8.141759e+00 2.391095e+00
      vertex   -5.625123e+01 -7.613243e+00 2.776236e+00
      vertex   -5.547917e+01 -8.672688e+00 2.776236e+00
    endloop
  endfacet
  facet normal 2.565786e-01 5.086923e-01 8.218270e-01
    outer loop
      vertex   -5.869197e+01 -3.565652e+00 1.774160e+00
      vertex   -5.902985e+01 -4.391929e+00 2.391095e+00
      vertex   -5.725280e+01 -4.291549e+00 1.774160e+00
    endloop
  endfacet
  facet normal 2.565786e-01 5.086923e-01 8.218270e-01
    outer loop
      vertex   -5.725280e+01 -4.291549e+00 1.774160e+00
      vertex   -5.902985e+01 -4.391929e+00 2.391095e+00
      vertex   -5.771646e+01 -5.054388e+00 2.391095e+00
    endloop
  endfacet
  facet normal 3.334043e-01 4.619979e-01 8.218270e-01
    outer loop
      vertex   -5.725280e+01 -4.291549e+00 1.774160e+00
      vertex   -5.771646e+01 -5.054388e+00 2.391095e+00
      vertex   -5.594575e+01 -5.234796e+00 1.774160e+00
    endloop
  endfacet
  facet normal 3.334043e-01 4.619979e-01 8.218270e-01
    outer loop
      vertex   -5.594575e+01 -5.234796e+00 1.774160e+00
      vertex   -5.771646e+01 -5.054388e+00 2.391095e+00
      vertex   -5.652363e+01 -5.915203e+00 2.391095e+00
    endloop
  endfacet
  facet normal 4.019282e-01 4.037997e-01 8.218270e-01
    outer loop
      vertex   -5.594575e+01 -5.234796e+00 1.774160e+00
      vertex   -5.652363e+01 -5.915203e+00 2.391095e+00
      vertex   -5.480334e+01 -6.371908e+00 1.774160e+00
    endloop
  endfacet
  facet normal 4.019282e-01 4.037997e-01 8.218270e-01
    outer loop
      vertex   -5.480334e+01 -6.371908e+00 1.774160e+00
      vertex   -5.652363e+01 -5.915203e+00 2.391095e+00
      vertex   -5.548106e+01 -6.952940e+00 2.391095e+00
    endloop
  endfacet
  facet normal 4.604441e-01 3.355468e-01 8.218270e-01
    outer loop
      vertex   -5.480334e+01 -6.371908e+00 1.774160e+00
      vertex   -5.548106e+01 -6.952940e+00 2.391095e+00
      vertex   -5.385403e+01 -7.674569e+00 1.774160e+00
    endloop
  endfacet
  facet normal 4.604441e-01 3.355468e-01 8.218270e-01
    outer loop
      vertex   -5.385403e+01 -7.674569e+00 1.774160e+00
      vertex   -5.548106e+01 -6.952940e+00 2.391095e+00
      vertex   -5.461471e+01 -8.141759e+00 2.391095e+00
    endloop
  endfacet
  facet normal 3.377895e-01 6.697010e-01 6.613614e-01
    outer loop
      vertex   -5.841986e+01 -2.900215e+00 9.613532e-01
      vertex   -5.869197e+01 -3.565652e+00 1.774160e+00
      vertex   -5.687941e+01 -3.677201e+00 9.613532e-01
    endloop
  endfacet
  facet normal 3.377895e-01 6.697010e-01 6.613614e-01
    outer loop
      vertex   -5.687941e+01 -3.677201e+00 9.613532e-01
      vertex   -5.869197e+01 -3.565652e+00 1.774160e+00
      vertex   -5.725280e+01 -4.291549e+00 1.774160e+00
    endloop
  endfacet
  facet normal 4.389316e-01 6.082270e-01 6.613614e-01
    outer loop
      vertex   -5.687941e+01 -3.677201e+00 9.613532e-01
      vertex   -5.725280e+01 -4.291549e+00 1.774160e+00
      vertex   -5.548036e+01 -4.686835e+00 9.613532e-01
    endloop
  endfacet
  facet normal 4.389316e-01 6.082270e-01 6.613614e-01
    outer loop
      vertex   -5.548036e+01 -4.686835e+00 9.613532e-01
      vertex   -5.725280e+01 -4.291549e+00 1.774160e+00
      vertex   -5.594575e+01 -5.234796e+00 1.774160e+00
    endloop
  endfacet
  facet normal 5.291444e-01 5.316082e-01 6.613614e-01
    outer loop
      vertex   -5.548036e+01 -4.686835e+00 9.613532e-01
      vertex   -5.594575e+01 -5.234796e+00 1.774160e+00
      vertex   -5.425755e+01 -5.903977e+00 9.613532e-01
    endloop
  endfacet
  facet normal 5.291444e-01 5.316082e-01 6.613614e-01
    outer loop
      vertex   -5.425755e+01 -5.903977e+00 9.613532e-01
      vertex   -5.594575e+01 -5.234796e+00 1.774160e+00
      vertex   -5.480334e+01 -6.371908e+00 1.774160e+00
    endloop
  endfacet
  facet normal 6.061814e-01 4.417524e-01 6.613614e-01
    outer loop
      vertex   -5.425755e+01 -5.903977e+00 9.613532e-01
      vertex   -5.480334e+01 -6.371908e+00 1.774160e+00
      vertex   -5.324143e+01 -7.298320e+00 9.613532e-01
    endloop
  endfacet
  facet normal 6.061814e-01 4.417524e-01 6.613614e-01
    outer loop
      vertex   -5.324143e+01 -7.298320e+00 9.613532e-01
      vertex   -5.480334e+01 -6.371908e+00 1.774160e+00
      vertex   -5.385403e+01 -7.674569e+00 1.774160e+00
    endloop
  endfacet
  facet normal -1.206503e-01 6.058019e-17 9.926951e-01
    outer loop
      vertex   -8.624077e+01 -6.158176e+01 2.776236e+00
      vertex   -8.624077e+01 -8.341291e+01 2.776236e+00
      vertex   -8.516357e+01 -6.158176e+01 2.907157e+00
    endloop
  endfacet
  facet normal -1.206503e-01 0.000000e+00 9.926951e-01
    outer loop
      vertex   -8.516357e+01 -6.158176e+01 2.907157e+00
      vertex   -8.624077e+01 -8.341291e+01 2.776236e+00
      vertex   -8.624077e+01 -1.052441e+02 2.776236e+00
    endloop
  endfacet
  facet normal -1.206503e-01 -1.991778e-17 9.926951e-01
    outer loop
      vertex   -8.516357e+01 -6.158176e+01 2.907157e+00
      vertex   -8.624077e+01 -1.052441e+02 2.776236e+00
      vertex   -8.624077e+01 -1.270752e+02 2.776236e+00
    endloop
  endfacet
  facet normal -3.549260e-01 -1.901762e-17 9.348944e-01
    outer loop
      vertex   -8.624077e+01 -1.270752e+02 2.776236e+00
      vertex   -8.624077e+01 -1.052441e+02 2.776236e+00
      vertex   -8.725525e+01 -1.270752e+02 2.391095e+00
    endloop
  endfacet
  facet normal -3.549260e-01 -1.874615e-17 9.348944e-01
    outer loop
      vertex   -8.624077e+01 -1.270752e+02 2.776236e+00
      vertex   -8.725525e+01 -1.270752e+02 2.391095e+00
      vertex   -8.725525e+01 -1.489064e+02 2.391095e+00
    endloop
  endfacet
  facet normal -5.685358e-01 -1.673451e-17 8.226585e-01
    outer loop
      vertex   -8.725525e+01 -1.489064e+02 2.391095e+00
      vertex   -8.725525e+01 -1.270752e+02 2.391095e+00
      vertex   -8.814794e+01 -1.489064e+02 1.774160e+00
    endloop
  endfacet
  facet normal -5.685358e-01 -4.217884e-17 8.226585e-01
    outer loop
      vertex   -8.725525e+01 -1.489064e+02 2.391095e+00
      vertex   -8.814794e+01 -1.489064e+02 1.774160e+00
      vertex   -8.814794e+01 -1.707375e+02 1.774160e+00
    endloop
  endfacet
  facet normal -7.490420e-01 -3.369257e-17 6.625226e-01
    outer loop
      vertex   -8.814794e+01 -1.707375e+02 1.774160e+00
      vertex   -8.814794e+01 -1.489064e+02 1.774160e+00
      vertex   -8.886687e+01 -1.707375e+02 9.613532e-01
    endloop
  endfacet
  facet normal -7.490420e-01 -1.874615e-17 6.625226e-01
    outer loop
      vertex   -8.814794e+01 -1.707375e+02 1.774160e+00
      vertex   -8.886687e+01 -1.707375e+02 9.613532e-01
      vertex   -8.886687e+01 -1.925687e+02 9.613532e-01
    endloop
  endfacet
  facet normal -8.859344e-01 -1.179354e-17 4.638105e-01
    outer loop
      vertex   -8.886687e+01 -1.925687e+02 9.613532e-01
      vertex   -8.886687e+01 -1.707375e+02 9.613532e-01
      vertex   -8.937016e+01 -2.362310e+02 0.000000e+00
    endloop
  endfacet
  facet normal -8.859344e-01 -2.358708e-17 4.638105e-01
    outer loop
      vertex   -8.886687e+01 -1.925687e+02 9.613532e-01
      vertex   -8.937016e+01 -2.362310e+02 0.000000e+00
      vertex   -8.886687e+01 -2.143998e+02 9.613532e-01
    endloop
  endfacet
  facet normal -8.859344e-01 1.342084e-15 4.638105e-01
    outer loop
      vertex   -8.886687e+01 -2.143998e+02 9.613532e-01
      vertex   -8.937016e+01 -2.362310e+02 0.000000e+00
      vertex   -8.886687e+01 -2.362310e+02 9.613532e-01
    endloop
  endfacet
  facet normal -7.490420e-01 1.244709e-15 6.625226e-01
    outer loop
      vertex   -8.886687e+01 -2.143998e+02 9.613532e-01
      vertex   -8.886687e+01 -2.362310e+02 9.613532e-01
      vertex   -8.814794e+01 -2.143998e+02 1.774160e+00
    endloop
  endfacet
  facet normal -7.490420e-01 8.086218e-17 6.625226e-01
    outer loop
      vertex   -8.814794e+01 -2.143998e+02 1.774160e+00
      vertex   -8.886687e+01 -2.362310e+02 9.613532e-01
      vertex   -8.814794e+01 -2.362310e+02 1.774160e+00
    endloop
  endfacet
  facet normal -5.685358e-01 1.004071e-16 8.226585e-01
    outer loop
      vertex   -8.814794e+01 -2.143998e+02 1.774160e+00
      vertex   -8.814794e+01 -2.362310e+02 1.774160e+00
      vertex   -8.725525e+01 -2.143998e+02 2.391095e+00
    endloop
  endfacet
  facet normal -5.685358e-01 1.840797e-16 8.226585e-01
    outer loop
      vertex   -8.725525e+01 -2.143998e+02 2.391095e+00
      vertex   -8.814794e+01 -2.362310e+02 1.774160e+00
      vertex   -8.725525e+01 -2.362310e+02 2.391095e+00
    endloop
  endfacet
  facet normal -3.549260e-01 2.091938e-16 9.348944e-01
    outer loop
      vertex   -8.725525e+01 -2.143998e+02 2.391095e+00
      vertex   -8.725525e+01 -2.362310e+02 2.391095e+00
      vertex   -8.624077e+01 -2.143998e+02 2.776236e+00
    endloop
  endfacet
  facet normal -3.549260e-01 9.508808e-17 9.348944e-01
    outer loop
      vertex   -8.624077e+01 -2.143998e+02 2.776236e+00
      vertex   -8.725525e+01 -2.362310e+02 2.391095e+00
      vertex   -8.624077e+01 -2.362310e+02 2.776236e+00
    endloop
  endfacet
  facet normal -1.206503e-01 1.009670e-16 9.926951e-01
    outer loop
      vertex   -8.624077e+01 -2.143998e+02 2.776236e+00
      vertex   -8.624077e+01 -2.362310e+02 2.776236e+00
      vertex   -8.516357e+01 -2.362310e+02 2.907157e+00
    endloop
  endfacet
  facet normal -3.549260e-01 5.705285e-17 9.348944e-01
    outer loop
      vertex   -8.624077e+01 -8.341291e+01 2.776236e+00
      vertex   -8.624077e+01 -6.158176e+01 2.776236e+00
      vertex   -8.725525e+01 -8.341291e+01 2.391095e+00
    endloop
  endfacet
  facet normal -3.549260e-01 3.803523e-17 9.348944e-01
    outer loop
      vertex   -8.725525e+01 -8.341291e+01 2.391095e+00
      vertex   -8.624077e+01 -6.158176e+01 2.776236e+00
      vertex   -8.725525e+01 -6.158176e+01 2.391095e+00
    endloop
  endfacet
  facet normal -5.685358e-01 3.346903e-17 8.226585e-01
    outer loop
      vertex   -8.725525e+01 -8.341291e+01 2.391095e+00
      vertex   -8.725525e+01 -6.158176e+01 2.391095e+00
      vertex   -8.814794e+01 -8.341291e+01 1.774160e+00
    endloop
  endfacet
  facet normal -5.685358e-01 2.342832e-16 8.226585e-01
    outer loop
      vertex   -8.814794e+01 -8.341291e+01 1.774160e+00
      vertex   -8.725525e+01 -6.158176e+01 2.391095e+00
      vertex   -8.814794e+01 -6.158176e+01 1.774160e+00
    endloop
  endfacet
  facet normal -7.490420e-01 1.886784e-16 6.625226e-01
    outer loop
      vertex   -8.814794e+01 -8.341291e+01 1.774160e+00
      vertex   -8.814794e+01 -6.158176e+01 1.774160e+00
      vertex   -8.886687e+01 -8.341291e+01 9.613532e-01
    endloop
  endfacet
  facet normal -7.490420e-01 -1.684629e-17 6.625226e-01
    outer loop
      vertex   -8.886687e+01 -8.341291e+01 9.613532e-01
      vertex   -8.814794e+01 -6.158176e+01 1.774160e+00
      vertex   -8.886687e+01 -6.158176e+01 9.613532e-01
    endloop
  endfacet
  facet normal -8.859344e-01 -1.179354e-17 4.638105e-01
    outer loop
      vertex   -8.886687e+01 -8.341291e+01 9.613532e-01
      vertex   -8.886687e+01 -6.158176e+01 9.613532e-01
      vertex   -8.937016e+01 -6.158176e+01 0.000000e+00
    endloop
  endfacet
  facet normal -8.859344e-01 0.000000e+00 4.638105e-01
    outer loop
      vertex   -8.937016e+01 -2.362310e+02 0.000000e+00
      vertex   -8.886687e+01 -1.489064e+02 9.613532e-01
      vertex   -8.937016e+01 -6.158176e+01 0.000000e+00
    endloop
  endfacet
  facet normal -8.859344e-01 -2.343269e-17 4.638105e-01
    outer loop
      vertex   -8.937016e+01 -6.158176e+01 0.000000e+00
      vertex   -8.886687e+01 -1.489064e+02 9.613532e-01
      vertex   -8.886687e+01 -1.270752e+02 9.613532e-01
    endloop
  endfacet
  facet normal -8.859344e-01 -1.171634e-17 4.638105e-01
    outer loop
      vertex   -8.937016e+01 -6.158176e+01 0.000000e+00
      vertex   -8.886687e+01 -1.270752e+02 9.613532e-01
      vertex   -8.886687e+01 -1.052441e+02 9.613532e-01
    endloop
  endfacet
  facet normal -7.490420e-01 -1.684629e-17 6.625226e-01
    outer loop
      vertex   -8.886687e+01 -1.052441e+02 9.613532e-01
      vertex   -8.886687e+01 -1.270752e+02 9.613532e-01
      vertex   -8.814794e+01 -1.052441e+02 1.774160e+00
    endloop
  endfacet
  facet normal -7.490420e-01 -3.280576e-17 6.625226e-01
    outer loop
      vertex   -8.886687e+01 -1.052441e+02 9.613532e-01
      vertex   -8.814794e+01 -1.052441e+02 1.774160e+00
      vertex   -8.814794e+01 -8.341291e+01 1.774160e+00
    endloop
  endfacet
  facet normal -5.685358e-01 -4.183629e-17 8.226585e-01
    outer loop
      vertex   -8.814794e+01 -8.341291e+01 1.774160e+00
      vertex   -8.814794e+01 -1.052441e+02 1.774160e+00
      vertex   -8.725525e+01 -8.341291e+01 2.391095e+00
    endloop
  endfacet
  facet normal -1.206503e-01 1.963415e-17 9.926951e-01
    outer loop
      vertex   -8.516357e+01 -6.158176e+01 2.907157e+00
      vertex   -8.624077e+01 -1.489064e+02 2.776236e+00
      vertex   -8.516357e+01 -2.362310e+02 2.907157e+00
    endloop
  endfacet
  facet normal -1.206503e-01 -2.343269e-18 9.926951e-01
    outer loop
      vertex   -8.516357e+01 -2.362310e+02 2.907157e+00
      vertex   -8.624077e+01 -1.489064e+02 2.776236e+00
      vertex   -8.624077e+01 -1.707375e+02 2.776236e+00
    endloop
  endfacet
  facet normal -1.206503e-01 0.000000e+00 9.926951e-01
    outer loop
      vertex   -8.516357e+01 -2.362310e+02 2.907157e+00
      vertex   -8.624077e+01 -1.707375e+02 2.776236e+00
      vertex   -8.624077e+01 -1.925687e+02 2.776236e+00
    endloop
  endfacet
  facet normal -3.549260e-01 0.000000e+00 9.348944e-01
    outer loop
      vertex   -8.624077e+01 -1.925687e+02 2.776236e+00
      vertex   -8.624077e+01 -1.707375e+02 2.776236e+00
      vertex   -8.725525e+01 -1.925687e+02 2.391095e+00
    endloop
  endfacet
  facet normal -3.549260e-01 -3.749230e-17 9.348944e-01
    outer loop
      vertex   -8.624077e+01 -1.925687e+02 2.776236e+00
      vertex   -8.725525e+01 -1.925687e+02 2.391095e+00
      vertex   -8.725525e+01 -2.143998e+02 2.391095e+00
    endloop
  endfacet
  facet normal -5.685358e-01 -3.346903e-17 8.226585e-01
    outer loop
      vertex   -8.725525e+01 -2.143998e+02 2.391095e+00
      vertex   -8.725525e+01 -1.925687e+02 2.391095e+00
      vertex   -8.814794e+01 -2.143998e+02 1.774160e+00
    endloop
  endfacet
  facet normal -1.206503e-01 0.000000e+00 9.926951e-01
    outer loop
      vertex   -8.624077e+01 -1.489064e+02 2.776236e+00
      vertex   -8.516357e+01 -6.158176e+01 2.907157e+00
      vertex   -8.624077e+01 -1.270752e+02 2.776236e+00
    endloop
  endfacet
  facet normal -3.549260e-01 0.000000e+00 9.348944e-01
    outer loop
      vertex   -8.624077e+01 -1.052441e+02 2.776236e+00
      vertex   -8.624077e+01 -8.341291e+01 2.776236e+00
      vertex   -8.725525e+01 -1.052441e+02 2.391095e+00
    endloop
  endfacet
  facet normal -3.549260e-01 -3.803523e-17 9.348944e-01
    outer loop
      vertex   -8.725525e+01 -1.052441e+02 2.391095e+00
      vertex   -8.624077e+01 -8.341291e+01 2.776236e+00
      vertex   -8.725525e+01 -8.341291e+01 2.391095e+00
    endloop
  endfacet
  facet normal -5.685358e-01 -3.346903e-17 8.226585e-01
    outer loop
      vertex   -8.725525e+01 -1.052441e+02 2.391095e+00
      vertex   -8.725525e+01 -8.341291e+01 2.391095e+00
      vertex   -8.814794e+01 -1.052441e+02 1.774160e+00
    endloop
  endfacet
  facet normal -3.549260e-01 0.000000e+00 9.348944e-01
    outer loop
      vertex   -8.624077e+01 -1.270752e+02 2.776236e+00
      vertex   -8.725525e+01 -1.489064e+02 2.391095e+00
      vertex   -8.624077e+01 -1.489064e+02 2.776236e+00
    endloop
  endfacet
  facet normal -3.549260e-01 1.757452e-16 9.348944e-01
    outer loop
      vertex   -8.624077e+01 -1.489064e+02 2.776236e+00
      vertex   -8.725525e+01 -1.489064e+02 2.391095e+00
      vertex   -8.725525e+01 -1.707375e+02 2.391095e+00
    endloop
  endfacet
  facet normal -3.549260e-01 1.549664e-16 9.348944e-01
    outer loop
      vertex   -8.624077e+01 -1.489064e+02 2.776236e+00
      vertex   -8.725525e+01 -1.707375e+02 2.391095e+00
      vertex   -8.624077e+01 -1.707375e+02 2.776236e+00
    endloop
  endfacet
  facet normal -3.549260e-01 -1.874615e-17 9.348944e-01
    outer loop
      vertex   -8.624077e+01 -1.707375e+02 2.776236e+00
      vertex   -8.725525e+01 -1.707375e+02 2.391095e+00
      vertex   -8.725525e+01 -1.925687e+02 2.391095e+00
    endloop
  endfacet
  facet normal -1.206503e-01 -2.019340e-17 9.926951e-01
    outer loop
      vertex   -8.624077e+01 -2.143998e+02 2.776236e+00
      vertex   -8.516357e+01 -2.362310e+02 2.907157e+00
      vertex   -8.624077e+01 -1.925687e+02 2.776236e+00
    endloop
  endfacet
  facet normal -3.549260e-01 -1.874615e-17 9.348944e-01
    outer loop
      vertex   -8.725525e+01 -2.143998e+02 2.391095e+00
      vertex   -8.624077e+01 -2.143998e+02 2.776236e+00
      vertex   -8.624077e+01 -1.925687e+02 2.776236e+00
    endloop
  endfacet
  facet normal -3.549260e-01 -3.749230e-17 9.348944e-01
    outer loop
      vertex   -8.624077e+01 -1.052441e+02 2.776236e+00
      vertex   -8.725525e+01 -1.052441e+02 2.391095e+00
      vertex   -8.725525e+01 -1.270752e+02 2.391095e+00
    endloop
  endfacet
  facet normal -5.685358e-01 -3.346903e-17 8.226585e-01
    outer loop
      vertex   -8.725525e+01 -1.270752e+02 2.391095e+00
      vertex   -8.725525e+01 -1.052441e+02 2.391095e+00
      vertex   -8.814794e+01 -1.270752e+02 1.774160e+00
    endloop
  endfacet
  facet normal -5.685358e-01 -4.217884e-17 8.226585e-01
    outer loop
      vertex   -8.725525e+01 -1.270752e+02 2.391095e+00
      vertex   -8.814794e+01 -1.270752e+02 1.774160e+00
      vertex   -8.814794e+01 -1.489064e+02 1.774160e+00
    endloop
  endfacet
  facet normal -7.490420e-01 -3.369257e-17 6.625226e-01
    outer loop
      vertex   -8.814794e+01 -1.489064e+02 1.774160e+00
      vertex   -8.814794e+01 -1.270752e+02 1.774160e+00
      vertex   -8.886687e+01 -1.489064e+02 9.613532e-01
    endloop
  endfacet
  facet normal -7.490420e-01 -1.874615e-17 6.625226e-01
    outer loop
      vertex   -8.814794e+01 -1.489064e+02 1.774160e+00
      vertex   -8.886687e+01 -1.489064e+02 9.613532e-01
      vertex   -8.886687e+01 -1.707375e+02 9.613532e-01
    endloop
  endfacet
  facet normal -8.859344e-01 -1.179354e-17 4.638105e-01
    outer loop
      vertex   -8.886687e+01 -1.707375e+02 9.613532e-01
      vertex   -8.886687e+01 -1.489064e+02 9.613532e-01
      vertex   -8.937016e+01 -2.362310e+02 0.000000e+00
    endloop
  endfacet
  facet normal -5.685358e-01 3.282485e-16 8.226585e-01
    outer loop
      vertex   -8.814794e+01 -1.270752e+02 1.774160e+00
      vertex   -8.725525e+01 -1.052441e+02 2.391095e+00
      vertex   -8.814794e+01 -1.052441e+02 1.774160e+00
    endloop
  endfacet
  facet normal -5.685358e-01 3.198813e-16 8.226585e-01
    outer loop
      vertex   -8.725525e+01 -1.489064e+02 2.391095e+00
      vertex   -8.814794e+01 -1.707375e+02 1.774160e+00
      vertex   -8.725525e+01 -1.707375e+02 2.391095e+00
    endloop
  endfacet
  facet normal -5.685358e-01 -4.217884e-17 8.226585e-01
    outer loop
      vertex   -8.725525e+01 -1.707375e+02 2.391095e+00
      vertex   -8.814794e+01 -1.707375e+02 1.774160e+00
      vertex   -8.814794e+01 -1.925687e+02 1.774160e+00
    endloop
  endfacet
  facet normal -5.685358e-01 -1.673451e-17 8.226585e-01
    outer loop
      vertex   -8.725525e+01 -1.707375e+02 2.391095e+00
      vertex   -8.814794e+01 -1.925687e+02 1.774160e+00
      vertex   -8.725525e+01 -1.925687e+02 2.391095e+00
    endloop
  endfacet
  facet normal -5.685358e-01 -4.217884e-17 8.226585e-01
    outer loop
      vertex   -8.725525e+01 -1.925687e+02 2.391095e+00
      vertex   -8.814794e+01 -1.925687e+02 1.774160e+00
      vertex   -8.814794e+01 -2.143998e+02 1.774160e+00
    endloop
  endfacet
  facet normal -7.490420e-01 -1.684629e-17 6.625226e-01
    outer loop
      vertex   -8.886687e+01 -1.052441e+02 9.613532e-01
      vertex   -8.814794e+01 -8.341291e+01 1.774160e+00
      vertex   -8.886687e+01 -8.341291e+01 9.613532e-01
    endloop
  endfacet
  facet normal -7.490420e-01 -3.369257e-17 6.625226e-01
    outer loop
      vertex   -8.886687e+01 -1.489064e+02 9.613532e-01
      vertex   -8.814794e+01 -1.270752e+02 1.774160e+00
      vertex   -8.886687e+01 -1.270752e+02 9.613532e-01
    endloop
  endfacet
  facet normal -7.490420e-01 4.545941e-16 6.625226e-01
    outer loop
      vertex   -8.886687e+01 -1.270752e+02 9.613532e-01
      vertex   -8.814794e+01 -1.270752e+02 1.774160e+00
      vertex   -8.814794e+01 -1.052441e+02 1.774160e+00
    endloop
  endfacet
  facet normal -7.490420e-01 -3.280576e-17 6.625226e-01
    outer loop
      vertex   -8.886687e+01 -2.143998e+02 9.613532e-01
      vertex   -8.814794e+01 -2.143998e+02 1.774160e+00
      vertex   -8.814794e+01 -1.925687e+02 1.774160e+00
    endloop
  endfacet
  facet normal -7.490420e-01 -3.369257e-17 6.625226e-01
    outer loop
      vertex   -8.886687e+01 -2.143998e+02 9.613532e-01
      vertex   -8.814794e+01 -1.925687e+02 1.774160e+00
      vertex   -8.886687e+01 -1.925687e+02 9.613532e-01
    endloop
  endfacet
  facet normal -7.490420e-01 -3.280576e-17 6.625226e-01
    outer loop
      vertex   -8.886687e+01 -1.925687e+02 9.613532e-01
      vertex   -8.814794e+01 -1.925687e+02 1.774160e+00
      vertex   -8.814794e+01 -1.707375e+02 1.774160e+00
    endloop
  endfacet
  facet normal -8.859344e-01 -1.171634e-17 4.638105e-01
    outer loop
      vertex   -8.937016e+01 -6.158176e+01 0.000000e+00
      vertex   -8.886687e+01 -1.052441e+02 9.613532e-01
      vertex   -8.886687e+01 -8.341291e+01 9.613532e-01
    endloop
  endfacet
  facet normal -8.229488e-01 3.280778e-01 4.638105e-01
    outer loop
      vertex   -7.318211e+01 -8.785151e+00 -2.775558e-16
      vertex   -8.485576e+01 -3.806728e+01 -2.775558e-16
      vertex   -7.855142e+01 -2.361259e+01 9.613532e-01
    endloop
  endfacet
  facet normal -8.229488e-01 3.280778e-01 4.638105e-01
    outer loop
      vertex   -7.855142e+01 -2.361259e+01 9.613532e-01
      vertex   -8.485576e+01 -3.806728e+01 -2.775558e-16
      vertex   -8.438825e+01 -3.825366e+01 9.613532e-01
    endloop
  endfacet
  facet normal -6.957887e-01 2.773840e-01 6.625226e-01
    outer loop
      vertex   -7.855142e+01 -2.361259e+01 9.613532e-01
      vertex   -8.438825e+01 -3.825366e+01 9.613532e-01
      vertex   -7.788361e+01 -2.387882e+01 1.774160e+00
    endloop
  endfacet
  facet normal -6.957887e-01 2.773840e-01 6.625226e-01
    outer loop
      vertex   -7.788361e+01 -2.387882e+01 1.774160e+00
      vertex   -8.438825e+01 -3.825366e+01 9.613532e-01
      vertex   -8.372044e+01 -3.851989e+01 1.774160e+00
    endloop
  endfacet
  facet normal -5.281157e-01 2.105393e-01 8.226585e-01
    outer loop
      vertex   -7.788361e+01 -2.387882e+01 1.774160e+00
      vertex   -8.372044e+01 -3.851989e+01 1.774160e+00
      vertex   -7.705439e+01 -2.420940e+01 2.391095e+00
    endloop
  endfacet
  facet normal -5.281157e-01 2.105393e-01 8.226585e-01
    outer loop
      vertex   -7.705439e+01 -2.420940e+01 2.391095e+00
      vertex   -8.372044e+01 -3.851989e+01 1.774160e+00
      vertex   -8.289121e+01 -3.885047e+01 2.391095e+00
    endloop
  endfacet
  facet normal -3.296925e-01 1.314356e-01 9.348944e-01
    outer loop
      vertex   -7.705439e+01 -2.420940e+01 2.391095e+00
      vertex   -8.289121e+01 -3.885047e+01 2.391095e+00
      vertex   -7.611203e+01 -2.458508e+01 2.776236e+00
    endloop
  endfacet
  facet normal -3.296925e-01 1.314356e-01 9.348944e-01
    outer loop
      vertex   -7.611203e+01 -2.458508e+01 2.776236e+00
      vertex   -8.289121e+01 -3.885047e+01 2.391095e+00
      vertex   -8.194886e+01 -3.922615e+01 2.776236e+00
    endloop
  endfacet
  facet normal -1.120727e-01 4.467904e-02 9.926951e-01
    outer loop
      vertex   -7.611203e+01 -2.458508e+01 2.776236e+00
      vertex   -8.194886e+01 -3.922615e+01 2.776236e+00
      vertex   -8.094824e+01 -3.962506e+01 2.907157e+00
    endloop
  endfacet
  facet normal -1.120727e-01 4.467904e-02 9.926951e-01
    outer loop
      vertex   -8.094824e+01 -3.962506e+01 2.907157e+00
      vertex   -6.927459e+01 -1.034293e+01 2.907157e+00
      vertex   -7.611203e+01 -2.458508e+01 2.776236e+00
    endloop
  endfacet
  facet normal -1.120727e-01 4.467904e-02 9.926951e-01
    outer loop
      vertex   -7.611203e+01 -2.458508e+01 2.776236e+00
      vertex   -6.927459e+01 -1.034293e+01 2.907157e+00
      vertex   -7.027521e+01 -9.944021e+00 2.776236e+00
    endloop
  endfacet
  facet normal -3.296925e-01 1.314356e-01 9.348944e-01
    outer loop
      vertex   -7.611203e+01 -2.458508e+01 2.776236e+00
      vertex   -7.027521e+01 -9.944021e+00 2.776236e+00
      vertex   -7.705439e+01 -2.420940e+01 2.391095e+00
    endloop
  endfacet
  facet normal -3.296925e-01 1.314356e-01 9.348944e-01
    outer loop
      vertex   -7.705439e+01 -2.420940e+01 2.391095e+00
      vertex   -7.027521e+01 -9.944021e+00 2.776236e+00
      vertex   -7.121756e+01 -9.568340e+00 2.391095e+00
    endloop
  endfacet
  facet normal -5.281157e-01 2.105393e-01 8.226585e-01
    outer loop
      vertex   -7.705439e+01 -2.420940e+01 2.391095e+00
      vertex   -7.121756e+01 -9.568340e+00 2.391095e+00
      vertex   -7.788361e+01 -2.387882e+01 1.774160e+00
    endloop
  endfacet
  facet normal -5.281157e-01 2.105393e-01 8.226585e-01
    outer loop
      vertex   -7.788361e+01 -2.387882e+01 1.774160e+00
      vertex   -7.121756e+01 -9.568340e+00 2.391095e+00
      vertex   -7.204679e+01 -9.237760e+00 1.774160e+00
    endloop
  endfacet
  facet normal -6.957887e-01 2.773840e-01 6.625226e-01
    outer loop
      vertex   -7.788361e+01 -2.387882e+01 1.774160e+00
      vertex   -7.204679e+01 -9.237760e+00 1.774160e+00
      vertex   -7.855142e+01 -2.361259e+01 9.613532e-01
    endloop
  endfacet
  facet normal -6.957887e-01 2.773840e-01 6.625226e-01
    outer loop
      vertex   -7.855142e+01 -2.361259e+01 9.613532e-01
      vertex   -7.204679e+01 -9.237760e+00 1.774160e+00
      vertex   -7.271460e+01 -8.971530e+00 9.613532e-01
    endloop
  endfacet
  facet normal -8.229488e-01 3.280778e-01 4.638105e-01
    outer loop
      vertex   -7.855142e+01 -2.361259e+01 9.613532e-01
      vertex   -7.271460e+01 -8.971530e+00 9.613532e-01
      vertex   -7.318211e+01 -8.785151e+00 -2.775558e-16
    endloop
  endfacet
  facet normal -1.134848e-01 4.113465e-02 9.926878e-01
    outer loop
      vertex   -8.094824e+01 -3.962506e+01 2.907157e+00
      vertex   -8.194886e+01 -3.922615e+01 2.776236e+00
      vertex   -8.222549e+01 -4.314881e+01 2.907157e+00
    endloop
  endfacet
  facet normal -1.134848e-01 4.113465e-02 9.926878e-01
    outer loop
      vertex   -8.222549e+01 -4.314881e+01 2.907157e+00
      vertex   -8.194886e+01 -3.922615e+01 2.776236e+00
      vertex   -8.324931e+01 -4.281392e+01 2.776236e+00
    endloop
  endfacet
  facet normal -1.158570e-01 3.388213e-02 9.926878e-01
    outer loop
      vertex   -8.222549e+01 -4.314881e+01 2.907157e+00
      vertex   -8.324931e+01 -4.281392e+01 2.776236e+00
      vertex   -8.327754e+01 -4.674622e+01 2.907157e+00
    endloop
  endfacet
  facet normal -1.158570e-01 3.388213e-02 9.926878e-01
    outer loop
      vertex   -8.327754e+01 -4.674622e+01 2.907157e+00
      vertex   -8.324931e+01 -4.281392e+01 2.776236e+00
      vertex   -8.432048e+01 -4.647669e+01 2.776236e+00
    endloop
  endfacet
  facet normal -1.177663e-01 2.649422e-02 9.926878e-01
    outer loop
      vertex   -8.327754e+01 -4.674622e+01 2.907157e+00
      vertex   -8.432048e+01 -4.647669e+01 2.776236e+00
      vertex   -8.410020e+01 -5.040292e+01 2.907157e+00
    endloop
  endfacet
  facet normal -1.177663e-01 2.649422e-02 9.926878e-01
    outer loop
      vertex   -8.410020e+01 -5.040292e+01 2.907157e+00
      vertex   -8.432048e+01 -4.647669e+01 2.776236e+00
      vertex   -8.515809e+01 -5.019982e+01 2.776236e+00
    endloop
  endfacet
  facet normal -1.192050e-01 1.900043e-02 9.926878e-01
    outer loop
      vertex   -8.410020e+01 -5.040292e+01 2.907157e+00
      vertex   -8.515809e+01 -5.019982e+01 2.776236e+00
      vertex   -8.469017e+01 -5.410429e+01 2.907157e+00
    endloop
  endfacet
  facet normal -1.192050e-01 1.900043e-02 9.926878e-01
    outer loop
      vertex   -8.469017e+01 -5.410429e+01 2.907157e+00
      vertex   -8.515809e+01 -5.019982e+01 2.776236e+00
      vertex   -8.575878e+01 -5.396844e+01 2.776236e+00
    endloop
  endfacet
  facet normal -1.201673e-01 1.143071e-02 9.926878e-01
    outer loop
      vertex   -8.469017e+01 -5.410429e+01 2.907157e+00
      vertex   -8.575878e+01 -5.396844e+01 2.776236e+00
      vertex   -8.504510e+01 -5.783554e+01 2.907157e+00
    endloop
  endfacet
  facet normal -1.201673e-01 1.143071e-02 9.926878e-01
    outer loop
      vertex   -8.504510e+01 -5.783554e+01 2.907157e+00
      vertex   -8.575878e+01 -5.396844e+01 2.776236e+00
      vertex   -8.612015e+01 -5.776748e+01 2.776236e+00
    endloop
  endfacet
  facet normal -1.206495e-01 3.815320e-03 9.926878e-01
    outer loop
      vertex   -8.504510e+01 -5.783554e+01 2.907157e+00
      vertex   -8.612015e+01 -5.776748e+01 2.776236e+00
      vertex   -8.516357e+01 -6.158176e+01 2.907157e+00
    endloop
  endfacet
  facet normal -1.206495e-01 3.815320e-03 9.926878e-01
    outer loop
      vertex   -8.516357e+01 -6.158176e+01 2.907157e+00
      vertex   -8.612015e+01 -5.776748e+01 2.776236e+00
      vertex   -8.624077e+01 -6.158176e+01 2.776236e+00
    endloop
  endfacet
  facet normal -3.549037e-01 1.122318e-02 9.348355e-01
    outer loop
      vertex   -8.624077e+01 -6.158176e+01 2.776236e+00
      vertex   -8.612015e+01 -5.776748e+01 2.776236e+00
      vertex   -8.713261e+01 -5.770338e+01 2.391095e+00
    endloop
  endfacet
  facet normal -3.549037e-01 1.122318e-02 9.348355e-01
    outer loop
      vertex   -8.624077e+01 -6.158176e+01 2.776236e+00
      vertex   -8.713261e+01 -5.770338e+01 2.391095e+00
      vertex   -8.725525e+01 -6.158176e+01 2.391095e+00
    endloop
  endfacet
  facet normal -5.684439e-01 1.797601e-02 8.225256e-01
    outer loop
      vertex   -8.725525e+01 -6.158176e+01 2.391095e+00
      vertex   -8.713261e+01 -5.770338e+01 2.391095e+00
      vertex   -8.802351e+01 -5.764698e+01 1.774160e+00
    endloop
  endfacet
  facet normal -5.684439e-01 1.797601e-02 8.225256e-01
    outer loop
      vertex   -8.725525e+01 -6.158176e+01 2.391095e+00
      vertex   -8.802351e+01 -5.764698e+01 1.774160e+00
      vertex   -8.814794e+01 -6.158176e+01 1.774160e+00
    endloop
  endfacet
  facet normal -7.488319e-01 2.368045e-02 6.623368e-01
    outer loop
      vertex   -8.814794e+01 -6.158176e+01 1.774160e+00
      vertex   -8.802351e+01 -5.764698e+01 1.774160e+00
      vertex   -8.874100e+01 -5.760155e+01 9.613532e-01
    endloop
  endfacet
  facet normal -7.488319e-01 2.368045e-02 6.623368e-01
    outer loop
      vertex   -8.814794e+01 -6.158176e+01 1.774160e+00
      vertex   -8.874100e+01 -5.760155e+01 9.613532e-01
      vertex   -8.886687e+01 -6.158176e+01 9.613532e-01
    endloop
  endfacet
  facet normal -8.855869e-01 2.800508e-02 4.636286e-01
    outer loop
      vertex   -8.886687e+01 -6.158176e+01 9.613532e-01
      vertex   -8.874100e+01 -5.760155e+01 9.613532e-01
      vertex   -8.924329e+01 -5.756975e+01 0.000000e+00
    endloop
  endfacet
  facet normal -8.855869e-01 2.800508e-02 4.636286e-01
    outer loop
      vertex   -8.886687e+01 -6.158176e+01 9.613532e-01
      vertex   -8.924329e+01 -5.756975e+01 0.000000e+00
      vertex   -8.937016e+01 -6.158176e+01 0.000000e+00
    endloop
  endfacet
  facet normal -3.338279e-01 1.210021e-01 9.348355e-01
    outer loop
      vertex   -8.194886e+01 -3.922615e+01 2.776236e+00
      vertex   -8.289121e+01 -3.885047e+01 2.391095e+00
      vertex   -8.324931e+01 -4.281392e+01 2.776236e+00
    endloop
  endfacet
  facet normal -3.338279e-01 1.210021e-01 9.348355e-01
    outer loop
      vertex   -8.324931e+01 -4.281392e+01 2.776236e+00
      vertex   -8.289121e+01 -3.885047e+01 2.391095e+00
      vertex   -8.421352e+01 -4.249853e+01 2.391095e+00
    endloop
  endfacet
  facet normal -3.408062e-01 9.966802e-02 9.348355e-01
    outer loop
      vertex   -8.324931e+01 -4.281392e+01 2.776236e+00
      vertex   -8.421352e+01 -4.249853e+01 2.391095e+00
      vertex   -8.432048e+01 -4.647669e+01 2.776236e+00
    endloop
  endfacet
  facet normal -3.408062e-01 9.966802e-02 9.348355e-01
    outer loop
      vertex   -8.432048e+01 -4.647669e+01 2.776236e+00
      vertex   -8.421352e+01 -4.249853e+01 2.391095e+00
      vertex   -8.530269e+01 -4.622285e+01 2.391095e+00
    endloop
  endfacet
  facet normal -3.464226e-01 7.793566e-02 9.348355e-01
    outer loop
      vertex   -8.432048e+01 -4.647669e+01 2.776236e+00
      vertex   -8.530269e+01 -4.622285e+01 2.391095e+00
      vertex   -8.515809e+01 -5.019982e+01 2.776236e+00
    endloop
  endfacet
  facet normal -3.464226e-01 7.793566e-02 9.348355e-01
    outer loop
      vertex   -8.515809e+01 -5.019982e+01 2.776236e+00
      vertex   -8.530269e+01 -4.622285e+01 2.391095e+00
      vertex   -8.615437e+01 -5.000855e+01 2.391095e+00
    endloop
  endfacet
  facet normal -3.506546e-01 5.589186e-02 9.348355e-01
    outer loop
      vertex   -8.515809e+01 -5.019982e+01 2.776236e+00
      vertex   -8.615437e+01 -5.000855e+01 2.391095e+00
      vertex   -8.575878e+01 -5.396844e+01 2.776236e+00
    endloop
  endfacet
  facet normal -3.506546e-01 5.589186e-02 9.348355e-01
    outer loop
      vertex   -8.575878e+01 -5.396844e+01 2.776236e+00
      vertex   -8.615437e+01 -5.000855e+01 2.391095e+00
      vertex   -8.676516e+01 -5.384050e+01 2.391095e+00
    endloop
  endfacet
  facet normal -3.534854e-01 3.362470e-02 9.348355e-01
    outer loop
      vertex   -8.575878e+01 -5.396844e+01 2.776236e+00
      vertex   -8.676516e+01 -5.384050e+01 2.391095e+00
      vertex   -8.612015e+01 -5.776748e+01 2.776236e+00
    endloop
  endfacet
  facet normal -3.534854e-01 3.362470e-02 9.348355e-01
    outer loop
      vertex   -8.612015e+01 -5.776748e+01 2.776236e+00
      vertex   -8.676516e+01 -5.384050e+01 2.391095e+00
      vertex   -8.713261e+01 -5.770338e+01 2.391095e+00
    endloop
  endfacet
  facet normal -5.346872e-01 1.938073e-01 8.225256e-01
    outer loop
      vertex   -8.289121e+01 -3.885047e+01 2.391095e+00
      vertex   -8.372044e+01 -3.851989e+01 1.774160e+00
      vertex   -8.421352e+01 -4.249853e+01 2.391095e+00
    endloop
  endfacet
  facet normal -5.346872e-01 1.938073e-01 8.225256e-01
    outer loop
      vertex   -8.421352e+01 -4.249853e+01 2.391095e+00
      vertex   -8.372044e+01 -3.851989e+01 1.774160e+00
      vertex   -8.506198e+01 -4.222100e+01 1.774160e+00
    endloop
  endfacet
  facet normal -5.458642e-01 1.596368e-01 8.225256e-01
    outer loop
      vertex   -8.421352e+01 -4.249853e+01 2.391095e+00
      vertex   -8.506198e+01 -4.222100e+01 1.774160e+00
      vertex   -8.530269e+01 -4.622285e+01 2.391095e+00
    endloop
  endfacet
  facet normal -5.458642e-01 1.596368e-01 8.225256e-01
    outer loop
      vertex   -8.530269e+01 -4.622285e+01 2.391095e+00
      vertex   -8.506198e+01 -4.222100e+01 1.774160e+00
      vertex   -8.616699e+01 -4.599949e+01 1.774160e+00
    endloop
  endfacet
  facet normal -5.548599e-01 1.248284e-01 8.225256e-01
    outer loop
      vertex   -8.530269e+01 -4.622285e+01 2.391095e+00
      vertex   -8.616699e+01 -4.599949e+01 1.774160e+00
      vertex   -8.615437e+01 -5.000855e+01 2.391095e+00
    endloop
  endfacet
  facet normal -5.548599e-01 1.248284e-01 8.225256e-01
    outer loop
      vertex   -8.615437e+01 -5.000855e+01 2.391095e+00
      vertex   -8.616699e+01 -4.599949e+01 1.774160e+00
      vertex   -8.703105e+01 -4.984024e+01 1.774160e+00
    endloop
  endfacet
  facet normal -5.616383e-01 8.952115e-02 8.225256e-01
    outer loop
      vertex   -8.615437e+01 -5.000855e+01 2.391095e+00
      vertex   -8.703105e+01 -4.984024e+01 1.774160e+00
      vertex   -8.676516e+01 -5.384050e+01 2.391095e+00
    endloop
  endfacet
  facet normal -5.616383e-01 8.952115e-02 8.225256e-01
    outer loop
      vertex   -8.676516e+01 -5.384050e+01 2.391095e+00
      vertex   -8.703105e+01 -4.984024e+01 1.774160e+00
      vertex   -8.765072e+01 -5.372792e+01 1.774160e+00
    endloop
  endfacet
  facet normal -5.661723e-01 5.385619e-02 8.225256e-01
    outer loop
      vertex   -8.676516e+01 -5.384050e+01 2.391095e+00
      vertex   -8.765072e+01 -5.372792e+01 1.774160e+00
      vertex   -8.713261e+01 -5.770338e+01 2.391095e+00
    endloop
  endfacet
  facet normal -5.661723e-01 5.385619e-02 8.225256e-01
    outer loop
      vertex   -8.713261e+01 -5.770338e+01 2.391095e+00
      vertex   -8.765072e+01 -5.372792e+01 1.774160e+00
      vertex   -8.802351e+01 -5.764698e+01 1.774160e+00
    endloop
  endfacet
  facet normal -7.043629e-01 2.553094e-01 6.623368e-01
    outer loop
      vertex   -8.372044e+01 -3.851989e+01 1.774160e+00
      vertex   -8.438825e+01 -3.825366e+01 9.613532e-01
      vertex   -8.506198e+01 -4.222100e+01 1.774160e+00
    endloop
  endfacet
  facet normal -7.043629e-01 2.553094e-01 6.623368e-01
    outer loop
      vertex   -8.506198e+01 -4.222100e+01 1.774160e+00
      vertex   -8.438825e+01 -3.825366e+01 9.613532e-01
      vertex   -8.574528e+01 -4.199750e+01 9.613532e-01
    endloop
  endfacet
  facet normal -7.190868e-01 2.102954e-01 6.623368e-01
    outer loop
      vertex   -8.506198e+01 -4.222100e+01 1.774160e+00
      vertex   -8.574528e+01 -4.199750e+01 9.613532e-01
      vertex   -8.616699e+01 -4.599949e+01 1.774160e+00
    endloop
  endfacet
  facet normal -7.190868e-01 2.102954e-01 6.623368e-01
    outer loop
      vertex   -8.616699e+01 -4.599949e+01 1.774160e+00
      vertex   -8.574528e+01 -4.199750e+01 9.613532e-01
      vertex   -8.686304e+01 -4.581961e+01 9.613532e-01
    endloop
  endfacet
  facet normal -7.309372e-01 1.644410e-01 6.623368e-01
    outer loop
      vertex   -8.616699e+01 -4.599949e+01 1.774160e+00
      vertex   -8.686304e+01 -4.581961e+01 9.613532e-01
      vertex   -8.703105e+01 -4.984024e+01 1.774160e+00
    endloop
  endfacet
  facet normal -7.309372e-01 1.644410e-01 6.623368e-01
    outer loop
      vertex   -8.703105e+01 -4.984024e+01 1.774160e+00
      vertex   -8.686304e+01 -4.581961e+01 9.613532e-01
      vertex   -8.773708e+01 -4.970470e+01 9.613532e-01
    endloop
  endfacet
  facet normal -7.398666e-01 1.179295e-01 6.623368e-01
    outer loop
      vertex   -8.703105e+01 -4.984024e+01 1.774160e+00
      vertex   -8.773708e+01 -4.970470e+01 9.613532e-01
      vertex   -8.765072e+01 -5.372792e+01 1.774160e+00
    endloop
  endfacet
  facet normal -7.398666e-01 1.179295e-01 6.623368e-01
    outer loop
      vertex   -8.765072e+01 -5.372792e+01 1.774160e+00
      vertex   -8.773708e+01 -4.970470e+01 9.613532e-01
      vertex   -8.836390e+01 -5.363725e+01 9.613532e-01
    endloop
  endfacet
  facet normal -7.458395e-01 7.094672e-02 6.623368e-01
    outer loop
      vertex   -8.765072e+01 -5.372792e+01 1.774160e+00
      vertex   -8.836390e+01 -5.363725e+01 9.613532e-01
      vertex   -8.802351e+01 -5.764698e+01 1.774160e+00
    endloop
  endfacet
  facet normal -7.458395e-01 7.094672e-02 6.623368e-01
    outer loop
      vertex   -8.802351e+01 -5.764698e+01 1.774160e+00
      vertex   -8.836390e+01 -5.363725e+01 9.613532e-01
      vertex   -8.874100e+01 -5.760155e+01 9.613532e-01
    endloop
  endfacet
  facet normal -8.329968e-01 3.019351e-01 4.636286e-01
    outer loop
      vertex   -8.438825e+01 -3.825366e+01 9.613532e-01
      vertex   -8.485576e+01 -3.806728e+01 -2.775558e-16
      vertex   -8.574528e+01 -4.199750e+01 9.613532e-01
    endloop
  endfacet
  facet normal -8.329968e-01 3.019351e-01 4.636286e-01
    outer loop
      vertex   -8.574528e+01 -4.199750e+01 9.613532e-01
      vertex   -8.485576e+01 -3.806728e+01 -2.775558e-16
      vertex   -8.622363e+01 -4.184103e+01 0.000000e+00
    endloop
  endfacet
  facet normal -8.504097e-01 2.487004e-01 4.636286e-01
    outer loop
      vertex   -8.574528e+01 -4.199750e+01 9.613532e-01
      vertex   -8.622363e+01 -4.184103e+01 0.000000e+00
      vertex   -8.686304e+01 -4.581961e+01 9.613532e-01
    endloop
  endfacet
  facet normal -8.504097e-01 2.487004e-01 4.636286e-01
    outer loop
      vertex   -8.686304e+01 -4.581961e+01 9.613532e-01
      vertex   -8.622363e+01 -4.184103e+01 0.000000e+00
      vertex   -8.735033e+01 -4.569367e+01 0.000000e+00
    endloop
  endfacet
  facet normal -8.644242e-01 1.944719e-01 4.636286e-01
    outer loop
      vertex   -8.686304e+01 -4.581961e+01 9.613532e-01
      vertex   -8.735033e+01 -4.569367e+01 0.000000e+00
      vertex   -8.773708e+01 -4.970470e+01 9.613532e-01
    endloop
  endfacet
  facet normal -8.644242e-01 1.944719e-01 4.636286e-01
    outer loop
      vertex   -8.773708e+01 -4.970470e+01 9.613532e-01
      vertex   -8.735033e+01 -4.569367e+01 0.000000e+00
      vertex   -8.823135e+01 -4.960981e+01 0.000000e+00
    endloop
  endfacet
  facet normal -8.749844e-01 1.394663e-01 4.636286e-01
    outer loop
      vertex   -8.773708e+01 -4.970470e+01 9.613532e-01
      vertex   -8.823135e+01 -4.960981e+01 0.000000e+00
      vertex   -8.836390e+01 -5.363725e+01 9.613532e-01
    endloop
  endfacet
  facet normal -8.749844e-01 1.394663e-01 4.636286e-01
    outer loop
      vertex   -8.836390e+01 -5.363725e+01 9.613532e-01
      vertex   -8.823135e+01 -4.960981e+01 0.000000e+00
      vertex   -8.886318e+01 -5.357378e+01 0.000000e+00
    endloop
  endfacet
  facet normal -8.820480e-01 8.390333e-02 4.636286e-01
    outer loop
      vertex   -8.836390e+01 -5.363725e+01 9.613532e-01
      vertex   -8.886318e+01 -5.357378e+01 0.000000e+00
      vertex   -8.874100e+01 -5.760155e+01 9.613532e-01
    endloop
  endfacet
  facet normal -8.820480e-01 8.390333e-02 4.636286e-01
    outer loop
      vertex   -8.874100e+01 -5.760155e+01 9.613532e-01
      vertex   -8.886318e+01 -5.357378e+01 0.000000e+00
      vertex   -8.924329e+01 -5.756975e+01 0.000000e+00
    endloop
  endfacet
  facet normal 0.000000e+00 0.000000e+00 1.000000e+00
    outer loop
      vertex   -4.036184e+01 -6.177613e+01 2.907157e+00
      vertex   -4.492955e+01 -2.445695e+02 2.907157e+00
      vertex   -4.036184e+01 -2.366580e+02 2.907157e+00
    endloop
  endfacet
  facet normal 0.000000e+00 0.000000e+00 1.000000e+00
    outer loop
      vertex   -4.036184e+01 -2.366580e+02 2.907157e+00
      vertex   -4.492955e+01 -2.445695e+02 2.907157e+00
      vertex   -4.362512e+01 -2.436561e+02 2.907157e+00
    endloop
  endfacet
  facet normal 0.000000e+00 0.000000e+00 1.000000e+00
    outer loop
      vertex   -4.036184e+01 -2.366580e+02 2.907157e+00
      vertex   -4.362512e+01 -2.436561e+02 2.907157e+00
      vertex   -4.249912e+01 -2.425301e+02 2.907157e+00
    endloop
  endfacet
  facet normal 0.000000e+00 0.000000e+00 1.000000e+00
    outer loop
      vertex   -4.051339e+01 -5.714816e+01 2.907157e+00
      vertex   -4.096739e+01 -5.254003e+01 2.907157e+00
      vertex   -4.036184e+01 -6.177613e+01 2.907157e+00
    endloop
  endfacet
  facet normal 0.000000e+00 0.000000e+00 1.000000e+00
    outer loop
      vertex   -4.036184e+01 -6.177613e+01 2.907157e+00
      vertex   -4.096739e+01 -5.254003e+01 2.907157e+00
      vertex   -4.172189e+01 -4.797147e+01 2.907157e+00
    endloop
  endfacet
  facet normal 0.000000e+00 0.000000e+00 1.000000e+00
    outer loop
      vertex   -4.036184e+01 -6.177613e+01 2.907157e+00
      vertex   -4.172189e+01 -4.797147e+01 2.907157e+00
      vertex   -4.277367e+01 -4.346205e+01 2.907157e+00
    endloop
  endfacet
  facet normal 0.000000e+00 0.000000e+00 1.000000e+00
    outer loop
      vertex   -4.277367e+01 -4.346205e+01 2.907157e+00
      vertex   -4.411821e+01 -3.903111e+01 2.907157e+00
      vertex   -4.036184e+01 -6.177613e+01 2.907157e+00
    endloop
  endfacet
  facet normal 0.000000e+00 0.000000e+00 1.000000e+00
    outer loop
      vertex   -4.036184e+01 -6.177613e+01 2.907157e+00
      vertex   -4.411821e+01 -3.903111e+01 2.907157e+00
      vertex   -4.574975e+01 -3.469763e+01 2.907157e+00
    endloop
  endfacet
  facet normal 0.000000e+00 0.000000e+00 1.000000e+00
    outer loop
      vertex   -4.036184e+01 -6.177613e+01 2.907157e+00
      vertex   -4.574975e+01 -3.469763e+01 2.907157e+00
      vertex   -4.492955e+01 -2.445695e+02 2.907157e+00
    endloop
  endfacet
  facet normal 0.000000e+00 0.000000e+00 1.000000e+00
    outer loop
      vertex   -4.492955e+01 -2.445695e+02 2.907157e+00
      vertex   -4.574975e+01 -3.469763e+01 2.907157e+00
      vertex   -5.587853e+01 -1.025274e+01 2.907157e+00
    endloop
  endfacet
  facet normal 0.000000e+00 0.000000e+00 1.000000e+00
    outer loop
      vertex   -4.492955e+01 -2.445695e+02 2.907157e+00
      vertex   -5.587853e+01 -1.025274e+01 2.907157e+00
      vertex   -6.118759e+01 -5.921175e+00 2.907157e+00
    endloop
  endfacet
  facet normal 0.000000e+00 0.000000e+00 1.000000e+00
    outer loop
      vertex   -6.118759e+01 -5.921175e+00 2.907157e+00
      vertex   -5.587853e+01 -1.025274e+01 2.907157e+00
      vertex   -5.982154e+01 -6.327997e+00 2.907157e+00
    endloop
  endfacet
  facet normal 0.000000e+00 0.000000e+00 1.000000e+00
    outer loop
      vertex   -5.982154e+01 -6.327997e+00 2.907157e+00
      vertex   -5.587853e+01 -1.025274e+01 2.907157e+00
      vertex   -5.856184e+01 -6.994894e+00 2.907157e+00
    endloop
  endfacet
  facet normal 0.000000e+00 0.000000e+00 1.000000e+00
    outer loop
      vertex   -5.856184e+01 -6.994894e+00 2.907157e+00
      vertex   -5.587853e+01 -1.025274e+01 2.907157e+00
      vertex   -5.745744e+01 -7.895950e+00 2.907157e+00
    endloop
  endfacet
  facet normal 0.000000e+00 0.000000e+00 1.000000e+00
    outer loop
      vertex   -5.745744e+01 -7.895950e+00 2.907157e+00
      vertex   -5.587853e+01 -1.025274e+01 2.907157e+00
      vertex   -5.655127e+01 -8.996150e+00 2.907157e+00
    endloop
  endfacet
  facet normal 0.000000e+00 0.000000e+00 1.000000e+00
    outer loop
      vertex   -6.118759e+01 -5.921175e+00 2.907157e+00
      vertex   -6.260691e+01 -5.790238e+00 2.907157e+00
      vertex   -4.492955e+01 -2.445695e+02 2.907157e+00
    endloop
  endfacet
  facet normal 0.000000e+00 0.000000e+00 1.000000e+00
    outer loop
      vertex   -4.492955e+01 -2.445695e+02 2.907157e+00
      vertex   -6.260691e+01 -5.790238e+00 2.907157e+00
      vertex   -8.038237e+01 -2.445123e+02 2.907157e+00
    endloop
  endfacet
  facet normal 0.000000e+00 0.000000e+00 1.000000e+00
    outer loop
      vertex   -4.492955e+01 -2.445695e+02 2.907157e+00
      vertex   -8.038237e+01 -2.445123e+02 2.907157e+00
      vertex   -7.887170e+01 -2.452167e+02 2.907157e+00
    endloop
  endfacet
  facet normal 0.000000e+00 0.000000e+00 1.000000e+00
    outer loop
      vertex   -6.260691e+01 -5.790238e+00 2.907157e+00
      vertex   -6.402433e+01 -5.940274e+00 2.907157e+00
      vertex   -8.038237e+01 -2.445123e+02 2.907157e+00
    endloop
  endfacet
  facet normal 0.000000e+00 0.000000e+00 1.000000e+00
    outer loop
      vertex   -8.038237e+01 -2.445123e+02 2.907157e+00
      vertex   -6.402433e+01 -5.940274e+00 2.907157e+00
      vertex   -6.927459e+01 -1.034293e+01 2.907157e+00
    endloop
  endfacet
  facet normal 0.000000e+00 -0.000000e+00 1.000000e+00
    outer loop
      vertex   -8.038237e+01 -2.445123e+02 2.907157e+00
      vertex   -6.927459e+01 -1.034293e+01 2.907157e+00
      vertex   -8.094824e+01 -3.962506e+01 2.907157e+00
    endloop
  endfacet
  facet normal 0.000000e+00 0.000000e+00 1.000000e+00
    outer loop
      vertex   -6.402433e+01 -5.940274e+00 2.907157e+00
      vertex   -6.538478e+01 -6.365452e+00 2.907157e+00
      vertex   -6.927459e+01 -1.034293e+01 2.907157e+00
    endloop
  endfacet
  facet normal 0.000000e+00 0.000000e+00 1.000000e+00
    outer loop
      vertex   -6.927459e+01 -1.034293e+01 2.907157e+00
      vertex   -6.538478e+01 -6.365452e+00 2.907157e+00
      vertex   -6.663538e+01 -7.049250e+00 2.907157e+00
    endloop
  endfacet
  facet normal 0.000000e+00 0.000000e+00 1.000000e+00
    outer loop
      vertex   -6.927459e+01 -1.034293e+01 2.907157e+00
      vertex   -6.663538e+01 -7.049250e+00 2.907157e+00
      vertex   -6.772755e+01 -7.965095e+00 2.907157e+00
    endloop
  endfacet
  facet normal 0.000000e+00 0.000000e+00 1.000000e+00
    outer loop
      vertex   -6.772755e+01 -7.965095e+00 2.907157e+00
      vertex   -6.861883e+01 -9.077396e+00 2.907157e+00
      vertex   -6.927459e+01 -1.034293e+01 2.907157e+00
    endloop
  endfacet
  facet normal 0.000000e+00 0.000000e+00 1.000000e+00
    outer loop
      vertex   -8.038237e+01 -2.445123e+02 2.907157e+00
      vertex   -8.094824e+01 -3.962506e+01 2.907157e+00
      vertex   -8.516357e+01 -6.158176e+01 2.907157e+00
    endloop
  endfacet
  facet normal 0.000000e+00 0.000000e+00 1.000000e+00
    outer loop
      vertex   -8.516357e+01 -6.158176e+01 2.907157e+00
      vertex   -8.094824e+01 -3.962506e+01 2.907157e+00
      vertex   -8.222549e+01 -4.314881e+01 2.907157e+00
    endloop
  endfacet
  facet normal 0.000000e+00 0.000000e+00 1.000000e+00
    outer loop
      vertex   -8.516357e+01 -6.158176e+01 2.907157e+00
      vertex   -8.222549e+01 -4.314881e+01 2.907157e+00
      vertex   -8.327754e+01 -4.674622e+01 2.907157e+00
    endloop
  endfacet
  facet normal 0.000000e+00 0.000000e+00 1.000000e+00
    outer loop
      vertex   -8.327754e+01 -4.674622e+01 2.907157e+00
      vertex   -8.410020e+01 -5.040292e+01 2.907157e+00
      vertex   -8.516357e+01 -6.158176e+01 2.907157e+00
    endloop
  endfacet
  facet normal 0.000000e+00 0.000000e+00 1.000000e+00
    outer loop
      vertex   -8.516357e+01 -6.158176e+01 2.907157e+00
      vertex   -8.410020e+01 -5.040292e+01 2.907157e+00
      vertex   -8.469017e+01 -5.410429e+01 2.907157e+00
    endloop
  endfacet
  facet normal 0.000000e+00 0.000000e+00 1.000000e+00
    outer loop
      vertex   -8.516357e+01 -6.158176e+01 2.907157e+00
      vertex   -8.469017e+01 -5.410429e+01 2.907157e+00
      vertex   -8.504510e+01 -5.783554e+01 2.907157e+00
    endloop
  endfacet
  facet normal 0.000000e+00 0.000000e+00 1.000000e+00
    outer loop
      vertex   -8.516357e+01 -6.158176e+01 2.907157e+00
      vertex   -8.516357e+01 -2.362310e+02 2.907157e+00
      vertex   -8.038237e+01 -2.445123e+02 2.907157e+00
    endloop
  endfacet
  facet normal 0.000000e+00 0.000000e+00 1.000000e+00
    outer loop
      vertex   -8.038237e+01 -2.445123e+02 2.907157e+00
      vertex   -8.516357e+01 -2.362310e+02 2.907157e+00
      vertex   -8.174776e+01 -2.435562e+02 2.907157e+00
    endloop
  endfacet
  facet normal 0.000000e+00 0.000000e+00 1.000000e+00
    outer loop
      vertex   -8.174776e+01 -2.435562e+02 2.907157e+00
      vertex   -8.516357e+01 -2.362310e+02 2.907157e+00
      vertex   -8.292639e+01 -2.423776e+02 2.907157e+00
    endloop
  endfacet
  facet normal 0.000000e+00 0.000000e+00 1.000000e+00
    outer loop
      vertex   -8.292639e+01 -2.423776e+02 2.907157e+00
      vertex   -8.516357e+01 -2.362310e+02 2.907157e+00
      vertex   -8.388245e+01 -2.410122e+02 2.907157e+00
    endloop
  endfacet
  facet normal 0.000000e+00 0.000000e+00 1.000000e+00
    outer loop
      vertex   -8.388245e+01 -2.410122e+02 2.907157e+00
      vertex   -8.516357e+01 -2.362310e+02 2.907157e+00
      vertex   -8.458689e+01 -2.395015e+02 2.907157e+00
    endloop
  endfacet
  facet normal 0.000000e+00 0.000000e+00 1.000000e+00
    outer loop
      vertex   -8.458689e+01 -2.395015e+02 2.907157e+00
      vertex   -8.516357e+01 -2.362310e+02 2.907157e+00
      vertex   -8.501830e+01 -2.378915e+02 2.907157e+00
    endloop
  endfacet
  facet normal 0.000000e+00 0.000000e+00 1.000000e+00
    outer loop
      vertex   -4.492955e+01 -2.445695e+02 2.907157e+00
      vertex   -7.887170e+01 -2.452167e+02 2.907157e+00
      vertex   -4.637276e+01 -2.452425e+02 2.907157e+00
    endloop
  endfacet
  facet normal 0.000000e+00 0.000000e+00 1.000000e+00
    outer loop
      vertex   -4.637276e+01 -2.452425e+02 2.907157e+00
      vertex   -7.887170e+01 -2.452167e+02 2.907157e+00
      vertex   -7.726166e+01 -2.456481e+02 2.907157e+00
    endloop
  endfacet
  facet normal 0.000000e+00 0.000000e+00 1.000000e+00
    outer loop
      vertex   -4.637276e+01 -2.452425e+02 2.907157e+00
      vertex   -7.726166e+01 -2.456481e+02 2.907157e+00
      vertex   -4.791090e+01 -2.456546e+02 2.907157e+00
    endloop
  endfacet
  facet normal 0.000000e+00 0.000000e+00 1.000000e+00
    outer loop
      vertex   -4.791090e+01 -2.456546e+02 2.907157e+00
      vertex   -7.726166e+01 -2.456481e+02 2.907157e+00
      vertex   -7.560116e+01 -2.457934e+02 2.907157e+00
    endloop
  endfacet
  facet normal 0.000000e+00 0.000000e+00 1.000000e+00
    outer loop
      vertex   -4.791090e+01 -2.456546e+02 2.907157e+00
      vertex   -7.560116e+01 -2.457934e+02 2.907157e+00
      vertex   -4.949725e+01 -2.457934e+02 2.907157e+00
    endloop
  endfacet
  facet normal 0.000000e+00 0.000000e+00 1.000000e+00
    outer loop
      vertex   -4.249912e+01 -2.425301e+02 2.907157e+00
      vertex   -4.158575e+01 -2.412257e+02 2.907157e+00
      vertex   -4.036184e+01 -2.366580e+02 2.907157e+00
    endloop
  endfacet
  facet normal 0.000000e+00 0.000000e+00 1.000000e+00
    outer loop
      vertex   -4.036184e+01 -2.366580e+02 2.907157e+00
      vertex   -4.158575e+01 -2.412257e+02 2.907157e+00
      vertex   -4.091277e+01 -2.397825e+02 2.907157e+00
    endloop
  endfacet
  facet normal 0.000000e+00 0.000000e+00 1.000000e+00
    outer loop
      vertex   -4.036184e+01 -2.366580e+02 2.907157e+00
      vertex   -4.091277e+01 -2.397825e+02 2.907157e+00
      vertex   -4.050063e+01 -2.382443e+02 2.907157e+00
    endloop
  endfacet
  facet normal -0.000000e+00 0.000000e+00 -1.000000e+00
    outer loop
      vertex   -3.629105e+01 -2.385568e+02 0.000000e+00
      vertex   -3.669570e+01 -2.404169e+02 0.000000e+00
      vertex   -3.615525e+01 -2.366580e+02 0.000000e+00
    endloop
  endfacet
  facet normal 0.000000e+00 0.000000e+00 -1.000000e+00
    outer loop
      vertex   -3.615525e+01 -2.366580e+02 0.000000e+00
      vertex   -3.669570e+01 -2.404169e+02 0.000000e+00
      vertex   -3.736094e+01 -2.422005e+02 0.000000e+00
    endloop
  endfacet
  facet normal 0.000000e+00 0.000000e+00 -1.000000e+00
    outer loop
      vertex   -3.615525e+01 -2.366580e+02 0.000000e+00
      vertex   -3.736094e+01 -2.422005e+02 0.000000e+00
      vertex   -3.827325e+01 -2.438712e+02 0.000000e+00
    endloop
  endfacet
  facet normal -0.000000e+00 0.000000e+00 -1.000000e+00
    outer loop
      vertex   -3.827325e+01 -2.438712e+02 0.000000e+00
      vertex   -3.941404e+01 -2.453952e+02 0.000000e+00
      vertex   -3.615525e+01 -2.366580e+02 0.000000e+00
    endloop
  endfacet
  facet normal 0.000000e+00 0.000000e+00 -1.000000e+00
    outer loop
      vertex   -3.615525e+01 -2.366580e+02 0.000000e+00
      vertex   -3.941404e+01 -2.453952e+02 0.000000e+00
      vertex   -4.076010e+01 -2.467412e+02 0.000000e+00
    endloop
  endfacet
  facet normal -0.000000e+00 0.000000e+00 -1.000000e+00
    outer loop
      vertex   -3.615525e+01 -2.366580e+02 0.000000e+00
      vertex   -4.076010e+01 -2.467412e+02 0.000000e+00
      vertex   -3.615525e+01 -6.177613e+01 0.000000e+00
    endloop
  endfacet
  facet normal -0.000000e+00 0.000000e+00 -1.000000e+00
    outer loop
      vertex   -3.615525e+01 -6.177613e+01 0.000000e+00
      vertex   -4.076010e+01 -2.467412e+02 0.000000e+00
      vertex   -4.186355e+01 -3.308738e+01 0.000000e+00
    endloop
  endfacet
  facet normal 0.000000e+00 0.000000e+00 -1.000000e+00
    outer loop
      vertex   -3.615525e+01 -6.177613e+01 0.000000e+00
      vertex   -4.186355e+01 -3.308738e+01 0.000000e+00
      vertex   -4.013499e+01 -3.767856e+01 0.000000e+00
    endloop
  endfacet
  facet normal 0.000000e+00 0.000000e+00 -1.000000e+00
    outer loop
      vertex   -4.228402e+01 -2.478820e+02 0.000000e+00
      vertex   -5.822936e+01 -2.434365e+00 0.000000e+00
      vertex   -4.076010e+01 -2.467412e+02 0.000000e+00
    endloop
  endfacet
  facet normal 0.000000e+00 0.000000e+00 -1.000000e+00
    outer loop
      vertex   -4.076010e+01 -2.467412e+02 0.000000e+00
      vertex   -5.822936e+01 -2.434365e+00 0.000000e+00
      vertex   -5.199233e+01 -8.642488e+00 0.000000e+00
    endloop
  endfacet
  facet normal 0.000000e+00 0.000000e+00 -1.000000e+00
    outer loop
      vertex   -4.076010e+01 -2.467412e+02 0.000000e+00
      vertex   -5.199233e+01 -8.642488e+00 0.000000e+00
      vertex   -4.186355e+01 -3.308738e+01 0.000000e+00
    endloop
  endfacet
  facet normal 0.000000e+00 0.000000e+00 -1.000000e+00
    outer loop
      vertex   -4.395478e+01 -2.487943e+02 0.000000e+00
      vertex   -8.132101e+01 -2.487557e+02 0.000000e+00
      vertex   -4.228402e+01 -2.478820e+02 0.000000e+00
    endloop
  endfacet
  facet normal -0.000000e+00 0.000000e+00 -1.000000e+00
    outer loop
      vertex   -4.228402e+01 -2.478820e+02 0.000000e+00
      vertex   -8.132101e+01 -2.487557e+02 0.000000e+00
      vertex   -8.304524e+01 -2.478142e+02 0.000000e+00
    endloop
  endfacet
  facet normal 0.000000e+00 0.000000e+00 -1.000000e+00
    outer loop
      vertex   -4.228402e+01 -2.478820e+02 0.000000e+00
      vertex   -8.304524e+01 -2.478142e+02 0.000000e+00
      vertex   -6.173264e+01 -1.613319e+00 0.000000e+00
    endloop
  endfacet
  facet normal 0.000000e+00 0.000000e+00 -1.000000e+00
    outer loop
      vertex   -6.173264e+01 -1.613319e+00 0.000000e+00
      vertex   -8.304524e+01 -2.478142e+02 0.000000e+00
      vertex   -6.353733e+01 -1.625470e+00 0.000000e+00
    endloop
  endfacet
  facet normal 0.000000e+00 0.000000e+00 -1.000000e+00
    outer loop
      vertex   -6.353733e+01 -1.625470e+00 0.000000e+00
      vertex   -8.304524e+01 -2.478142e+02 0.000000e+00
      vertex   -6.531764e+01 -1.921356e+00 0.000000e+00
    endloop
  endfacet
  facet normal 3.766211e-17 -2.715244e-18 -1.000000e+00
    outer loop
      vertex   -6.531764e+01 -1.921356e+00 0.000000e+00
      vertex   -8.304524e+01 -2.478142e+02 0.000000e+00
      vertex   -7.318211e+01 -8.785151e+00 -2.775558e-16
    endloop
  endfacet
  facet normal -2.191527e-17 6.554796e-17 -1.000000e+00
    outer loop
      vertex   -6.531764e+01 -1.921356e+00 0.000000e+00
      vertex   -7.318211e+01 -8.785151e+00 -2.775558e-16
      vertex   -6.702924e+01 -2.493611e+00 0.000000e+00
    endloop
  endfacet
  facet normal -4.693315e-17 9.001446e-17 -1.000000e+00
    outer loop
      vertex   -6.702924e+01 -2.493611e+00 0.000000e+00
      vertex   -7.318211e+01 -8.785151e+00 -2.775558e-16
      vertex   -6.862951e+01 -3.327986e+00 0.000000e+00
    endloop
  endfacet
  facet normal -9.917220e-17 1.335945e-16 -1.000000e+00
    outer loop
      vertex   -6.862951e+01 -3.327986e+00 0.000000e+00
      vertex   -7.318211e+01 -8.785151e+00 -2.775558e-16
      vertex   -7.007860e+01 -4.403703e+00 0.000000e+00
    endloop
  endfacet
  facet normal -2.349434e-16 2.297652e-16 -1.000000e+00
    outer loop
      vertex   -7.007860e+01 -4.403703e+00 0.000000e+00
      vertex   -7.318211e+01 -8.785151e+00 -2.775558e-16
      vertex   -7.134044e+01 -5.693979e+00 0.000000e+00
    endloop
  endfacet
  facet normal -7.978078e-16 5.651106e-16 -1.000000e+00
    outer loop
      vertex   -7.134044e+01 -5.693979e+00 0.000000e+00
      vertex   -7.318211e+01 -8.785151e+00 -2.775558e-16
      vertex   -7.238360e+01 -7.166685e+00 0.000000e+00
    endloop
  endfacet
  facet normal 0.000000e+00 0.000000e+00 -1.000000e+00
    outer loop
      vertex   -8.132101e+01 -2.487557e+02 0.000000e+00
      vertex   -4.395478e+01 -2.487943e+02 0.000000e+00
      vertex   -7.948034e+01 -2.494423e+02 0.000000e+00
    endloop
  endfacet
  facet normal 0.000000e+00 0.000000e+00 -1.000000e+00
    outer loop
      vertex   -7.948034e+01 -2.494423e+02 0.000000e+00
      vertex   -4.395478e+01 -2.487943e+02 0.000000e+00
      vertex   -4.573837e+01 -2.494596e+02 0.000000e+00
    endloop
  endfacet
  facet normal 0.000000e+00 0.000000e+00 -1.000000e+00
    outer loop
      vertex   -7.948034e+01 -2.494423e+02 0.000000e+00
      vertex   -4.573837e+01 -2.494596e+02 0.000000e+00
      vertex   -7.756069e+01 -2.498599e+02 0.000000e+00
    endloop
  endfacet
  facet normal 0.000000e+00 0.000000e+00 -1.000000e+00
    outer loop
      vertex   -7.756069e+01 -2.498599e+02 0.000000e+00
      vertex   -4.573837e+01 -2.494596e+02 0.000000e+00
      vertex   -4.759849e+01 -2.498642e+02 0.000000e+00
    endloop
  endfacet
  facet normal 0.000000e+00 0.000000e+00 -1.000000e+00
    outer loop
      vertex   -7.756069e+01 -2.498599e+02 0.000000e+00
      vertex   -4.759849e+01 -2.498642e+02 0.000000e+00
      vertex   -7.560116e+01 -2.500000e+02 0.000000e+00
    endloop
  endfacet
  facet normal 0.000000e+00 0.000000e+00 -1.000000e+00
    outer loop
      vertex   -7.560116e+01 -2.500000e+02 0.000000e+00
      vertex   -4.759849e+01 -2.498642e+02 0.000000e+00
      vertex   -4.949725e+01 -2.500000e+02 0.000000e+00
    endloop
  endfacet
  facet normal 0.000000e+00 0.000000e+00 -1.000000e+00
    outer loop
      vertex   -8.461794e+01 -2.466369e+02 0.000000e+00
      vertex   -8.937016e+01 -2.362310e+02 0.000000e+00
      vertex   -8.304524e+01 -2.478142e+02 0.000000e+00
    endloop
  endfacet
  facet normal 0.000000e+00 0.000000e+00 -1.000000e+00
    outer loop
      vertex   -8.304524e+01 -2.478142e+02 0.000000e+00
      vertex   -8.937016e+01 -2.362310e+02 0.000000e+00
      vertex   -8.937016e+01 -6.158176e+01 0.000000e+00
    endloop
  endfacet
  facet normal -5.224079e-17 -1.774227e-18 -1.000000e+00
    outer loop
      vertex   -8.304524e+01 -2.478142e+02 0.000000e+00
      vertex   -8.937016e+01 -6.158176e+01 0.000000e+00
      vertex   -8.485576e+01 -3.806728e+01 -2.775558e-16
    endloop
  endfacet
  facet normal -3.621752e-16 5.772816e-17 -1.000000e+00
    outer loop
      vertex   -8.485576e+01 -3.806728e+01 -2.775558e-16
      vertex   -8.937016e+01 -6.158176e+01 0.000000e+00
      vertex   -8.622363e+01 -4.184103e+01 0.000000e+00
    endloop
  endfacet
  facet normal 0.000000e+00 0.000000e+00 -1.000000e+00
    outer loop
      vertex   -8.622363e+01 -4.184103e+01 0.000000e+00
      vertex   -8.937016e+01 -6.158176e+01 0.000000e+00
      vertex   -8.735033e+01 -4.569367e+01 0.000000e+00
    endloop
  endfacet
  facet normal 0.000000e+00 0.000000e+00 -1.000000e+00
    outer loop
      vertex   -8.735033e+01 -4.569367e+01 0.000000e+00
      vertex   -8.937016e+01 -6.158176e+01 0.000000e+00
      vertex   -8.823135e+01 -4.960981e+01 0.000000e+00
    endloop
  endfacet
  facet normal 0.000000e+00 0.000000e+00 -1.000000e+00
    outer loop
      vertex   -8.823135e+01 -4.960981e+01 0.000000e+00
      vertex   -8.937016e+01 -6.158176e+01 0.000000e+00
      vertex   -8.886318e+01 -5.357378e+01 0.000000e+00
    endloop
  endfacet
  facet normal 0.000000e+00 0.000000e+00 -1.000000e+00
    outer loop
      vertex   -8.886318e+01 -5.357378e+01 0.000000e+00
      vertex   -8.937016e+01 -6.158176e+01 0.000000e+00
      vertex   -8.924329e+01 -5.756975e+01 0.000000e+00
    endloop
  endfacet
  facet normal 0.000000e+00 0.000000e+00 -1.000000e+00
    outer loop
      vertex   -8.461794e+01 -2.466369e+02 0.000000e+00
      vertex   -8.600708e+01 -2.452478e+02 0.000000e+00
      vertex   -8.937016e+01 -2.362310e+02 0.000000e+00
    endloop
  endfacet
  facet normal 0.000000e+00 0.000000e+00 -1.000000e+00
    outer loop
      vertex   -8.937016e+01 -2.362310e+02 0.000000e+00
      vertex   -8.600708e+01 -2.452478e+02 0.000000e+00
      vertex   -8.718438e+01 -2.436751e+02 0.000000e+00
    endloop
  endfacet
  facet normal 0.000000e+00 0.000000e+00 -1.000000e+00
    outer loop
      vertex   -8.937016e+01 -2.362310e+02 0.000000e+00
      vertex   -8.718438e+01 -2.436751e+02 0.000000e+00
      vertex   -8.812588e+01 -2.419508e+02 0.000000e+00
    endloop
  endfacet
  facet normal 0.000000e+00 0.000000e+00 -1.000000e+00
    outer loop
      vertex   -8.812588e+01 -2.419508e+02 0.000000e+00
      vertex   -8.881242e+01 -2.401102e+02 0.000000e+00
      vertex   -8.937016e+01 -2.362310e+02 0.000000e+00
    endloop
  endfacet
  facet normal 0.000000e+00 0.000000e+00 -1.000000e+00
    outer loop
      vertex   -8.937016e+01 -2.362310e+02 0.000000e+00
      vertex   -8.881242e+01 -2.401102e+02 0.000000e+00
      vertex   -8.923001e+01 -2.381905e+02 0.000000e+00
    endloop
  endfacet
  facet normal 3.248983e-18 -1.295244e-18 -1.000000e+00
    outer loop
      vertex   -8.485576e+01 -3.806728e+01 -2.775558e-16
      vertex   -7.318211e+01 -8.785151e+00 -2.775558e-16
      vertex   -8.304524e+01 -2.478142e+02 0.000000e+00
    endloop
  endfacet
  facet normal 0.000000e+00 0.000000e+00 -1.000000e+00
    outer loop
      vertex   -6.173264e+01 -1.613319e+00 0.000000e+00
      vertex   -5.994851e+01 -1.885208e+00 0.000000e+00
      vertex   -4.228402e+01 -2.478820e+02 0.000000e+00
    endloop
  endfacet
  facet normal 0.000000e+00 0.000000e+00 -1.000000e+00
    outer loop
      vertex   -4.228402e+01 -2.478820e+02 0.000000e+00
      vertex   -5.994851e+01 -1.885208e+00 0.000000e+00
      vertex   -5.822936e+01 -2.434365e+00 0.000000e+00
    endloop
  endfacet
  facet normal 0.000000e+00 0.000000e+00 -1.000000e+00
    outer loop
      vertex   -5.822936e+01 -2.434365e+00 0.000000e+00
      vertex   -5.661800e+01 -3.247116e+00 0.000000e+00
      vertex   -5.199233e+01 -8.642488e+00 0.000000e+00
    endloop
  endfacet
  facet normal 0.000000e+00 0.000000e+00 -1.000000e+00
    outer loop
      vertex   -5.199233e+01 -8.642488e+00 0.000000e+00
      vertex   -5.661800e+01 -3.247116e+00 0.000000e+00
      vertex   -5.515455e+01 -4.303225e+00 0.000000e+00
    endloop
  endfacet
  facet normal 0.000000e+00 0.000000e+00 -1.000000e+00
    outer loop
      vertex   -5.199233e+01 -8.642488e+00 0.000000e+00
      vertex   -5.515455e+01 -4.303225e+00 0.000000e+00
      vertex   -5.387546e+01 -5.576394e+00 0.000000e+00
    endloop
  endfacet
  facet normal 0.000000e+00 0.000000e+00 -1.000000e+00
    outer loop
      vertex   -5.387546e+01 -5.576394e+00 0.000000e+00
      vertex   -5.281256e+01 -7.034920e+00 0.000000e+00
      vertex   -5.199233e+01 -8.642488e+00 0.000000e+00
    endloop
  endfacet
  facet normal 0.000000e+00 0.000000e+00 -1.000000e+00
    outer loop
      vertex   -4.013499e+01 -3.767856e+01 0.000000e+00
      vertex   -3.871050e+01 -4.237299e+01 0.000000e+00
      vertex   -3.615525e+01 -6.177613e+01 0.000000e+00
    endloop
  endfacet
  facet normal 0.000000e+00 0.000000e+00 -1.000000e+00
    outer loop
      vertex   -3.615525e+01 -6.177613e+01 0.000000e+00
      vertex   -3.871050e+01 -4.237299e+01 0.000000e+00
      vertex   -3.759618e+01 -4.715056e+01 0.000000e+00
    endloop
  endfacet
  facet normal 0.000000e+00 0.000000e+00 -1.000000e+00
    outer loop
      vertex   -3.615525e+01 -6.177613e+01 0.000000e+00
      vertex   -3.759618e+01 -4.715056e+01 0.000000e+00
      vertex   -3.679681e+01 -5.199079e+01 0.000000e+00
    endloop
  endfacet
  facet normal 0.000000e+00 0.000000e+00 -1.000000e+00
    outer loop
      vertex   -3.679681e+01 -5.199079e+01 0.000000e+00
      vertex   -3.631581e+01 -5.687295e+01 0.000000e+00
      vertex   -3.615525e+01 -6.177613e+01 0.000000e+00
    endloop
  endfacet
endsolid
