solid ASCII
  facet normal 5.627936e-01 1.136889e-02 8.265193e-01
    outer loop
      vertex   -6.748468e+01 -2.499359e+02 6.998248e+00
      vertex   -6.850445e+01 -2.470000e+02 7.652244e+00
      vertex   -6.896778e+01 -2.500000e+02 8.009000e+00
    endloop
  endfacet
  facet normal 6.578909e-01 -1.205905e-02 7.530167e-01
    outer loop
      vertex   -6.896778e+01 -2.500000e+02 8.009000e+00
      vertex   -6.850445e+01 -2.470000e+02 7.652244e+00
      vertex   -6.992205e+01 -2.470000e+02 8.890765e+00
    endloop
  endfacet
  facet normal 6.973741e-01 1.119800e-02 7.166198e-01
    outer loop
      vertex   -6.896778e+01 -2.500000e+02 8.009000e+00
      vertex   -6.992205e+01 -2.470000e+02 8.890765e+00
      vertex   -7.028703e+01 -2.500000e+02 9.292818e+00
    endloop
  endfacet
  facet normal 7.817793e-01 -1.155728e-02 6.234482e-01
    outer loop
      vertex   -7.028703e+01 -2.500000e+02 9.292818e+00
      vertex   -6.992205e+01 -2.470000e+02 8.890765e+00
      vertex   -7.109572e+01 -2.470000e+02 1.036250e+01
    endloop
  endfacet
  facet normal 8.118128e-01 1.066854e-02 5.838203e-01
    outer loop
      vertex   -7.028703e+01 -2.500000e+02 9.292818e+00
      vertex   -7.109572e+01 -2.470000e+02 1.036250e+01
      vertex   -7.136179e+01 -2.500000e+02 1.078730e+01
    endloop
  endfacet
  facet normal 8.805423e-01 -1.100014e-02 4.738400e-01
    outer loop
      vertex   -7.136179e+01 -2.500000e+02 1.078730e+01
      vertex   -7.109572e+01 -2.470000e+02 1.036250e+01
      vertex   -7.198775e+01 -2.470000e+02 1.202016e+01
    endloop
  endfacet
  facet normal 9.013014e-01 1.008372e-02 4.330751e-01
    outer loop
      vertex   -7.136179e+01 -2.500000e+02 1.078730e+01
      vertex   -7.198775e+01 -2.470000e+02 1.202016e+01
      vertex   -7.215905e+01 -2.500000e+02 1.244651e+01
    endloop
  endfacet
  facet normal 9.510052e-01 -1.038766e-02 3.090003e-01
    outer loop
      vertex   -7.215905e+01 -2.500000e+02 1.244651e+01
      vertex   -7.198775e+01 -2.470000e+02 1.202016e+01
      vertex   -7.256945e+01 -2.470000e+02 1.381045e+01
    endloop
  endfacet
  facet normal 9.630891e-01 9.443547e-03 2.690173e-01
    outer loop
      vertex   -7.215905e+01 -2.500000e+02 1.244651e+01
      vertex   -7.256945e+01 -2.470000e+02 1.381045e+01
      vertex   -7.265428e+01 -2.500000e+02 1.421946e+01
    endloop
  endfacet
  facet normal 9.909030e-01 -9.719832e-03 1.342269e-01
    outer loop
      vertex   -7.265428e+01 -2.500000e+02 1.421946e+01
      vertex   -7.256945e+01 -2.470000e+02 1.381045e+01
      vertex   -7.282213e+01 -2.470000e+02 1.567584e+01
    endloop
  endfacet
  facet normal 9.952762e-01 8.748037e-03 9.668893e-02
    outer loop
      vertex   -7.265428e+01 -2.500000e+02 1.421946e+01
      vertex   -7.282213e+01 -2.470000e+02 1.567584e+01
      vertex   -7.283227e+01 -2.500000e+02 1.605165e+01
    endloop
  endfacet
  facet normal 9.989526e-01 -8.996667e-03 -4.486301e-02
    outer loop
      vertex   -7.283227e+01 -2.500000e+02 1.605165e+01
      vertex   -7.282213e+01 -2.470000e+02 1.567584e+01
      vertex   -7.273768e+01 -2.470000e+02 1.755637e+01
    endloop
  endfacet
  facet normal 9.968731e-01 7.997195e-03 -7.861343e-02
    outer loop
      vertex   -7.283227e+01 -2.500000e+02 1.605165e+01
      vertex   -7.273768e+01 -2.470000e+02 1.755637e+01
      vertex   -7.268756e+01 -2.500000e+02 1.788677e+01
    endloop
  endfacet
  facet normal 9.748950e-01 -8.218174e-03 -2.225134e-01
    outer loop
      vertex   -7.268756e+01 -2.500000e+02 1.788677e+01
      vertex   -7.273768e+01 -2.470000e+02 1.755637e+01
      vertex   -7.231880e+01 -2.470000e+02 1.939160e+01
    endloop
  endfacet
  facet normal 9.678301e-01 7.191031e-03 -2.515017e-01
    outer loop
      vertex   -7.268756e+01 -2.500000e+02 1.788677e+01
      vertex   -7.231880e+01 -2.470000e+02 1.939160e+01
      vertex   -7.222458e+01 -2.500000e+02 1.966841e+01
    endloop
  endfacet
  facet normal 9.195027e-01 -7.384365e-03 -3.930143e-01
    outer loop
      vertex   -7.222458e+01 -2.500000e+02 1.966841e+01
      vertex   -7.231880e+01 -2.470000e+02 1.939160e+01
      vertex   -7.157896e+01 -2.470000e+02 2.112254e+01
    endloop
  endfacet
  facet normal 9.090395e-01 6.329556e-03 -4.166618e-01
    outer loop
      vertex   -7.222458e+01 -2.500000e+02 1.966841e+01
      vertex   -7.157896e+01 -2.470000e+02 2.112254e+01
      vertex   -7.145756e+01 -2.500000e+02 2.134182e+01
    endloop
  endfacet
  facet normal 8.345556e-01 -6.495250e-03 -5.508854e-01
    outer loop
      vertex   -7.145756e+01 -2.500000e+02 2.134182e+01
      vertex   -7.157896e+01 -2.470000e+02 2.112254e+01
      vertex   -7.054194e+01 -2.470000e+02 2.269357e+01
    endloop
  endfacet
  facet normal 8.223078e-01 5.412783e-03 -5.690172e-01
    outer loop
      vertex   -7.145756e+01 -2.500000e+02 2.134182e+01
      vertex   -7.054194e+01 -2.470000e+02 2.269357e+01
      vertex   -7.041009e+01 -2.500000e+02 2.285556e+01
    endloop
  endfacet
  facet normal 7.227837e-01 -5.550843e-03 -6.910520e-01
    outer loop
      vertex   -7.041009e+01 -2.500000e+02 2.285556e+01
      vertex   -7.054194e+01 -2.470000e+02 2.269357e+01
      vertex   -6.924106e+01 -2.470000e+02 2.405417e+01
    endloop
  endfacet
  facet normal 7.103004e-01 4.440725e-03 -7.038846e-01
    outer loop
      vertex   -7.041009e+01 -2.500000e+02 2.285556e+01
      vertex   -6.924106e+01 -2.470000e+02 2.405417e+01
      vertex   -6.911436e+01 -2.500000e+02 2.416311e+01
    endloop
  endfacet
  facet normal 5.877792e-01 -4.551159e-03 -8.090086e-01
    outer loop
      vertex   -6.911436e+01 -2.500000e+02 2.416311e+01
      vertex   -6.924106e+01 -2.470000e+02 2.405417e+01
      vertex   -6.771815e+01 -2.470000e+02 2.516064e+01
    endloop
  endfacet
  facet normal 5.764599e-01 3.413400e-03 -8.171183e-01
    outer loop
      vertex   -6.911436e+01 -2.500000e+02 2.416311e+01
      vertex   -6.771815e+01 -2.470000e+02 2.516064e+01
      vertex   -6.761018e+01 -2.500000e+02 2.522427e+01
    endloop
  endfacet
  facet normal 4.338811e-01 -3.496213e-03 -9.009634e-01
    outer loop
      vertex   -6.761018e+01 -2.500000e+02 2.522427e+01
      vertex   -6.771815e+01 -2.470000e+02 2.516064e+01
      vertex   -6.602214e+01 -2.470000e+02 2.597739e+01
    endloop
  endfacet
  facet normal 4.249000e-01 2.330824e-03 -9.052373e-01
    outer loop
      vertex   -6.761018e+01 -2.500000e+02 2.522427e+01
      vertex   -6.602214e+01 -2.470000e+02 2.597739e+01
      vertex   -6.594380e+01 -2.500000e+02 2.600643e+01
    endloop
  endfacet
  facet normal 2.660361e-01 -2.386024e-03 -9.639601e-01
    outer loop
      vertex   -6.594380e+01 -2.500000e+02 2.600643e+01
      vertex   -6.602214e+01 -2.470000e+02 2.597739e+01
      vertex   -6.420755e+01 -2.470000e+02 2.647818e+01
    endloop
  endfacet
  facet normal 2.602793e-01 1.193017e-03 -9.655326e-01
    outer loop
      vertex   -6.594380e+01 -2.500000e+02 2.600643e+01
      vertex   -6.420755e+01 -2.470000e+02 2.647818e+01
      vertex   -6.416643e+01 -2.500000e+02 2.648556e+01
    endloop
  endfacet
  facet normal 8.963924e-02 -1.220613e-03 -9.959736e-01
    outer loop
      vertex   -6.416643e+01 -2.500000e+02 2.648556e+01
      vertex   -6.420755e+01 -2.470000e+02 2.647818e+01
      vertex   -6.233271e+01 -2.470000e+02 2.664692e+01
    endloop
  endfacet
  facet normal 8.765789e-02 -2.010382e-16 -9.961506e-01
    outer loop
      vertex   -6.416643e+01 -2.500000e+02 2.648556e+01
      vertex   -6.233271e+01 -2.470000e+02 2.664692e+01
      vertex   -6.233271e+01 -2.500000e+02 2.664692e+01
    endloop
  endfacet
  facet normal -8.765789e-02 2.076156e-16 -9.961506e-01
    outer loop
      vertex   -6.233271e+01 -2.500000e+02 2.664692e+01
      vertex   -6.233271e+01 -2.470000e+02 2.664692e+01
      vertex   -6.049898e+01 -2.500000e+02 2.648556e+01
    endloop
  endfacet
  facet normal -8.963924e-02 -1.220613e-03 -9.959736e-01
    outer loop
      vertex   -6.049898e+01 -2.500000e+02 2.648556e+01
      vertex   -6.233271e+01 -2.470000e+02 2.664692e+01
      vertex   -6.045786e+01 -2.470000e+02 2.647818e+01
    endloop
  endfacet
  facet normal -2.602793e-01 1.193017e-03 -9.655326e-01
    outer loop
      vertex   -6.049898e+01 -2.500000e+02 2.648556e+01
      vertex   -6.045786e+01 -2.470000e+02 2.647818e+01
      vertex   -5.872161e+01 -2.500000e+02 2.600643e+01
    endloop
  endfacet
  facet normal -2.660361e-01 -2.386024e-03 -9.639601e-01
    outer loop
      vertex   -5.872161e+01 -2.500000e+02 2.600643e+01
      vertex   -6.045786e+01 -2.470000e+02 2.647818e+01
      vertex   -5.864327e+01 -2.470000e+02 2.597739e+01
    endloop
  endfacet
  facet normal -4.249000e-01 2.330824e-03 -9.052373e-01
    outer loop
      vertex   -5.872161e+01 -2.500000e+02 2.600643e+01
      vertex   -5.864327e+01 -2.470000e+02 2.597739e+01
      vertex   -5.705523e+01 -2.500000e+02 2.522427e+01
    endloop
  endfacet
  facet normal -4.338811e-01 -3.496213e-03 -9.009634e-01
    outer loop
      vertex   -5.705523e+01 -2.500000e+02 2.522427e+01
      vertex   -5.864327e+01 -2.470000e+02 2.597739e+01
      vertex   -5.694726e+01 -2.470000e+02 2.516064e+01
    endloop
  endfacet
  facet normal -5.764599e-01 3.413400e-03 -8.171183e-01
    outer loop
      vertex   -5.705523e+01 -2.500000e+02 2.522427e+01
      vertex   -5.694726e+01 -2.470000e+02 2.516064e+01
      vertex   -5.555105e+01 -2.500000e+02 2.416311e+01
    endloop
  endfacet
  facet normal -5.877792e-01 -4.551159e-03 -8.090086e-01
    outer loop
      vertex   -5.555105e+01 -2.500000e+02 2.416311e+01
      vertex   -5.694726e+01 -2.470000e+02 2.516064e+01
      vertex   -5.542435e+01 -2.470000e+02 2.405417e+01
    endloop
  endfacet
  facet normal -7.103004e-01 4.440725e-03 -7.038846e-01
    outer loop
      vertex   -5.555105e+01 -2.500000e+02 2.416311e+01
      vertex   -5.542435e+01 -2.470000e+02 2.405417e+01
      vertex   -5.425532e+01 -2.500000e+02 2.285556e+01
    endloop
  endfacet
  facet normal -7.227837e-01 -5.550843e-03 -6.910520e-01
    outer loop
      vertex   -5.425532e+01 -2.500000e+02 2.285556e+01
      vertex   -5.542435e+01 -2.470000e+02 2.405417e+01
      vertex   -5.412347e+01 -2.470000e+02 2.269357e+01
    endloop
  endfacet
  facet normal -8.223078e-01 5.412783e-03 -5.690172e-01
    outer loop
      vertex   -5.425532e+01 -2.500000e+02 2.285556e+01
      vertex   -5.412347e+01 -2.470000e+02 2.269357e+01
      vertex   -5.320785e+01 -2.500000e+02 2.134182e+01
    endloop
  endfacet
  facet normal -8.345556e-01 -6.495250e-03 -5.508854e-01
    outer loop
      vertex   -5.320785e+01 -2.500000e+02 2.134182e+01
      vertex   -5.412347e+01 -2.470000e+02 2.269357e+01
      vertex   -5.308645e+01 -2.470000e+02 2.112254e+01
    endloop
  endfacet
  facet normal -9.090395e-01 6.329556e-03 -4.166618e-01
    outer loop
      vertex   -5.320785e+01 -2.500000e+02 2.134182e+01
      vertex   -5.308645e+01 -2.470000e+02 2.112254e+01
      vertex   -5.244084e+01 -2.500000e+02 1.966841e+01
    endloop
  endfacet
  facet normal -9.195027e-01 -7.384365e-03 -3.930143e-01
    outer loop
      vertex   -5.244084e+01 -2.500000e+02 1.966841e+01
      vertex   -5.308645e+01 -2.470000e+02 2.112254e+01
      vertex   -5.234661e+01 -2.470000e+02 1.939160e+01
    endloop
  endfacet
  facet normal -9.678301e-01 7.191031e-03 -2.515017e-01
    outer loop
      vertex   -5.244084e+01 -2.500000e+02 1.966841e+01
      vertex   -5.234661e+01 -2.470000e+02 1.939160e+01
      vertex   -5.197785e+01 -2.500000e+02 1.788677e+01
    endloop
  endfacet
  facet normal -9.748950e-01 -8.218174e-03 -2.225134e-01
    outer loop
      vertex   -5.197785e+01 -2.500000e+02 1.788677e+01
      vertex   -5.234661e+01 -2.470000e+02 1.939160e+01
      vertex   -5.192773e+01 -2.470000e+02 1.755637e+01
    endloop
  endfacet
  facet normal -9.968731e-01 7.997195e-03 -7.861343e-02
    outer loop
      vertex   -5.197785e+01 -2.500000e+02 1.788677e+01
      vertex   -5.192773e+01 -2.470000e+02 1.755637e+01
      vertex   -5.183314e+01 -2.500000e+02 1.605165e+01
    endloop
  endfacet
  facet normal -9.989526e-01 -8.996667e-03 -4.486301e-02
    outer loop
      vertex   -5.183314e+01 -2.500000e+02 1.605165e+01
      vertex   -5.192773e+01 -2.470000e+02 1.755637e+01
      vertex   -5.184328e+01 -2.470000e+02 1.567584e+01
    endloop
  endfacet
  facet normal -9.952762e-01 8.748037e-03 9.668893e-02
    outer loop
      vertex   -5.183314e+01 -2.500000e+02 1.605165e+01
      vertex   -5.184328e+01 -2.470000e+02 1.567584e+01
      vertex   -5.201113e+01 -2.500000e+02 1.421946e+01
    endloop
  endfacet
  facet normal -9.909030e-01 -9.719832e-03 1.342269e-01
    outer loop
      vertex   -5.201113e+01 -2.500000e+02 1.421946e+01
      vertex   -5.184328e+01 -2.470000e+02 1.567584e+01
      vertex   -5.209596e+01 -2.470000e+02 1.381045e+01
    endloop
  endfacet
  facet normal -9.630891e-01 9.443547e-03 2.690173e-01
    outer loop
      vertex   -5.201113e+01 -2.500000e+02 1.421946e+01
      vertex   -5.209596e+01 -2.470000e+02 1.381045e+01
      vertex   -5.250636e+01 -2.500000e+02 1.244651e+01
    endloop
  endfacet
  facet normal -9.510052e-01 -1.038766e-02 3.090003e-01
    outer loop
      vertex   -5.250636e+01 -2.500000e+02 1.244651e+01
      vertex   -5.209596e+01 -2.470000e+02 1.381045e+01
      vertex   -5.267766e+01 -2.470000e+02 1.202016e+01
    endloop
  endfacet
  facet normal -9.013014e-01 1.008372e-02 4.330751e-01
    outer loop
      vertex   -5.250636e+01 -2.500000e+02 1.244651e+01
      vertex   -5.267766e+01 -2.470000e+02 1.202016e+01
      vertex   -5.330362e+01 -2.500000e+02 1.078730e+01
    endloop
  endfacet
  facet normal -8.805423e-01 -1.100014e-02 4.738400e-01
    outer loop
      vertex   -5.330362e+01 -2.500000e+02 1.078730e+01
      vertex   -5.267766e+01 -2.470000e+02 1.202016e+01
      vertex   -5.356969e+01 -2.470000e+02 1.036250e+01
    endloop
  endfacet
  facet normal -8.118128e-01 1.066854e-02 5.838203e-01
    outer loop
      vertex   -5.330362e+01 -2.500000e+02 1.078730e+01
      vertex   -5.356969e+01 -2.470000e+02 1.036250e+01
      vertex   -5.437838e+01 -2.500000e+02 9.292818e+00
    endloop
  endfacet
  facet normal -7.817793e-01 -1.155728e-02 6.234482e-01
    outer loop
      vertex   -5.437838e+01 -2.500000e+02 9.292818e+00
      vertex   -5.356969e+01 -2.470000e+02 1.036250e+01
      vertex   -5.474336e+01 -2.470000e+02 8.890765e+00
    endloop
  endfacet
  facet normal -6.973741e-01 1.119800e-02 7.166198e-01
    outer loop
      vertex   -5.437838e+01 -2.500000e+02 9.292818e+00
      vertex   -5.474336e+01 -2.470000e+02 8.890765e+00
      vertex   -5.569763e+01 -2.500000e+02 8.009000e+00
    endloop
  endfacet
  facet normal -6.578909e-01 -1.205905e-02 7.530167e-01
    outer loop
      vertex   -5.569763e+01 -2.500000e+02 8.009000e+00
      vertex   -5.474336e+01 -2.470000e+02 8.890765e+00
      vertex   -5.616096e+01 -2.470000e+02 7.652244e+00
    endloop
  endfacet
  facet normal -5.627936e-01 1.136889e-02 8.265193e-01
    outer loop
      vertex   -5.569763e+01 -2.500000e+02 8.009000e+00
      vertex   -5.616096e+01 -2.470000e+02 7.652244e+00
      vertex   -5.718073e+01 -2.499359e+02 6.998248e+00
    endloop
  endfacet
  facet normal -5.128554e-01 -1.307285e-02 8.583754e-01
    outer loop
      vertex   -5.718073e+01 -2.499359e+02 6.998248e+00
      vertex   -5.616096e+01 -2.470000e+02 7.652244e+00
      vertex   -5.777693e+01 -2.470000e+02 6.686750e+00
    endloop
  endfacet
  facet normal -4.129247e-01 1.276910e-02 9.106756e-01
    outer loop
      vertex   -5.718073e+01 -2.499359e+02 6.998248e+00
      vertex   -5.777693e+01 -2.470000e+02 6.686750e+00
      vertex   -5.883040e+01 -2.498042e+02 6.248396e+00
    endloop
  endfacet
  facet normal -3.513387e-01 -1.434768e-02 9.361385e-01
    outer loop
      vertex   -5.883040e+01 -2.498042e+02 6.248396e+00
      vertex   -5.777693e+01 -2.470000e+02 6.686750e+00
      vertex   -5.953932e+01 -2.470000e+02 6.025313e+00
    endloop
  endfacet
  facet normal -2.505197e-01 1.367588e-02 9.680149e-01
    outer loop
      vertex   -5.883040e+01 -2.498042e+02 6.248396e+00
      vertex   -5.953932e+01 -2.470000e+02 6.025313e+00
      vertex   -6.057613e+01 -2.496880e+02 5.794964e+00
    endloop
  endfacet
  facet normal -1.785356e-01 -1.544384e-02 9.838122e-01
    outer loop
      vertex   -6.057613e+01 -2.496880e+02 5.794964e+00
      vertex   -5.953932e+01 -2.470000e+02 6.025313e+00
      vertex   -6.139149e+01 -2.470000e+02 5.689193e+00
    endloop
  endfacet
  facet normal -8.362650e-02 1.384112e-02 9.964010e-01
    outer loop
      vertex   -6.057613e+01 -2.496880e+02 5.794964e+00
      vertex   -6.139149e+01 -2.470000e+02 5.689193e+00
      vertex   -6.233271e+01 -2.496438e+02 5.646923e+00
    endloop
  endfacet
  facet normal 0.000000e+00 -1.598654e-02 9.998722e-01
    outer loop
      vertex   -6.233271e+01 -2.496438e+02 5.646923e+00
      vertex   -6.139149e+01 -2.470000e+02 5.689193e+00
      vertex   -6.327392e+01 -2.470000e+02 5.689193e+00
    endloop
  endfacet
  facet normal 8.362650e-02 1.384112e-02 9.964010e-01
    outer loop
      vertex   -6.233271e+01 -2.496438e+02 5.646923e+00
      vertex   -6.327392e+01 -2.470000e+02 5.689193e+00
      vertex   -6.408928e+01 -2.496880e+02 5.794964e+00
    endloop
  endfacet
  facet normal 1.785356e-01 -1.544384e-02 9.838122e-01
    outer loop
      vertex   -6.408928e+01 -2.496880e+02 5.794964e+00
      vertex   -6.327392e+01 -2.470000e+02 5.689193e+00
      vertex   -6.512609e+01 -2.470000e+02 6.025313e+00
    endloop
  endfacet
  facet normal 2.505197e-01 1.367588e-02 9.680149e-01
    outer loop
      vertex   -6.408928e+01 -2.496880e+02 5.794964e+00
      vertex   -6.512609e+01 -2.470000e+02 6.025313e+00
      vertex   -6.583501e+01 -2.498042e+02 6.248396e+00
    endloop
  endfacet
  facet normal 3.513387e-01 -1.434768e-02 9.361385e-01
    outer loop
      vertex   -6.583501e+01 -2.498042e+02 6.248396e+00
      vertex   -6.512609e+01 -2.470000e+02 6.025313e+00
      vertex   -6.688848e+01 -2.470000e+02 6.686750e+00
    endloop
  endfacet
  facet normal 4.129247e-01 1.276910e-02 9.106756e-01
    outer loop
      vertex   -6.583501e+01 -2.498042e+02 6.248396e+00
      vertex   -6.688848e+01 -2.470000e+02 6.686750e+00
      vertex   -6.748468e+01 -2.499359e+02 6.998248e+00
    endloop
  endfacet
  facet normal 5.128554e-01 -1.307285e-02 8.583754e-01
    outer loop
      vertex   -6.748468e+01 -2.499359e+02 6.998248e+00
      vertex   -6.688848e+01 -2.470000e+02 6.686750e+00
      vertex   -6.850445e+01 -2.470000e+02 7.652244e+00
    endloop
  endfacet
  facet normal 4.284649e-15 -1.000000e+00 -1.773554e-14
    outer loop
      vertex   -6.896778e+01 -2.500000e+02 8.009000e+00
      vertex   -7.028703e+01 -2.500000e+02 9.292818e+00
      vertex   -7.560116e+01 -2.500000e+02 8.009000e+00
    endloop
  endfacet
  facet normal 0.000000e+00 -1.000000e+00 0.000000e+00
    outer loop
      vertex   -7.560116e+01 -2.500000e+02 8.009000e+00
      vertex   -7.028703e+01 -2.500000e+02 9.292818e+00
      vertex   -7.136179e+01 -2.500000e+02 1.078730e+01
    endloop
  endfacet
  facet normal 0.000000e+00 -1.000000e+00 0.000000e+00
    outer loop
      vertex   -7.560116e+01 -2.500000e+02 8.009000e+00
      vertex   -7.136179e+01 -2.500000e+02 1.078730e+01
      vertex   -7.215905e+01 -2.500000e+02 1.244651e+01
    endloop
  endfacet
  facet normal -0.000000e+00 -1.000000e+00 0.000000e+00
    outer loop
      vertex   -7.215905e+01 -2.500000e+02 1.244651e+01
      vertex   -7.265428e+01 -2.500000e+02 1.421946e+01
      vertex   -7.560116e+01 -2.500000e+02 8.009000e+00
    endloop
  endfacet
  facet normal 0.000000e+00 -1.000000e+00 0.000000e+00
    outer loop
      vertex   -7.560116e+01 -2.500000e+02 8.009000e+00
      vertex   -7.265428e+01 -2.500000e+02 1.421946e+01
      vertex   -7.283227e+01 -2.500000e+02 1.605165e+01
    endloop
  endfacet
  facet normal 0.000000e+00 -1.000000e+00 0.000000e+00
    outer loop
      vertex   -7.560116e+01 -2.500000e+02 8.009000e+00
      vertex   -7.283227e+01 -2.500000e+02 1.605165e+01
      vertex   -7.268756e+01 -2.500000e+02 1.788677e+01
    endloop
  endfacet
  facet normal 0.000000e+00 -1.000000e+00 0.000000e+00
    outer loop
      vertex   -7.560116e+01 -2.500000e+02 8.009000e+00
      vertex   -7.268756e+01 -2.500000e+02 1.788677e+01
      vertex   -7.560116e+01 -2.500000e+02 9.074029e+01
    endloop
  endfacet
  facet normal 0.000000e+00 -1.000000e+00 0.000000e+00
    outer loop
      vertex   -7.560116e+01 -2.500000e+02 9.074029e+01
      vertex   -7.268756e+01 -2.500000e+02 1.788677e+01
      vertex   -7.222458e+01 -2.500000e+02 1.966841e+01
    endloop
  endfacet
  facet normal 0.000000e+00 -1.000000e+00 0.000000e+00
    outer loop
      vertex   -7.560116e+01 -2.500000e+02 9.074029e+01
      vertex   -7.222458e+01 -2.500000e+02 1.966841e+01
      vertex   -7.145756e+01 -2.500000e+02 2.134182e+01
    endloop
  endfacet
  facet normal 0.000000e+00 -1.000000e+00 0.000000e+00
    outer loop
      vertex   -7.145756e+01 -2.500000e+02 2.134182e+01
      vertex   -7.041009e+01 -2.500000e+02 2.285556e+01
      vertex   -7.560116e+01 -2.500000e+02 9.074029e+01
    endloop
  endfacet
  facet normal 0.000000e+00 -1.000000e+00 0.000000e+00
    outer loop
      vertex   -7.560116e+01 -2.500000e+02 9.074029e+01
      vertex   -7.041009e+01 -2.500000e+02 2.285556e+01
      vertex   -6.911436e+01 -2.500000e+02 2.416311e+01
    endloop
  endfacet
  facet normal 0.000000e+00 -1.000000e+00 0.000000e+00
    outer loop
      vertex   -7.560116e+01 -2.500000e+02 9.074029e+01
      vertex   -6.911436e+01 -2.500000e+02 2.416311e+01
      vertex   -6.761018e+01 -2.500000e+02 2.522427e+01
    endloop
  endfacet
  facet normal 0.000000e+00 -1.000000e+00 0.000000e+00
    outer loop
      vertex   -6.761018e+01 -2.500000e+02 2.522427e+01
      vertex   -6.594380e+01 -2.500000e+02 2.600643e+01
      vertex   -7.560116e+01 -2.500000e+02 9.074029e+01
    endloop
  endfacet
  facet normal 0.000000e+00 -1.000000e+00 0.000000e+00
    outer loop
      vertex   -7.560116e+01 -2.500000e+02 9.074029e+01
      vertex   -6.594380e+01 -2.500000e+02 2.600643e+01
      vertex   -6.416643e+01 -2.500000e+02 2.648556e+01
    endloop
  endfacet
  facet normal 0.000000e+00 -1.000000e+00 0.000000e+00
    outer loop
      vertex   -7.560116e+01 -2.500000e+02 9.074029e+01
      vertex   -6.416643e+01 -2.500000e+02 2.648556e+01
      vertex   -6.233271e+01 -2.500000e+02 2.664692e+01
    endloop
  endfacet
  facet normal 0.000000e+00 -1.000000e+00 0.000000e+00
    outer loop
      vertex   -7.560116e+01 -2.500000e+02 9.074029e+01
      vertex   -6.233271e+01 -2.500000e+02 2.664692e+01
      vertex   -4.949725e+01 -2.500000e+02 9.074029e+01
    endloop
  endfacet
  facet normal 0.000000e+00 -1.000000e+00 0.000000e+00
    outer loop
      vertex   -4.949725e+01 -2.500000e+02 9.074029e+01
      vertex   -6.233271e+01 -2.500000e+02 2.664692e+01
      vertex   -6.049898e+01 -2.500000e+02 2.648556e+01
    endloop
  endfacet
  facet normal 0.000000e+00 -1.000000e+00 0.000000e+00
    outer loop
      vertex   -4.949725e+01 -2.500000e+02 9.074029e+01
      vertex   -6.049898e+01 -2.500000e+02 2.648556e+01
      vertex   -5.872161e+01 -2.500000e+02 2.600643e+01
    endloop
  endfacet
  facet normal 0.000000e+00 -1.000000e+00 0.000000e+00
    outer loop
      vertex   -5.872161e+01 -2.500000e+02 2.600643e+01
      vertex   -5.705523e+01 -2.500000e+02 2.522427e+01
      vertex   -4.949725e+01 -2.500000e+02 9.074029e+01
    endloop
  endfacet
  facet normal 0.000000e+00 -1.000000e+00 0.000000e+00
    outer loop
      vertex   -4.949725e+01 -2.500000e+02 9.074029e+01
      vertex   -5.705523e+01 -2.500000e+02 2.522427e+01
      vertex   -5.555105e+01 -2.500000e+02 2.416311e+01
    endloop
  endfacet
  facet normal 0.000000e+00 -1.000000e+00 0.000000e+00
    outer loop
      vertex   -4.949725e+01 -2.500000e+02 9.074029e+01
      vertex   -5.555105e+01 -2.500000e+02 2.416311e+01
      vertex   -5.425532e+01 -2.500000e+02 2.285556e+01
    endloop
  endfacet
  facet normal 0.000000e+00 -1.000000e+00 0.000000e+00
    outer loop
      vertex   -5.425532e+01 -2.500000e+02 2.285556e+01
      vertex   -5.320785e+01 -2.500000e+02 2.134182e+01
      vertex   -4.949725e+01 -2.500000e+02 9.074029e+01
    endloop
  endfacet
  facet normal 0.000000e+00 -1.000000e+00 0.000000e+00
    outer loop
      vertex   -4.949725e+01 -2.500000e+02 9.074029e+01
      vertex   -5.320785e+01 -2.500000e+02 2.134182e+01
      vertex   -5.244084e+01 -2.500000e+02 1.966841e+01
    endloop
  endfacet
  facet normal 0.000000e+00 -1.000000e+00 0.000000e+00
    outer loop
      vertex   -4.949725e+01 -2.500000e+02 9.074029e+01
      vertex   -5.244084e+01 -2.500000e+02 1.966841e+01
      vertex   -5.197785e+01 -2.500000e+02 1.788677e+01
    endloop
  endfacet
  facet normal 0.000000e+00 -1.000000e+00 -0.000000e+00
    outer loop
      vertex   -4.949725e+01 -2.500000e+02 9.074029e+01
      vertex   -5.197785e+01 -2.500000e+02 1.788677e+01
      vertex   -4.949725e+01 -2.500000e+02 8.009000e+00
    endloop
  endfacet
  facet normal 0.000000e+00 -1.000000e+00 0.000000e+00
    outer loop
      vertex   -4.949725e+01 -2.500000e+02 8.009000e+00
      vertex   -5.197785e+01 -2.500000e+02 1.788677e+01
      vertex   -5.183314e+01 -2.500000e+02 1.605165e+01
    endloop
  endfacet
  facet normal 0.000000e+00 -1.000000e+00 0.000000e+00
    outer loop
      vertex   -4.949725e+01 -2.500000e+02 8.009000e+00
      vertex   -5.183314e+01 -2.500000e+02 1.605165e+01
      vertex   -5.201113e+01 -2.500000e+02 1.421946e+01
    endloop
  endfacet
  facet normal 0.000000e+00 -1.000000e+00 -0.000000e+00
    outer loop
      vertex   -5.201113e+01 -2.500000e+02 1.421946e+01
      vertex   -5.250636e+01 -2.500000e+02 1.244651e+01
      vertex   -4.949725e+01 -2.500000e+02 8.009000e+00
    endloop
  endfacet
  facet normal 0.000000e+00 -1.000000e+00 0.000000e+00
    outer loop
      vertex   -4.949725e+01 -2.500000e+02 8.009000e+00
      vertex   -5.250636e+01 -2.500000e+02 1.244651e+01
      vertex   -5.330362e+01 -2.500000e+02 1.078730e+01
    endloop
  endfacet
  facet normal 0.000000e+00 -1.000000e+00 0.000000e+00
    outer loop
      vertex   -4.949725e+01 -2.500000e+02 8.009000e+00
      vertex   -5.330362e+01 -2.500000e+02 1.078730e+01
      vertex   -5.437838e+01 -2.500000e+02 9.292818e+00
    endloop
  endfacet
  facet normal -4.583866e-15 -1.000000e+00 -1.742806e-14
    outer loop
      vertex   -5.437838e+01 -2.500000e+02 9.292818e+00
      vertex   -5.569763e+01 -2.500000e+02 8.009000e+00
      vertex   -4.949725e+01 -2.500000e+02 8.009000e+00
    endloop
  endfacet
  facet normal 7.808360e-02 -9.921462e-01 -9.771788e-02
    outer loop
      vertex   -4.949725e+01 -2.500000e+02 8.009000e+00
      vertex   -4.949725e+01 -2.498461e+02 6.446522e+00
      vertex   -4.741010e+01 -2.498357e+02 8.009000e+00
    endloop
  endfacet
  facet normal 7.808360e-02 -9.921462e-01 -9.771788e-02
    outer loop
      vertex   -4.741010e+01 -2.498357e+02 8.009000e+00
      vertex   -4.949725e+01 -2.498461e+02 6.446522e+00
      vertex   -4.743418e+01 -2.496837e+02 6.446522e+00
    endloop
  endfacet
  facet normal 2.323281e-01 -9.677163e-01 -9.771788e-02
    outer loop
      vertex   -4.741010e+01 -2.498357e+02 8.009000e+00
      vertex   -4.743418e+01 -2.496837e+02 6.446522e+00
      vertex   -4.537435e+01 -2.493470e+02 8.009000e+00
    endloop
  endfacet
  facet normal 2.323281e-01 -9.677163e-01 -9.771788e-02
    outer loop
      vertex   -4.537435e+01 -2.493470e+02 8.009000e+00
      vertex   -4.743418e+01 -2.496837e+02 6.446522e+00
      vertex   -4.542190e+01 -2.492006e+02 6.446522e+00
    endloop
  endfacet
  facet normal 3.808520e-01 -9.194580e-01 -9.771788e-02
    outer loop
      vertex   -4.537435e+01 -2.493470e+02 8.009000e+00
      vertex   -4.542190e+01 -2.492006e+02 6.446522e+00
      vertex   -4.344011e+01 -2.485458e+02 8.009000e+00
    endloop
  endfacet
  facet normal 3.808520e-01 -9.194580e-01 -9.771788e-02
    outer loop
      vertex   -4.344011e+01 -2.485458e+02 8.009000e+00
      vertex   -4.542190e+01 -2.492006e+02 6.446522e+00
      vertex   -4.350997e+01 -2.484087e+02 6.446522e+00
    endloop
  endfacet
  facet normal 5.199980e-01 -8.485596e-01 -9.771788e-02
    outer loop
      vertex   -4.344011e+01 -2.485458e+02 8.009000e+00
      vertex   -4.350997e+01 -2.484087e+02 6.446522e+00
      vertex   -4.165502e+01 -2.474519e+02 8.009000e+00
    endloop
  endfacet
  facet normal 5.199980e-01 -8.485596e-01 -9.771788e-02
    outer loop
      vertex   -4.165502e+01 -2.474519e+02 8.009000e+00
      vertex   -4.350997e+01 -2.484087e+02 6.446522e+00
      vertex   -4.174547e+01 -2.473274e+02 6.446522e+00
    endloop
  endfacet
  facet normal 6.463399e-01 -7.567668e-01 -9.771788e-02
    outer loop
      vertex   -4.165502e+01 -2.474519e+02 8.009000e+00
      vertex   -4.174547e+01 -2.473274e+02 6.446522e+00
      vertex   -4.006303e+01 -2.460922e+02 8.009000e+00
    endloop
  endfacet
  facet normal 6.463399e-01 -7.567668e-01 -9.771788e-02
    outer loop
      vertex   -4.006303e+01 -2.460922e+02 8.009000e+00
      vertex   -4.174547e+01 -2.473274e+02 6.446522e+00
      vertex   -4.017185e+01 -2.459834e+02 6.446522e+00
    endloop
  endfacet
  facet normal 7.567668e-01 -6.463399e-01 -9.771788e-02
    outer loop
      vertex   -4.006303e+01 -2.460922e+02 8.009000e+00
      vertex   -4.017185e+01 -2.459834e+02 6.446522e+00
      vertex   -3.870335e+01 -2.445002e+02 8.009000e+00
    endloop
  endfacet
  facet normal 7.567668e-01 -6.463399e-01 -9.771788e-02
    outer loop
      vertex   -3.870335e+01 -2.445002e+02 8.009000e+00
      vertex   -4.017185e+01 -2.459834e+02 6.446522e+00
      vertex   -3.882785e+01 -2.444098e+02 6.446522e+00
    endloop
  endfacet
  facet normal 8.485596e-01 -5.199980e-01 -9.771788e-02
    outer loop
      vertex   -3.870335e+01 -2.445002e+02 8.009000e+00
      vertex   -3.882785e+01 -2.444098e+02 6.446522e+00
      vertex   -3.760944e+01 -2.427151e+02 8.009000e+00
    endloop
  endfacet
  facet normal 8.485596e-01 -5.199980e-01 -9.771788e-02
    outer loop
      vertex   -3.760944e+01 -2.427151e+02 8.009000e+00
      vertex   -3.882785e+01 -2.444098e+02 6.446522e+00
      vertex   -3.774656e+01 -2.426453e+02 6.446522e+00
    endloop
  endfacet
  facet normal 9.194580e-01 -3.808520e-01 -9.771788e-02
    outer loop
      vertex   -3.760944e+01 -2.427151e+02 8.009000e+00
      vertex   -3.774656e+01 -2.426453e+02 6.446522e+00
      vertex   -3.680825e+01 -2.407809e+02 8.009000e+00
    endloop
  endfacet
  facet normal 9.194580e-01 -3.808520e-01 -9.771788e-02
    outer loop
      vertex   -3.680825e+01 -2.407809e+02 8.009000e+00
      vertex   -3.774656e+01 -2.426453e+02 6.446522e+00
      vertex   -3.695461e+01 -2.407333e+02 6.446522e+00
    endloop
  endfacet
  facet normal 9.677163e-01 -2.323281e-01 -9.771788e-02
    outer loop
      vertex   -3.680825e+01 -2.407809e+02 8.009000e+00
      vertex   -3.695461e+01 -2.407333e+02 6.446522e+00
      vertex   -3.631951e+01 -2.387451e+02 8.009000e+00
    endloop
  endfacet
  facet normal 9.677163e-01 -2.323281e-01 -9.771788e-02
    outer loop
      vertex   -3.631951e+01 -2.387451e+02 8.009000e+00
      vertex   -3.695461e+01 -2.407333e+02 6.446522e+00
      vertex   -3.647151e+01 -2.387211e+02 6.446522e+00
    endloop
  endfacet
  facet normal 9.921462e-01 -7.808360e-02 -9.771788e-02
    outer loop
      vertex   -3.631951e+01 -2.387451e+02 8.009000e+00
      vertex   -3.647151e+01 -2.387211e+02 6.446522e+00
      vertex   -3.615525e+01 -2.366580e+02 8.009000e+00
    endloop
  endfacet
  facet normal 9.921462e-01 -7.808360e-02 -9.771788e-02
    outer loop
      vertex   -3.615525e+01 -2.366580e+02 8.009000e+00
      vertex   -3.647151e+01 -2.387211e+02 6.446522e+00
      vertex   -3.630914e+01 -2.366580e+02 6.446522e+00
    endloop
  endfacet
  facet normal 9.542379e-01 -7.510015e-02 -2.894649e-01
    outer loop
      vertex   -3.630914e+01 -2.366580e+02 6.446522e+00
      vertex   -3.647151e+01 -2.387211e+02 6.446522e+00
      vertex   -3.692166e+01 -2.386498e+02 4.944088e+00
    endloop
  endfacet
  facet normal 9.542379e-01 -7.510015e-02 -2.894649e-01
    outer loop
      vertex   -3.630914e+01 -2.366580e+02 6.446522e+00
      vertex   -3.692166e+01 -2.386498e+02 4.944088e+00
      vertex   -3.676490e+01 -2.366580e+02 4.944088e+00
    endloop
  endfacet
  facet normal 8.798046e-01 -6.924212e-02 -4.702653e-01
    outer loop
      vertex   -3.676490e+01 -2.366580e+02 4.944088e+00
      vertex   -3.692166e+01 -2.386498e+02 4.944088e+00
      vertex   -3.765265e+01 -2.385340e+02 3.559438e+00
    endloop
  endfacet
  facet normal 8.798046e-01 -6.924212e-02 -4.702653e-01
    outer loop
      vertex   -3.676490e+01 -2.366580e+02 4.944088e+00
      vertex   -3.765265e+01 -2.385340e+02 3.559438e+00
      vertex   -3.750501e+01 -2.366580e+02 3.559438e+00
    endloop
  endfacet
  facet normal 7.715839e-01 -6.072497e-02 -6.332225e-01
    outer loop
      vertex   -3.750501e+01 -2.366580e+02 3.559438e+00
      vertex   -3.765265e+01 -2.385340e+02 3.559438e+00
      vertex   -3.863641e+01 -2.383782e+02 2.345782e+00
    endloop
  endfacet
  facet normal 7.715839e-01 -6.072497e-02 -6.332225e-01
    outer loop
      vertex   -3.750501e+01 -2.366580e+02 3.559438e+00
      vertex   -3.863641e+01 -2.383782e+02 2.345782e+00
      vertex   -3.850103e+01 -2.366580e+02 2.345782e+00
    endloop
  endfacet
  facet normal 6.336041e-01 -4.986572e-02 -7.720488e-01
    outer loop
      vertex   -3.850103e+01 -2.366580e+02 2.345782e+00
      vertex   -3.863641e+01 -2.383782e+02 2.345782e+00
      vertex   -3.983513e+01 -2.381883e+02 1.349760e+00
    endloop
  endfacet
  facet normal 6.336041e-01 -4.986572e-02 -7.720488e-01
    outer loop
      vertex   -3.850103e+01 -2.366580e+02 2.345782e+00
      vertex   -3.983513e+01 -2.381883e+02 1.349760e+00
      vertex   -3.971469e+01 -2.366580e+02 1.349760e+00
    endloop
  endfacet
  facet normal 4.710727e-01 -3.707422e-02 -8.813150e-01
    outer loop
      vertex   -3.971469e+01 -2.366580e+02 1.349760e+00
      vertex   -3.983513e+01 -2.381883e+02 1.349760e+00
      vertex   -4.120273e+01 -2.379717e+02 6.096488e-01
    endloop
  endfacet
  facet normal 4.710727e-01 -3.707422e-02 -8.813150e-01
    outer loop
      vertex   -3.971469e+01 -2.366580e+02 1.349760e+00
      vertex   -4.120273e+01 -2.379717e+02 6.096488e-01
      vertex   -4.109934e+01 -2.366580e+02 6.096488e-01
    endloop
  endfacet
  facet normal 2.902090e-01 -2.283994e-02 -9.566907e-01
    outer loop
      vertex   -4.109934e+01 -2.366580e+02 6.096488e-01
      vertex   -4.120273e+01 -2.379717e+02 6.096488e-01
      vertex   -4.268667e+01 -2.377367e+02 1.538907e-01
    endloop
  endfacet
  facet normal 2.902090e-01 -2.283994e-02 -9.566907e-01
    outer loop
      vertex   -4.109934e+01 -2.366580e+02 6.096488e-01
      vertex   -4.268667e+01 -2.377367e+02 1.538907e-01
      vertex   -4.260177e+01 -2.366580e+02 1.538907e-01
    endloop
  endfacet
  facet normal 9.801422e-02 -7.713887e-03 -9.951551e-01
    outer loop
      vertex   -4.260177e+01 -2.366580e+02 1.538907e-01
      vertex   -4.268667e+01 -2.377367e+02 1.538907e-01
      vertex   -4.416425e+01 -2.366580e+02 0.000000e+00
    endloop
  endfacet
  facet normal 9.578631e-02 -1.079253e-02 -9.953434e-01
    outer loop
      vertex   -4.416425e+01 -2.366580e+02 0.000000e+00
      vertex   -4.268667e+01 -2.377367e+02 1.538907e-01
      vertex   -4.429796e+01 -2.378447e+02 0.000000e+00
    endloop
  endfacet
  facet normal 9.658970e-02 -2.318913e-02 -9.950541e-01
    outer loop
      vertex   -4.429796e+01 -2.378447e+02 0.000000e+00
      vertex   -4.268667e+01 -2.377367e+02 1.538907e-01
      vertex   -4.293926e+01 -2.387888e+02 1.538907e-01
    endloop
  endfacet
  facet normal 9.068877e-02 -3.173337e-02 -9.953736e-01
    outer loop
      vertex   -4.429796e+01 -2.378447e+02 0.000000e+00
      vertex   -4.293926e+01 -2.387888e+02 1.538907e-01
      vertex   -4.469238e+01 -2.389719e+02 0.000000e+00
    endloop
  endfacet
  facet normal 9.130062e-02 -3.781795e-02 -9.951050e-01
    outer loop
      vertex   -4.469238e+01 -2.389719e+02 0.000000e+00
      vertex   -4.293926e+01 -2.387888e+02 1.538907e-01
      vertex   -4.335333e+01 -2.397885e+02 1.538907e-01
    endloop
  endfacet
  facet normal 8.326141e-02 -5.102266e-02 -9.952207e-01
    outer loop
      vertex   -4.469238e+01 -2.389719e+02 0.000000e+00
      vertex   -4.335333e+01 -2.397885e+02 1.538907e-01
      vertex   -4.391869e+01 -2.407111e+02 1.538907e-01
    endloop
  endfacet
  facet normal 2.482090e-01 -1.521026e-01 -9.566907e-01
    outer loop
      vertex   -4.391869e+01 -2.407111e+02 1.538907e-01
      vertex   -4.335333e+01 -2.397885e+02 1.538907e-01
      vertex   -4.201466e+01 -2.404706e+02 6.096488e-01
    endloop
  endfacet
  facet normal 2.482090e-01 -1.521026e-01 -9.566907e-01
    outer loop
      vertex   -4.391869e+01 -2.407111e+02 1.538907e-01
      vertex   -4.201466e+01 -2.404706e+02 6.096488e-01
      vertex   -4.270320e+01 -2.415942e+02 6.096488e-01
    endloop
  endfacet
  facet normal 4.028975e-01 -2.468959e-01 -8.813150e-01
    outer loop
      vertex   -4.270320e+01 -2.415942e+02 6.096488e-01
      vertex   -4.201466e+01 -2.404706e+02 6.096488e-01
      vertex   -4.078092e+01 -2.410992e+02 1.349760e+00
    endloop
  endfacet
  facet normal 4.028975e-01 -2.468959e-01 -8.813150e-01
    outer loop
      vertex   -4.270320e+01 -2.415942e+02 6.096488e-01
      vertex   -4.078092e+01 -2.410992e+02 1.349760e+00
      vertex   -4.158299e+01 -2.424080e+02 1.349760e+00
    endloop
  endfacet
  facet normal 5.419068e-01 -3.320809e-01 -7.720488e-01
    outer loop
      vertex   -4.158299e+01 -2.424080e+02 1.349760e+00
      vertex   -4.078092e+01 -2.410992e+02 1.349760e+00
      vertex   -3.969955e+01 -2.416502e+02 2.345782e+00
    endloop
  endfacet
  facet normal 5.419068e-01 -3.320809e-01 -7.720488e-01
    outer loop
      vertex   -4.158299e+01 -2.424080e+02 1.349760e+00
      vertex   -3.969955e+01 -2.416502e+02 2.345782e+00
      vertex   -4.060112e+01 -2.431214e+02 2.345782e+00
    endloop
  endfacet
  facet normal 6.599177e-01 -4.043981e-01 -6.332225e-01
    outer loop
      vertex   -4.060112e+01 -2.431214e+02 2.345782e+00
      vertex   -3.969955e+01 -2.416502e+02 2.345782e+00
      vertex   -3.881209e+01 -2.421024e+02 3.559438e+00
    endloop
  endfacet
  facet normal 6.599177e-01 -4.043981e-01 -6.332225e-01
    outer loop
      vertex   -4.060112e+01 -2.431214e+02 2.345782e+00
      vertex   -3.881209e+01 -2.421024e+02 3.559438e+00
      vertex   -3.979532e+01 -2.437069e+02 3.559438e+00
    endloop
  endfacet
  facet normal 7.524763e-01 -4.611181e-01 -4.702653e-01
    outer loop
      vertex   -3.979532e+01 -2.437069e+02 3.559438e+00
      vertex   -3.881209e+01 -2.421024e+02 3.559438e+00
      vertex   -3.815264e+01 -2.424384e+02 4.944088e+00
    endloop
  endfacet
  facet normal 7.524763e-01 -4.611181e-01 -4.702653e-01
    outer loop
      vertex   -3.979532e+01 -2.437069e+02 3.559438e+00
      vertex   -3.815264e+01 -2.424384e+02 4.944088e+00
      vertex   -3.919656e+01 -2.441419e+02 4.944088e+00
    endloop
  endfacet
  facet normal 8.161375e-01 -5.001297e-01 -2.894649e-01
    outer loop
      vertex   -3.919656e+01 -2.441419e+02 4.944088e+00
      vertex   -3.815264e+01 -2.424384e+02 4.944088e+00
      vertex   -3.774656e+01 -2.426453e+02 6.446522e+00
    endloop
  endfacet
  facet normal 8.161375e-01 -5.001297e-01 -2.894649e-01
    outer loop
      vertex   -3.919656e+01 -2.441419e+02 4.944088e+00
      vertex   -3.774656e+01 -2.426453e+02 6.446522e+00
      vertex   -3.882785e+01 -2.444098e+02 6.446522e+00
    endloop
  endfacet
  facet normal 7.510015e-02 -9.542379e-01 -2.894649e-01
    outer loop
      vertex   -4.949725e+01 -2.498461e+02 6.446522e+00
      vertex   -4.949725e+01 -2.493904e+02 4.944088e+00
      vertex   -4.743418e+01 -2.496837e+02 6.446522e+00
    endloop
  endfacet
  facet normal 7.510015e-02 -9.542379e-01 -2.894649e-01
    outer loop
      vertex   -4.743418e+01 -2.496837e+02 6.446522e+00
      vertex   -4.949725e+01 -2.493904e+02 4.944088e+00
      vertex   -4.750547e+01 -2.492336e+02 4.944088e+00
    endloop
  endfacet
  facet normal 2.234512e-01 -9.307414e-01 -2.894649e-01
    outer loop
      vertex   -4.743418e+01 -2.496837e+02 6.446522e+00
      vertex   -4.750547e+01 -2.492336e+02 4.944088e+00
      vertex   -4.542190e+01 -2.492006e+02 6.446522e+00
    endloop
  endfacet
  facet normal 2.234512e-01 -9.307414e-01 -2.894649e-01
    outer loop
      vertex   -4.542190e+01 -2.492006e+02 6.446522e+00
      vertex   -4.750547e+01 -2.492336e+02 4.944088e+00
      vertex   -4.556274e+01 -2.487672e+02 4.944088e+00
    endloop
  endfacet
  facet normal 3.663002e-01 -8.843270e-01 -2.894649e-01
    outer loop
      vertex   -4.542190e+01 -2.492006e+02 6.446522e+00
      vertex   -4.556274e+01 -2.487672e+02 4.944088e+00
      vertex   -4.350997e+01 -2.484087e+02 6.446522e+00
    endloop
  endfacet
  facet normal 3.663002e-01 -8.843270e-01 -2.894649e-01
    outer loop
      vertex   -4.350997e+01 -2.484087e+02 6.446522e+00
      vertex   -4.556274e+01 -2.487672e+02 4.944088e+00
      vertex   -4.371688e+01 -2.480026e+02 4.944088e+00
    endloop
  endfacet
  facet normal 5.001297e-01 -8.161375e-01 -2.894649e-01
    outer loop
      vertex   -4.350997e+01 -2.484087e+02 6.446522e+00
      vertex   -4.371688e+01 -2.480026e+02 4.944088e+00
      vertex   -4.174547e+01 -2.473274e+02 6.446522e+00
    endloop
  endfacet
  facet normal 5.001297e-01 -8.161375e-01 -2.894649e-01
    outer loop
      vertex   -4.174547e+01 -2.473274e+02 6.446522e+00
      vertex   -4.371688e+01 -2.480026e+02 4.944088e+00
      vertex   -4.201336e+01 -2.469587e+02 4.944088e+00
    endloop
  endfacet
  facet normal 6.216443e-01 -7.278519e-01 -2.894649e-01
    outer loop
      vertex   -4.174547e+01 -2.473274e+02 6.446522e+00
      vertex   -4.201336e+01 -2.469587e+02 4.944088e+00
      vertex   -4.017185e+01 -2.459834e+02 6.446522e+00
    endloop
  endfacet
  facet normal 6.216443e-01 -7.278519e-01 -2.894649e-01
    outer loop
      vertex   -4.017185e+01 -2.459834e+02 6.446522e+00
      vertex   -4.201336e+01 -2.469587e+02 4.944088e+00
      vertex   -4.049412e+01 -2.456611e+02 4.944088e+00
    endloop
  endfacet
  facet normal 7.278519e-01 -6.216443e-01 -2.894649e-01
    outer loop
      vertex   -4.017185e+01 -2.459834e+02 6.446522e+00
      vertex   -4.049412e+01 -2.456611e+02 4.944088e+00
      vertex   -3.882785e+01 -2.444098e+02 6.446522e+00
    endloop
  endfacet
  facet normal 7.278519e-01 -6.216443e-01 -2.894649e-01
    outer loop
      vertex   -3.882785e+01 -2.444098e+02 6.446522e+00
      vertex   -4.049412e+01 -2.456611e+02 4.944088e+00
      vertex   -3.919656e+01 -2.441419e+02 4.944088e+00
    endloop
  endfacet
  facet normal 6.924212e-02 -8.798046e-01 -4.702653e-01
    outer loop
      vertex   -4.949725e+01 -2.493904e+02 4.944088e+00
      vertex   -4.949725e+01 -2.486502e+02 3.559438e+00
      vertex   -4.750547e+01 -2.492336e+02 4.944088e+00
    endloop
  endfacet
  facet normal 6.924212e-02 -8.798046e-01 -4.702653e-01
    outer loop
      vertex   -4.750547e+01 -2.492336e+02 4.944088e+00
      vertex   -4.949725e+01 -2.486502e+02 3.559438e+00
      vertex   -4.762125e+01 -2.485026e+02 3.559438e+00
    endloop
  endfacet
  facet normal 2.060214e-01 -8.581408e-01 -4.702653e-01
    outer loop
      vertex   -4.750547e+01 -2.492336e+02 4.944088e+00
      vertex   -4.762125e+01 -2.485026e+02 3.559438e+00
      vertex   -4.556274e+01 -2.487672e+02 4.944088e+00
    endloop
  endfacet
  facet normal 2.060214e-01 -8.581408e-01 -4.702653e-01
    outer loop
      vertex   -4.556274e+01 -2.487672e+02 4.944088e+00
      vertex   -4.762125e+01 -2.485026e+02 3.559438e+00
      vertex   -4.579144e+01 -2.480633e+02 3.559438e+00
    endloop
  endfacet
  facet normal 3.377277e-01 -8.153469e-01 -4.702653e-01
    outer loop
      vertex   -4.556274e+01 -2.487672e+02 4.944088e+00
      vertex   -4.579144e+01 -2.480633e+02 3.559438e+00
      vertex   -4.371688e+01 -2.480026e+02 4.944088e+00
    endloop
  endfacet
  facet normal 3.377277e-01 -8.153469e-01 -4.702653e-01
    outer loop
      vertex   -4.371688e+01 -2.480026e+02 4.944088e+00
      vertex   -4.579144e+01 -2.480633e+02 3.559438e+00
      vertex   -4.405289e+01 -2.473432e+02 3.559438e+00
    endloop
  endfacet
  facet normal 4.611181e-01 -7.524763e-01 -4.702653e-01
    outer loop
      vertex   -4.371688e+01 -2.480026e+02 4.944088e+00
      vertex   -4.405289e+01 -2.473432e+02 3.559438e+00
      vertex   -4.201336e+01 -2.469587e+02 4.944088e+00
    endloop
  endfacet
  facet normal 4.611181e-01 -7.524763e-01 -4.702653e-01
    outer loop
      vertex   -4.201336e+01 -2.469587e+02 4.944088e+00
      vertex   -4.405289e+01 -2.473432e+02 3.559438e+00
      vertex   -4.244839e+01 -2.463599e+02 3.559438e+00
    endloop
  endfacet
  facet normal 5.731542e-01 -6.710773e-01 -4.702653e-01
    outer loop
      vertex   -4.201336e+01 -2.469587e+02 4.944088e+00
      vertex   -4.244839e+01 -2.463599e+02 3.559438e+00
      vertex   -4.049412e+01 -2.456611e+02 4.944088e+00
    endloop
  endfacet
  facet normal 5.731542e-01 -6.710773e-01 -4.702653e-01
    outer loop
      vertex   -4.049412e+01 -2.456611e+02 4.944088e+00
      vertex   -4.244839e+01 -2.463599e+02 3.559438e+00
      vertex   -4.101746e+01 -2.451378e+02 3.559438e+00
    endloop
  endfacet
  facet normal 6.710773e-01 -5.731542e-01 -4.702653e-01
    outer loop
      vertex   -4.049412e+01 -2.456611e+02 4.944088e+00
      vertex   -4.101746e+01 -2.451378e+02 3.559438e+00
      vertex   -3.919656e+01 -2.441419e+02 4.944088e+00
    endloop
  endfacet
  facet normal 6.710773e-01 -5.731542e-01 -4.702653e-01
    outer loop
      vertex   -3.919656e+01 -2.441419e+02 4.944088e+00
      vertex   -4.101746e+01 -2.451378e+02 3.559438e+00
      vertex   -3.979532e+01 -2.437069e+02 3.559438e+00
    endloop
  endfacet
  facet normal 6.072497e-02 -7.715839e-01 -6.332225e-01
    outer loop
      vertex   -4.949725e+01 -2.486502e+02 3.559438e+00
      vertex   -4.949725e+01 -2.476542e+02 2.345782e+00
      vertex   -4.762125e+01 -2.485026e+02 3.559438e+00
    endloop
  endfacet
  facet normal 6.072497e-02 -7.715839e-01 -6.332225e-01
    outer loop
      vertex   -4.762125e+01 -2.485026e+02 3.559438e+00
      vertex   -4.949725e+01 -2.476542e+02 2.345782e+00
      vertex   -4.777706e+01 -2.475188e+02 2.345782e+00
    endloop
  endfacet
  facet normal 1.806797e-01 -7.525849e-01 -6.332225e-01
    outer loop
      vertex   -4.762125e+01 -2.485026e+02 3.559438e+00
      vertex   -4.777706e+01 -2.475188e+02 2.345782e+00
      vertex   -4.579144e+01 -2.480633e+02 3.559438e+00
    endloop
  endfacet
  facet normal 1.806797e-01 -7.525849e-01 -6.332225e-01
    outer loop
      vertex   -4.579144e+01 -2.480633e+02 3.559438e+00
      vertex   -4.777706e+01 -2.475188e+02 2.345782e+00
      vertex   -4.609923e+01 -2.471160e+02 2.345782e+00
    endloop
  endfacet
  facet normal 2.961854e-01 -7.150548e-01 -6.332225e-01
    outer loop
      vertex   -4.579144e+01 -2.480633e+02 3.559438e+00
      vertex   -4.609923e+01 -2.471160e+02 2.345782e+00
      vertex   -4.405289e+01 -2.473432e+02 3.559438e+00
    endloop
  endfacet
  facet normal 2.961854e-01 -7.150548e-01 -6.332225e-01
    outer loop
      vertex   -4.405289e+01 -2.473432e+02 3.559438e+00
      vertex   -4.609923e+01 -2.471160e+02 2.345782e+00
      vertex   -4.450507e+01 -2.464557e+02 2.345782e+00
    endloop
  endfacet
  facet normal 4.043981e-01 -6.599177e-01 -6.332225e-01
    outer loop
      vertex   -4.405289e+01 -2.473432e+02 3.559438e+00
      vertex   -4.450507e+01 -2.464557e+02 2.345782e+00
      vertex   -4.244839e+01 -2.463599e+02 3.559438e+00
    endloop
  endfacet
  facet normal 4.043981e-01 -6.599177e-01 -6.332225e-01
    outer loop
      vertex   -4.244839e+01 -2.463599e+02 3.559438e+00
      vertex   -4.450507e+01 -2.464557e+02 2.345782e+00
      vertex   -4.303384e+01 -2.455541e+02 2.345782e+00
    endloop
  endfacet
  facet normal 5.026532e-01 -5.885312e-01 -6.332225e-01
    outer loop
      vertex   -4.244839e+01 -2.463599e+02 3.559438e+00
      vertex   -4.303384e+01 -2.455541e+02 2.345782e+00
      vertex   -4.101746e+01 -2.451378e+02 3.559438e+00
    endloop
  endfacet
  facet normal 5.026532e-01 -5.885312e-01 -6.332225e-01
    outer loop
      vertex   -4.101746e+01 -2.451378e+02 3.559438e+00
      vertex   -4.303384e+01 -2.455541e+02 2.345782e+00
      vertex   -4.172175e+01 -2.444335e+02 2.345782e+00
    endloop
  endfacet
  facet normal 5.885312e-01 -5.026532e-01 -6.332225e-01
    outer loop
      vertex   -4.101746e+01 -2.451378e+02 3.559438e+00
      vertex   -4.172175e+01 -2.444335e+02 2.345782e+00
      vertex   -3.979532e+01 -2.437069e+02 3.559438e+00
    endloop
  endfacet
  facet normal 5.885312e-01 -5.026532e-01 -6.332225e-01
    outer loop
      vertex   -3.979532e+01 -2.437069e+02 3.559438e+00
      vertex   -4.172175e+01 -2.444335e+02 2.345782e+00
      vertex   -4.060112e+01 -2.431214e+02 2.345782e+00
    endloop
  endfacet
  facet normal 4.986572e-02 -6.336041e-01 -7.720488e-01
    outer loop
      vertex   -4.949725e+01 -2.476542e+02 2.345782e+00
      vertex   -4.949725e+01 -2.464406e+02 1.349760e+00
      vertex   -4.777706e+01 -2.475188e+02 2.345782e+00
    endloop
  endfacet
  facet normal 4.986572e-02 -6.336041e-01 -7.720488e-01
    outer loop
      vertex   -4.777706e+01 -2.475188e+02 2.345782e+00
      vertex   -4.949725e+01 -2.464406e+02 1.349760e+00
      vertex   -4.796692e+01 -2.463201e+02 1.349760e+00
    endloop
  endfacet
  facet normal 1.483693e-01 -6.180026e-01 -7.720488e-01
    outer loop
      vertex   -4.777706e+01 -2.475188e+02 2.345782e+00
      vertex   -4.796692e+01 -2.463201e+02 1.349760e+00
      vertex   -4.609923e+01 -2.471160e+02 2.345782e+00
    endloop
  endfacet
  facet normal 1.483693e-01 -6.180026e-01 -7.720488e-01
    outer loop
      vertex   -4.609923e+01 -2.471160e+02 2.345782e+00
      vertex   -4.796692e+01 -2.463201e+02 1.349760e+00
      vertex   -4.647427e+01 -2.459618e+02 1.349760e+00
    endloop
  endfacet
  facet normal 2.432195e-01 -5.871839e-01 -7.720488e-01
    outer loop
      vertex   -4.609923e+01 -2.471160e+02 2.345782e+00
      vertex   -4.647427e+01 -2.459618e+02 1.349760e+00
      vertex   -4.450507e+01 -2.464557e+02 2.345782e+00
    endloop
  endfacet
  facet normal 2.432195e-01 -5.871839e-01 -7.720488e-01
    outer loop
      vertex   -4.450507e+01 -2.464557e+02 2.345782e+00
      vertex   -4.647427e+01 -2.459618e+02 1.349760e+00
      vertex   -4.505606e+01 -2.453743e+02 1.349760e+00
    endloop
  endfacet
  facet normal 3.320809e-01 -5.419068e-01 -7.720488e-01
    outer loop
      vertex   -4.450507e+01 -2.464557e+02 2.345782e+00
      vertex   -4.505606e+01 -2.453743e+02 1.349760e+00
      vertex   -4.303384e+01 -2.455541e+02 2.345782e+00
    endloop
  endfacet
  facet normal 3.320809e-01 -5.419068e-01 -7.720488e-01
    outer loop
      vertex   -4.303384e+01 -2.455541e+02 2.345782e+00
      vertex   -4.505606e+01 -2.453743e+02 1.349760e+00
      vertex   -4.374720e+01 -2.445723e+02 1.349760e+00
    endloop
  endfacet
  facet normal 4.127653e-01 -4.832861e-01 -7.720488e-01
    outer loop
      vertex   -4.303384e+01 -2.455541e+02 2.345782e+00
      vertex   -4.374720e+01 -2.445723e+02 1.349760e+00
      vertex   -4.172175e+01 -2.444335e+02 2.345782e+00
    endloop
  endfacet
  facet normal 4.127653e-01 -4.832861e-01 -7.720488e-01
    outer loop
      vertex   -4.172175e+01 -2.444335e+02 2.345782e+00
      vertex   -4.374720e+01 -2.445723e+02 1.349760e+00
      vertex   -4.257993e+01 -2.435753e+02 1.349760e+00
    endloop
  endfacet
  facet normal 4.832861e-01 -4.127653e-01 -7.720488e-01
    outer loop
      vertex   -4.172175e+01 -2.444335e+02 2.345782e+00
      vertex   -4.257993e+01 -2.435753e+02 1.349760e+00
      vertex   -4.060112e+01 -2.431214e+02 2.345782e+00
    endloop
  endfacet
  facet normal 4.832861e-01 -4.127653e-01 -7.720488e-01
    outer loop
      vertex   -4.060112e+01 -2.431214e+02 2.345782e+00
      vertex   -4.257993e+01 -2.435753e+02 1.349760e+00
      vertex   -4.158299e+01 -2.424080e+02 1.349760e+00
    endloop
  endfacet
  facet normal 3.707422e-02 -4.710727e-01 -8.813150e-01
    outer loop
      vertex   -4.949725e+01 -2.464406e+02 1.349760e+00
      vertex   -4.949725e+01 -2.450559e+02 6.096488e-01
      vertex   -4.796692e+01 -2.463201e+02 1.349760e+00
    endloop
  endfacet
  facet normal 3.707422e-02 -4.710727e-01 -8.813150e-01
    outer loop
      vertex   -4.796692e+01 -2.463201e+02 1.349760e+00
      vertex   -4.949725e+01 -2.450559e+02 6.096488e-01
      vertex   -4.818353e+01 -2.449525e+02 6.096488e-01
    endloop
  endfacet
  facet normal 1.103098e-01 -4.594733e-01 -8.813150e-01
    outer loop
      vertex   -4.796692e+01 -2.463201e+02 1.349760e+00
      vertex   -4.818353e+01 -2.449525e+02 6.096488e-01
      vertex   -4.647427e+01 -2.459618e+02 1.349760e+00
    endloop
  endfacet
  facet normal 1.103098e-01 -4.594733e-01 -8.813150e-01
    outer loop
      vertex   -4.647427e+01 -2.459618e+02 1.349760e+00
      vertex   -4.818353e+01 -2.449525e+02 6.096488e-01
      vertex   -4.690215e+01 -2.446449e+02 6.096488e-01
    endloop
  endfacet
  facet normal 1.808291e-01 -4.365602e-01 -8.813150e-01
    outer loop
      vertex   -4.647427e+01 -2.459618e+02 1.349760e+00
      vertex   -4.690215e+01 -2.446449e+02 6.096488e-01
      vertex   -4.505606e+01 -2.453743e+02 1.349760e+00
    endloop
  endfacet
  facet normal 1.808291e-01 -4.365602e-01 -8.813150e-01
    outer loop
      vertex   -4.505606e+01 -2.453743e+02 1.349760e+00
      vertex   -4.690215e+01 -2.446449e+02 6.096488e-01
      vertex   -4.568468e+01 -2.441406e+02 6.096488e-01
    endloop
  endfacet
  facet normal 2.468959e-01 -4.028975e-01 -8.813150e-01
    outer loop
      vertex   -4.505606e+01 -2.453743e+02 1.349760e+00
      vertex   -4.568468e+01 -2.441406e+02 6.096488e-01
      vertex   -4.374720e+01 -2.445723e+02 1.349760e+00
    endloop
  endfacet
  facet normal 2.468959e-01 -4.028975e-01 -8.813150e-01
    outer loop
      vertex   -4.374720e+01 -2.445723e+02 1.349760e+00
      vertex   -4.568468e+01 -2.441406e+02 6.096488e-01
      vertex   -4.456108e+01 -2.434521e+02 6.096488e-01
    endloop
  endfacet
  facet normal 3.068832e-01 -3.593141e-01 -8.813150e-01
    outer loop
      vertex   -4.374720e+01 -2.445723e+02 1.349760e+00
      vertex   -4.456108e+01 -2.434521e+02 6.096488e-01
      vertex   -4.257993e+01 -2.435753e+02 1.349760e+00
    endloop
  endfacet
  facet normal 3.068832e-01 -3.593141e-01 -8.813150e-01
    outer loop
      vertex   -4.257993e+01 -2.435753e+02 1.349760e+00
      vertex   -4.456108e+01 -2.434521e+02 6.096488e-01
      vertex   -4.355903e+01 -2.425962e+02 6.096488e-01
    endloop
  endfacet
  facet normal 3.593141e-01 -3.068832e-01 -8.813150e-01
    outer loop
      vertex   -4.257993e+01 -2.435753e+02 1.349760e+00
      vertex   -4.355903e+01 -2.425962e+02 6.096488e-01
      vertex   -4.158299e+01 -2.424080e+02 1.349760e+00
    endloop
  endfacet
  facet normal 3.593141e-01 -3.068832e-01 -8.813150e-01
    outer loop
      vertex   -4.158299e+01 -2.424080e+02 1.349760e+00
      vertex   -4.355903e+01 -2.425962e+02 6.096488e-01
      vertex   -4.270320e+01 -2.415942e+02 6.096488e-01
    endloop
  endfacet
  facet normal 2.283994e-02 -2.902090e-01 -9.566907e-01
    outer loop
      vertex   -4.949725e+01 -2.450559e+02 6.096488e-01
      vertex   -4.949725e+01 -2.435535e+02 1.538907e-01
      vertex   -4.818353e+01 -2.449525e+02 6.096488e-01
    endloop
  endfacet
  facet normal 2.283994e-02 -2.902090e-01 -9.566907e-01
    outer loop
      vertex   -4.818353e+01 -2.449525e+02 6.096488e-01
      vertex   -4.949725e+01 -2.435535e+02 1.538907e-01
      vertex   -4.841856e+01 -2.434686e+02 1.538907e-01
    endloop
  endfacet
  facet normal 6.795742e-02 -2.830630e-01 -9.566907e-01
    outer loop
      vertex   -4.818353e+01 -2.449525e+02 6.096488e-01
      vertex   -4.841856e+01 -2.434686e+02 1.538907e-01
      vertex   -4.690215e+01 -2.446449e+02 6.096488e-01
    endloop
  endfacet
  facet normal 6.795742e-02 -2.830630e-01 -9.566907e-01
    outer loop
      vertex   -4.690215e+01 -2.446449e+02 6.096488e-01
      vertex   -4.841856e+01 -2.434686e+02 1.538907e-01
      vertex   -4.736643e+01 -2.432160e+02 1.538907e-01
    endloop
  endfacet
  facet normal 1.114016e-01 -2.689472e-01 -9.566907e-01
    outer loop
      vertex   -4.690215e+01 -2.446449e+02 6.096488e-01
      vertex   -4.736643e+01 -2.432160e+02 1.538907e-01
      vertex   -4.568468e+01 -2.441406e+02 6.096488e-01
    endloop
  endfacet
  facet normal 1.114016e-01 -2.689472e-01 -9.566907e-01
    outer loop
      vertex   -4.568468e+01 -2.441406e+02 6.096488e-01
      vertex   -4.736643e+01 -2.432160e+02 1.538907e-01
      vertex   -4.636677e+01 -2.428019e+02 1.538907e-01
    endloop
  endfacet
  facet normal 1.521026e-01 -2.482090e-01 -9.566907e-01
    outer loop
      vertex   -4.568468e+01 -2.441406e+02 6.096488e-01
      vertex   -4.636677e+01 -2.428019e+02 1.538907e-01
      vertex   -4.456108e+01 -2.434521e+02 6.096488e-01
    endloop
  endfacet
  facet normal 1.521026e-01 -2.482090e-01 -9.566907e-01
    outer loop
      vertex   -4.456108e+01 -2.434521e+02 6.096488e-01
      vertex   -4.636677e+01 -2.428019e+02 1.538907e-01
      vertex   -4.544419e+01 -2.422366e+02 1.538907e-01
    endloop
  endfacet
  facet normal 1.890584e-01 -2.213590e-01 -9.566907e-01
    outer loop
      vertex   -4.456108e+01 -2.434521e+02 6.096488e-01
      vertex   -4.544419e+01 -2.422366e+02 1.538907e-01
      vertex   -4.355903e+01 -2.425962e+02 6.096488e-01
    endloop
  endfacet
  facet normal 1.890584e-01 -2.213590e-01 -9.566907e-01
    outer loop
      vertex   -4.355903e+01 -2.425962e+02 6.096488e-01
      vertex   -4.544419e+01 -2.422366e+02 1.538907e-01
      vertex   -4.462141e+01 -2.415338e+02 1.538907e-01
    endloop
  endfacet
  facet normal 2.213590e-01 -1.890584e-01 -9.566907e-01
    outer loop
      vertex   -4.355903e+01 -2.425962e+02 6.096488e-01
      vertex   -4.462141e+01 -2.415338e+02 1.538907e-01
      vertex   -4.270320e+01 -2.415942e+02 6.096488e-01
    endloop
  endfacet
  facet normal 2.213590e-01 -1.890584e-01 -9.566907e-01
    outer loop
      vertex   -4.270320e+01 -2.415942e+02 6.096488e-01
      vertex   -4.462141e+01 -2.415338e+02 1.538907e-01
      vertex   -4.391869e+01 -2.407111e+02 1.538907e-01
    endloop
  endfacet
  facet normal 7.713887e-03 -9.801422e-02 -9.951551e-01
    outer loop
      vertex   -4.949725e+01 -2.435535e+02 1.538907e-01
      vertex   -4.949725e+01 -2.419910e+02 0.000000e+00
      vertex   -4.841856e+01 -2.434686e+02 1.538907e-01
    endloop
  endfacet
  facet normal 1.079253e-02 -9.578631e-02 -9.953434e-01
    outer loop
      vertex   -4.841856e+01 -2.434686e+02 1.538907e-01
      vertex   -4.949725e+01 -2.419910e+02 0.000000e+00
      vertex   -4.831055e+01 -2.418573e+02 0.000000e+00
    endloop
  endfacet
  facet normal 2.318913e-02 -9.658970e-02 -9.950541e-01
    outer loop
      vertex   -4.841856e+01 -2.434686e+02 1.538907e-01
      vertex   -4.831055e+01 -2.418573e+02 0.000000e+00
      vertex   -4.736643e+01 -2.432160e+02 1.538907e-01
    endloop
  endfacet
  facet normal 3.173337e-02 -9.068877e-02 -9.953736e-01
    outer loop
      vertex   -4.736643e+01 -2.432160e+02 1.538907e-01
      vertex   -4.831055e+01 -2.418573e+02 0.000000e+00
      vertex   -4.718335e+01 -2.414629e+02 0.000000e+00
    endloop
  endfacet
  facet normal 3.781795e-02 -9.130062e-02 -9.951050e-01
    outer loop
      vertex   -4.736643e+01 -2.432160e+02 1.538907e-01
      vertex   -4.718335e+01 -2.414629e+02 0.000000e+00
      vertex   -4.636677e+01 -2.428019e+02 1.538907e-01
    endloop
  endfacet
  facet normal 5.102266e-02 -8.326141e-02 -9.952207e-01
    outer loop
      vertex   -4.636677e+01 -2.428019e+02 1.538907e-01
      vertex   -4.718335e+01 -2.414629e+02 0.000000e+00
      vertex   -4.544419e+01 -2.422366e+02 1.538907e-01
    endloop
  endfacet
  facet normal 5.156275e-02 -8.206164e-02 -9.952925e-01
    outer loop
      vertex   -4.718335e+01 -2.414629e+02 0.000000e+00
      vertex   -4.617218e+01 -2.408275e+02 0.000000e+00
      vertex   -4.544419e+01 -2.422366e+02 1.538907e-01
    endloop
  endfacet
  facet normal 6.440140e-02 -7.540436e-02 -9.950712e-01
    outer loop
      vertex   -4.544419e+01 -2.422366e+02 1.538907e-01
      vertex   -4.617218e+01 -2.408275e+02 0.000000e+00
      vertex   -4.462141e+01 -2.415338e+02 1.538907e-01
    endloop
  endfacet
  facet normal 6.786594e-02 -6.786594e-02 -9.953836e-01
    outer loop
      vertex   -4.617218e+01 -2.408275e+02 0.000000e+00
      vertex   -4.532774e+01 -2.399831e+02 0.000000e+00
      vertex   -4.462141e+01 -2.415338e+02 1.538907e-01
    endloop
  endfacet
  facet normal 7.540436e-02 -6.440140e-02 -9.950712e-01
    outer loop
      vertex   -4.462141e+01 -2.415338e+02 1.538907e-01
      vertex   -4.532774e+01 -2.399831e+02 0.000000e+00
      vertex   -4.391869e+01 -2.407111e+02 1.538907e-01
    endloop
  endfacet
  facet normal 8.206164e-02 -5.156275e-02 -9.952925e-01
    outer loop
      vertex   -4.532774e+01 -2.399831e+02 0.000000e+00
      vertex   -4.469238e+01 -2.389719e+02 0.000000e+00
      vertex   -4.391869e+01 -2.407111e+02 1.538907e-01
    endloop
  endfacet
  facet normal 2.689472e-01 -1.114016e-01 -9.566907e-01
    outer loop
      vertex   -4.201466e+01 -2.404706e+02 6.096488e-01
      vertex   -4.335333e+01 -2.397885e+02 1.538907e-01
      vertex   -4.151036e+01 -2.392531e+02 6.096488e-01
    endloop
  endfacet
  facet normal 2.689472e-01 -1.114016e-01 -9.566907e-01
    outer loop
      vertex   -4.151036e+01 -2.392531e+02 6.096488e-01
      vertex   -4.335333e+01 -2.397885e+02 1.538907e-01
      vertex   -4.293926e+01 -2.387888e+02 1.538907e-01
    endloop
  endfacet
  facet normal 2.830630e-01 -6.795742e-02 -9.566907e-01
    outer loop
      vertex   -4.151036e+01 -2.392531e+02 6.096488e-01
      vertex   -4.293926e+01 -2.387888e+02 1.538907e-01
      vertex   -4.120273e+01 -2.379717e+02 6.096488e-01
    endloop
  endfacet
  facet normal 2.830630e-01 -6.795742e-02 -9.566907e-01
    outer loop
      vertex   -4.120273e+01 -2.379717e+02 6.096488e-01
      vertex   -4.293926e+01 -2.387888e+02 1.538907e-01
      vertex   -4.268667e+01 -2.377367e+02 1.538907e-01
    endloop
  endfacet
  facet normal 4.365602e-01 -1.808291e-01 -8.813150e-01
    outer loop
      vertex   -4.078092e+01 -2.410992e+02 1.349760e+00
      vertex   -4.201466e+01 -2.404706e+02 6.096488e-01
      vertex   -4.019348e+01 -2.396810e+02 1.349760e+00
    endloop
  endfacet
  facet normal 4.365602e-01 -1.808291e-01 -8.813150e-01
    outer loop
      vertex   -4.019348e+01 -2.396810e+02 1.349760e+00
      vertex   -4.201466e+01 -2.404706e+02 6.096488e-01
      vertex   -4.151036e+01 -2.392531e+02 6.096488e-01
    endloop
  endfacet
  facet normal 4.594733e-01 -1.103098e-01 -8.813150e-01
    outer loop
      vertex   -4.019348e+01 -2.396810e+02 1.349760e+00
      vertex   -4.151036e+01 -2.392531e+02 6.096488e-01
      vertex   -3.983513e+01 -2.381883e+02 1.349760e+00
    endloop
  endfacet
  facet normal 4.594733e-01 -1.103098e-01 -8.813150e-01
    outer loop
      vertex   -3.983513e+01 -2.381883e+02 1.349760e+00
      vertex   -4.151036e+01 -2.392531e+02 6.096488e-01
      vertex   -4.120273e+01 -2.379717e+02 6.096488e-01
    endloop
  endfacet
  facet normal 5.871839e-01 -2.432195e-01 -7.720488e-01
    outer loop
      vertex   -3.969955e+01 -2.416502e+02 2.345782e+00
      vertex   -4.078092e+01 -2.410992e+02 1.349760e+00
      vertex   -3.903923e+01 -2.400560e+02 2.345782e+00
    endloop
  endfacet
  facet normal 5.871839e-01 -2.432195e-01 -7.720488e-01
    outer loop
      vertex   -3.903923e+01 -2.400560e+02 2.345782e+00
      vertex   -4.078092e+01 -2.410992e+02 1.349760e+00
      vertex   -4.019348e+01 -2.396810e+02 1.349760e+00
    endloop
  endfacet
  facet normal 6.180026e-01 -1.483693e-01 -7.720488e-01
    outer loop
      vertex   -3.903923e+01 -2.400560e+02 2.345782e+00
      vertex   -4.019348e+01 -2.396810e+02 1.349760e+00
      vertex   -3.863641e+01 -2.383782e+02 2.345782e+00
    endloop
  endfacet
  facet normal 6.180026e-01 -1.483693e-01 -7.720488e-01
    outer loop
      vertex   -3.863641e+01 -2.383782e+02 2.345782e+00
      vertex   -4.019348e+01 -2.396810e+02 1.349760e+00
      vertex   -3.983513e+01 -2.381883e+02 1.349760e+00
    endloop
  endfacet
  facet normal 7.150548e-01 -2.961854e-01 -6.332225e-01
    outer loop
      vertex   -3.881209e+01 -2.421024e+02 3.559438e+00
      vertex   -3.969955e+01 -2.416502e+02 2.345782e+00
      vertex   -3.809195e+01 -2.403638e+02 3.559438e+00
    endloop
  endfacet
  facet normal 7.150548e-01 -2.961854e-01 -6.332225e-01
    outer loop
      vertex   -3.809195e+01 -2.403638e+02 3.559438e+00
      vertex   -3.969955e+01 -2.416502e+02 2.345782e+00
      vertex   -3.903923e+01 -2.400560e+02 2.345782e+00
    endloop
  endfacet
  facet normal 7.525849e-01 -1.806797e-01 -6.332225e-01
    outer loop
      vertex   -3.809195e+01 -2.403638e+02 3.559438e+00
      vertex   -3.903923e+01 -2.400560e+02 2.345782e+00
      vertex   -3.765265e+01 -2.385340e+02 3.559438e+00
    endloop
  endfacet
  facet normal 7.525849e-01 -1.806797e-01 -6.332225e-01
    outer loop
      vertex   -3.765265e+01 -2.385340e+02 3.559438e+00
      vertex   -3.903923e+01 -2.400560e+02 2.345782e+00
      vertex   -3.863641e+01 -2.383782e+02 2.345782e+00
    endloop
  endfacet
  facet normal 8.153469e-01 -3.377277e-01 -4.702653e-01
    outer loop
      vertex   -3.815264e+01 -2.424384e+02 4.944088e+00
      vertex   -3.881209e+01 -2.421024e+02 3.559438e+00
      vertex   -3.738807e+01 -2.405925e+02 4.944088e+00
    endloop
  endfacet
  facet normal 8.153469e-01 -3.377277e-01 -4.702653e-01
    outer loop
      vertex   -3.738807e+01 -2.405925e+02 4.944088e+00
      vertex   -3.881209e+01 -2.421024e+02 3.559438e+00
      vertex   -3.809195e+01 -2.403638e+02 3.559438e+00
    endloop
  endfacet
  facet normal 8.581408e-01 -2.060214e-01 -4.702653e-01
    outer loop
      vertex   -3.738807e+01 -2.405925e+02 4.944088e+00
      vertex   -3.809195e+01 -2.403638e+02 3.559438e+00
      vertex   -3.692166e+01 -2.386498e+02 4.944088e+00
    endloop
  endfacet
  facet normal 8.581408e-01 -2.060214e-01 -4.702653e-01
    outer loop
      vertex   -3.692166e+01 -2.386498e+02 4.944088e+00
      vertex   -3.809195e+01 -2.403638e+02 3.559438e+00
      vertex   -3.765265e+01 -2.385340e+02 3.559438e+00
    endloop
  endfacet
  facet normal 8.843270e-01 -3.663002e-01 -2.894649e-01
    outer loop
      vertex   -3.774656e+01 -2.426453e+02 6.446522e+00
      vertex   -3.815264e+01 -2.424384e+02 4.944088e+00
      vertex   -3.695461e+01 -2.407333e+02 6.446522e+00
    endloop
  endfacet
  facet normal 8.843270e-01 -3.663002e-01 -2.894649e-01
    outer loop
      vertex   -3.695461e+01 -2.407333e+02 6.446522e+00
      vertex   -3.815264e+01 -2.424384e+02 4.944088e+00
      vertex   -3.738807e+01 -2.405925e+02 4.944088e+00
    endloop
  endfacet
  facet normal 9.307414e-01 -2.234512e-01 -2.894649e-01
    outer loop
      vertex   -3.695461e+01 -2.407333e+02 6.446522e+00
      vertex   -3.738807e+01 -2.405925e+02 4.944088e+00
      vertex   -3.647151e+01 -2.387211e+02 6.446522e+00
    endloop
  endfacet
  facet normal 9.307414e-01 -2.234512e-01 -2.894649e-01
    outer loop
      vertex   -3.647151e+01 -2.387211e+02 6.446522e+00
      vertex   -3.738807e+01 -2.405925e+02 4.944088e+00
      vertex   -3.692166e+01 -2.386498e+02 4.944088e+00
    endloop
  endfacet
  facet normal 9.801714e-02 -3.790708e-17 -9.951847e-01
    outer loop
      vertex   -4.260177e+01 -6.177613e+01 1.538907e-01
      vertex   -4.260177e+01 -9.092310e+01 1.538907e-01
      vertex   -4.416425e+01 -6.177613e+01 0.000000e+00
    endloop
  endfacet
  facet normal 9.801714e-02 0.000000e+00 -9.951847e-01
    outer loop
      vertex   -4.416425e+01 -6.177613e+01 0.000000e+00
      vertex   -4.260177e+01 -9.092310e+01 1.538907e-01
      vertex   -4.260177e+01 -1.200701e+02 1.538907e-01
    endloop
  endfacet
  facet normal 9.801714e-02 0.000000e+00 -9.951847e-01
    outer loop
      vertex   -4.416425e+01 -6.177613e+01 0.000000e+00
      vertex   -4.260177e+01 -1.200701e+02 1.538907e-01
      vertex   -4.260177e+01 -1.492171e+02 1.538907e-01
    endloop
  endfacet
  facet normal 2.902847e-01 0.000000e+00 -9.569403e-01
    outer loop
      vertex   -4.260177e+01 -1.492171e+02 1.538907e-01
      vertex   -4.260177e+01 -1.200701e+02 1.538907e-01
      vertex   -4.109934e+01 -1.492171e+02 6.096488e-01
    endloop
  endfacet
  facet normal 2.902847e-01 0.000000e+00 -9.569403e-01
    outer loop
      vertex   -4.260177e+01 -1.492171e+02 1.538907e-01
      vertex   -4.109934e+01 -1.492171e+02 6.096488e-01
      vertex   -4.109934e+01 -1.783640e+02 6.096488e-01
    endloop
  endfacet
  facet normal 4.713967e-01 0.000000e+00 -8.819213e-01
    outer loop
      vertex   -4.109934e+01 -1.783640e+02 6.096488e-01
      vertex   -4.109934e+01 -1.492171e+02 6.096488e-01
      vertex   -3.971469e+01 -1.783640e+02 1.349760e+00
    endloop
  endfacet
  facet normal 4.713967e-01 0.000000e+00 -8.819213e-01
    outer loop
      vertex   -4.109934e+01 -1.783640e+02 6.096488e-01
      vertex   -3.971469e+01 -1.783640e+02 1.349760e+00
      vertex   -3.971469e+01 -2.075110e+02 1.349760e+00
    endloop
  endfacet
  facet normal 6.343933e-01 0.000000e+00 -7.730105e-01
    outer loop
      vertex   -3.971469e+01 -2.075110e+02 1.349760e+00
      vertex   -3.971469e+01 -1.783640e+02 1.349760e+00
      vertex   -3.850103e+01 -2.075110e+02 2.345782e+00
    endloop
  endfacet
  facet normal 6.343933e-01 3.396522e-17 -7.730105e-01
    outer loop
      vertex   -3.971469e+01 -2.075110e+02 1.349760e+00
      vertex   -3.850103e+01 -2.075110e+02 2.345782e+00
      vertex   -3.850103e+01 -2.366580e+02 2.345782e+00
    endloop
  endfacet
  facet normal 7.730105e-01 2.899723e-17 -6.343933e-01
    outer loop
      vertex   -3.850103e+01 -2.366580e+02 2.345782e+00
      vertex   -3.850103e+01 -2.075110e+02 2.345782e+00
      vertex   -3.750501e+01 -2.366580e+02 3.559438e+00
    endloop
  endfacet
  facet normal 7.730105e-01 -9.665743e-18 -6.343933e-01
    outer loop
      vertex   -3.750501e+01 -2.366580e+02 3.559438e+00
      vertex   -3.850103e+01 -2.075110e+02 2.345782e+00
      vertex   -3.750501e+01 -2.075110e+02 3.559438e+00
    endloop
  endfacet
  facet normal 8.819213e-01 -7.182295e-18 -4.713967e-01
    outer loop
      vertex   -3.750501e+01 -2.366580e+02 3.559438e+00
      vertex   -3.750501e+01 -2.075110e+02 3.559438e+00
      vertex   -3.676490e+01 -2.366580e+02 4.944088e+00
    endloop
  endfacet
  facet normal 8.819213e-01 -1.436459e-17 -4.713967e-01
    outer loop
      vertex   -3.676490e+01 -2.366580e+02 4.944088e+00
      vertex   -3.750501e+01 -2.075110e+02 3.559438e+00
      vertex   -3.676490e+01 -2.075110e+02 4.944088e+00
    endloop
  endfacet
  facet normal 9.569403e-01 -8.845671e-18 -2.902847e-01
    outer loop
      vertex   -3.676490e+01 -2.366580e+02 4.944088e+00
      vertex   -3.676490e+01 -2.075110e+02 4.944088e+00
      vertex   -3.630914e+01 -2.366580e+02 6.446522e+00
    endloop
  endfacet
  facet normal 9.569403e-01 0.000000e+00 -2.902847e-01
    outer loop
      vertex   -3.630914e+01 -2.366580e+02 6.446522e+00
      vertex   -3.676490e+01 -2.075110e+02 4.944088e+00
      vertex   -3.630914e+01 -2.075110e+02 6.446522e+00
    endloop
  endfacet
  facet normal 9.951847e-01 0.000000e+00 -9.801714e-02
    outer loop
      vertex   -3.630914e+01 -2.366580e+02 6.446522e+00
      vertex   -3.630914e+01 -2.075110e+02 6.446522e+00
      vertex   -3.615525e+01 -2.366580e+02 8.009000e+00
    endloop
  endfacet
  facet normal 9.951847e-01 0.000000e+00 -9.801714e-02
    outer loop
      vertex   -3.615525e+01 -2.366580e+02 8.009000e+00
      vertex   -3.630914e+01 -2.075110e+02 6.446522e+00
      vertex   -3.630914e+01 -1.783640e+02 6.446522e+00
    endloop
  endfacet
  facet normal 9.951847e-01 0.000000e+00 -9.801714e-02
    outer loop
      vertex   -3.615525e+01 -2.366580e+02 8.009000e+00
      vertex   -3.630914e+01 -1.783640e+02 6.446522e+00
      vertex   -3.630914e+01 -1.492171e+02 6.446522e+00
    endloop
  endfacet
  facet normal 9.569403e-01 0.000000e+00 -2.902847e-01
    outer loop
      vertex   -3.630914e+01 -1.492171e+02 6.446522e+00
      vertex   -3.630914e+01 -1.783640e+02 6.446522e+00
      vertex   -3.676490e+01 -1.492171e+02 4.944088e+00
    endloop
  endfacet
  facet normal 9.569403e-01 0.000000e+00 -2.902847e-01
    outer loop
      vertex   -3.630914e+01 -1.492171e+02 6.446522e+00
      vertex   -3.676490e+01 -1.492171e+02 4.944088e+00
      vertex   -3.676490e+01 -1.200701e+02 4.944088e+00
    endloop
  endfacet
  facet normal 8.819213e-01 0.000000e+00 -4.713967e-01
    outer loop
      vertex   -3.676490e+01 -1.200701e+02 4.944088e+00
      vertex   -3.676490e+01 -1.492171e+02 4.944088e+00
      vertex   -3.750501e+01 -1.200701e+02 3.559438e+00
    endloop
  endfacet
  facet normal 8.819213e-01 0.000000e+00 -4.713967e-01
    outer loop
      vertex   -3.676490e+01 -1.200701e+02 4.944088e+00
      vertex   -3.750501e+01 -1.200701e+02 3.559438e+00
      vertex   -3.750501e+01 -9.092310e+01 3.559438e+00
    endloop
  endfacet
  facet normal 7.730105e-01 0.000000e+00 -6.343933e-01
    outer loop
      vertex   -3.750501e+01 -9.092310e+01 3.559438e+00
      vertex   -3.750501e+01 -1.200701e+02 3.559438e+00
      vertex   -3.850103e+01 -9.092310e+01 2.345782e+00
    endloop
  endfacet
  facet normal 7.730105e-01 -2.911304e-17 -6.343933e-01
    outer loop
      vertex   -3.750501e+01 -9.092310e+01 3.559438e+00
      vertex   -3.850103e+01 -9.092310e+01 2.345782e+00
      vertex   -3.850103e+01 -6.177613e+01 2.345782e+00
    endloop
  endfacet
  facet normal 6.343933e-01 -3.533323e-17 -7.730105e-01
    outer loop
      vertex   -3.850103e+01 -6.177613e+01 2.345782e+00
      vertex   -3.850103e+01 -9.092310e+01 2.345782e+00
      vertex   -3.971469e+01 -6.177613e+01 1.349760e+00
    endloop
  endfacet
  facet normal 6.343933e-01 0.000000e+00 -7.730105e-01
    outer loop
      vertex   -3.971469e+01 -6.177613e+01 1.349760e+00
      vertex   -3.850103e+01 -9.092310e+01 2.345782e+00
      vertex   -3.971469e+01 -9.092310e+01 1.349760e+00
    endloop
  endfacet
  facet normal 4.713967e-01 0.000000e+00 -8.819213e-01
    outer loop
      vertex   -3.971469e+01 -6.177613e+01 1.349760e+00
      vertex   -3.971469e+01 -9.092310e+01 1.349760e+00
      vertex   -4.109934e+01 -6.177613e+01 6.096488e-01
    endloop
  endfacet
  facet normal 4.713967e-01 0.000000e+00 -8.819213e-01
    outer loop
      vertex   -4.109934e+01 -6.177613e+01 6.096488e-01
      vertex   -3.971469e+01 -9.092310e+01 1.349760e+00
      vertex   -4.109934e+01 -9.092310e+01 6.096488e-01
    endloop
  endfacet
  facet normal 2.902847e-01 0.000000e+00 -9.569403e-01
    outer loop
      vertex   -4.109934e+01 -6.177613e+01 6.096488e-01
      vertex   -4.109934e+01 -9.092310e+01 6.096488e-01
      vertex   -4.260177e+01 -6.177613e+01 1.538907e-01
    endloop
  endfacet
  facet normal 2.902847e-01 -3.645034e-17 -9.569403e-01
    outer loop
      vertex   -4.260177e+01 -6.177613e+01 1.538907e-01
      vertex   -4.109934e+01 -9.092310e+01 6.096488e-01
      vertex   -4.260177e+01 -9.092310e+01 1.538907e-01
    endloop
  endfacet
  facet normal 7.730105e-01 9.704348e-18 -6.343933e-01
    outer loop
      vertex   -3.850103e+01 -6.177613e+01 2.345782e+00
      vertex   -3.750501e+01 -6.177613e+01 3.559438e+00
      vertex   -3.750501e+01 -9.092310e+01 3.559438e+00
    endloop
  endfacet
  facet normal 8.819213e-01 7.182295e-18 -4.713967e-01
    outer loop
      vertex   -3.750501e+01 -9.092310e+01 3.559438e+00
      vertex   -3.750501e+01 -6.177613e+01 3.559438e+00
      vertex   -3.676490e+01 -9.092310e+01 4.944088e+00
    endloop
  endfacet
  facet normal 8.819213e-01 0.000000e+00 -4.713967e-01
    outer loop
      vertex   -3.750501e+01 -9.092310e+01 3.559438e+00
      vertex   -3.676490e+01 -9.092310e+01 4.944088e+00
      vertex   -3.676490e+01 -1.200701e+02 4.944088e+00
    endloop
  endfacet
  facet normal 9.569403e-01 0.000000e+00 -2.902847e-01
    outer loop
      vertex   -3.676490e+01 -1.200701e+02 4.944088e+00
      vertex   -3.676490e+01 -9.092310e+01 4.944088e+00
      vertex   -3.630914e+01 -1.200701e+02 6.446522e+00
    endloop
  endfacet
  facet normal 9.569403e-01 0.000000e+00 -2.902847e-01
    outer loop
      vertex   -3.676490e+01 -1.200701e+02 4.944088e+00
      vertex   -3.630914e+01 -1.200701e+02 6.446522e+00
      vertex   -3.630914e+01 -1.492171e+02 6.446522e+00
    endloop
  endfacet
  facet normal 9.951847e-01 0.000000e+00 -9.801714e-02
    outer loop
      vertex   -3.630914e+01 -1.492171e+02 6.446522e+00
      vertex   -3.630914e+01 -1.200701e+02 6.446522e+00
      vertex   -3.615525e+01 -6.177613e+01 8.009000e+00
    endloop
  endfacet
  facet normal 9.951847e-01 0.000000e+00 -9.801714e-02
    outer loop
      vertex   -3.630914e+01 -1.492171e+02 6.446522e+00
      vertex   -3.615525e+01 -6.177613e+01 8.009000e+00
      vertex   -3.615525e+01 -2.366580e+02 8.009000e+00
    endloop
  endfacet
  facet normal 8.819213e-01 1.455652e-17 -4.713967e-01
    outer loop
      vertex   -3.750501e+01 -6.177613e+01 3.559438e+00
      vertex   -3.676490e+01 -6.177613e+01 4.944088e+00
      vertex   -3.676490e+01 -9.092310e+01 4.944088e+00
    endloop
  endfacet
  facet normal 9.569403e-01 8.845671e-18 -2.902847e-01
    outer loop
      vertex   -3.676490e+01 -9.092310e+01 4.944088e+00
      vertex   -3.676490e+01 -6.177613e+01 4.944088e+00
      vertex   -3.630914e+01 -9.092310e+01 6.446522e+00
    endloop
  endfacet
  facet normal 9.569403e-01 0.000000e+00 -2.902847e-01
    outer loop
      vertex   -3.676490e+01 -9.092310e+01 4.944088e+00
      vertex   -3.630914e+01 -9.092310e+01 6.446522e+00
      vertex   -3.630914e+01 -1.200701e+02 6.446522e+00
    endloop
  endfacet
  facet normal 9.951847e-01 0.000000e+00 -9.801714e-02
    outer loop
      vertex   -3.630914e+01 -1.200701e+02 6.446522e+00
      vertex   -3.630914e+01 -9.092310e+01 6.446522e+00
      vertex   -3.615525e+01 -6.177613e+01 8.009000e+00
    endloop
  endfacet
  facet normal 9.569403e-01 0.000000e+00 -2.902847e-01
    outer loop
      vertex   -3.676490e+01 -6.177613e+01 4.944088e+00
      vertex   -3.630914e+01 -6.177613e+01 6.446522e+00
      vertex   -3.630914e+01 -9.092310e+01 6.446522e+00
    endloop
  endfacet
  facet normal 9.951847e-01 0.000000e+00 -9.801714e-02
    outer loop
      vertex   -3.630914e+01 -9.092310e+01 6.446522e+00
      vertex   -3.630914e+01 -6.177613e+01 6.446522e+00
      vertex   -3.615525e+01 -6.177613e+01 8.009000e+00
    endloop
  endfacet
  facet normal 6.343933e-01 0.000000e+00 -7.730105e-01
    outer loop
      vertex   -3.850103e+01 -2.366580e+02 2.345782e+00
      vertex   -3.971469e+01 -2.366580e+02 1.349760e+00
      vertex   -3.971469e+01 -2.075110e+02 1.349760e+00
    endloop
  endfacet
  facet normal 4.713967e-01 0.000000e+00 -8.819213e-01
    outer loop
      vertex   -3.971469e+01 -2.075110e+02 1.349760e+00
      vertex   -3.971469e+01 -2.366580e+02 1.349760e+00
      vertex   -4.109934e+01 -2.075110e+02 6.096488e-01
    endloop
  endfacet
  facet normal 4.713967e-01 0.000000e+00 -8.819213e-01
    outer loop
      vertex   -3.971469e+01 -2.075110e+02 1.349760e+00
      vertex   -4.109934e+01 -2.075110e+02 6.096488e-01
      vertex   -4.109934e+01 -1.783640e+02 6.096488e-01
    endloop
  endfacet
  facet normal 2.902847e-01 0.000000e+00 -9.569403e-01
    outer loop
      vertex   -4.109934e+01 -1.783640e+02 6.096488e-01
      vertex   -4.109934e+01 -2.075110e+02 6.096488e-01
      vertex   -4.260177e+01 -1.783640e+02 1.538907e-01
    endloop
  endfacet
  facet normal 2.902847e-01 0.000000e+00 -9.569403e-01
    outer loop
      vertex   -4.109934e+01 -1.783640e+02 6.096488e-01
      vertex   -4.260177e+01 -1.783640e+02 1.538907e-01
      vertex   -4.260177e+01 -1.492171e+02 1.538907e-01
    endloop
  endfacet
  facet normal 9.801714e-02 0.000000e+00 -9.951847e-01
    outer loop
      vertex   -4.260177e+01 -1.492171e+02 1.538907e-01
      vertex   -4.260177e+01 -1.783640e+02 1.538907e-01
      vertex   -4.416425e+01 -2.366580e+02 0.000000e+00
    endloop
  endfacet
  facet normal 9.801714e-02 0.000000e+00 -9.951847e-01
    outer loop
      vertex   -4.260177e+01 -1.492171e+02 1.538907e-01
      vertex   -4.416425e+01 -2.366580e+02 0.000000e+00
      vertex   -4.416425e+01 -6.177613e+01 0.000000e+00
    endloop
  endfacet
  facet normal 4.713967e-01 0.000000e+00 -8.819213e-01
    outer loop
      vertex   -3.971469e+01 -2.366580e+02 1.349760e+00
      vertex   -4.109934e+01 -2.366580e+02 6.096488e-01
      vertex   -4.109934e+01 -2.075110e+02 6.096488e-01
    endloop
  endfacet
  facet normal 2.902847e-01 0.000000e+00 -9.569403e-01
    outer loop
      vertex   -4.109934e+01 -2.075110e+02 6.096488e-01
      vertex   -4.109934e+01 -2.366580e+02 6.096488e-01
      vertex   -4.260177e+01 -2.075110e+02 1.538907e-01
    endloop
  endfacet
  facet normal 2.902847e-01 0.000000e+00 -9.569403e-01
    outer loop
      vertex   -4.109934e+01 -2.075110e+02 6.096488e-01
      vertex   -4.260177e+01 -2.075110e+02 1.538907e-01
      vertex   -4.260177e+01 -1.783640e+02 1.538907e-01
    endloop
  endfacet
  facet normal 9.801714e-02 0.000000e+00 -9.951847e-01
    outer loop
      vertex   -4.260177e+01 -1.783640e+02 1.538907e-01
      vertex   -4.260177e+01 -2.075110e+02 1.538907e-01
      vertex   -4.416425e+01 -2.366580e+02 0.000000e+00
    endloop
  endfacet
  facet normal 2.902847e-01 3.639130e-17 -9.569403e-01
    outer loop
      vertex   -4.109934e+01 -2.366580e+02 6.096488e-01
      vertex   -4.260177e+01 -2.366580e+02 1.538907e-01
      vertex   -4.260177e+01 -2.075110e+02 1.538907e-01
    endloop
  endfacet
  facet normal 9.801714e-02 3.790708e-17 -9.951847e-01
    outer loop
      vertex   -4.260177e+01 -2.075110e+02 1.538907e-01
      vertex   -4.260177e+01 -2.366580e+02 1.538907e-01
      vertex   -4.416425e+01 -2.366580e+02 0.000000e+00
    endloop
  endfacet
  facet normal 2.902847e-01 0.000000e+00 -9.569403e-01
    outer loop
      vertex   -4.260177e+01 -1.200701e+02 1.538907e-01
      vertex   -4.260177e+01 -9.092310e+01 1.538907e-01
      vertex   -4.109934e+01 -1.200701e+02 6.096488e-01
    endloop
  endfacet
  facet normal 2.902847e-01 0.000000e+00 -9.569403e-01
    outer loop
      vertex   -4.109934e+01 -1.200701e+02 6.096488e-01
      vertex   -4.260177e+01 -9.092310e+01 1.538907e-01
      vertex   -4.109934e+01 -9.092310e+01 6.096488e-01
    endloop
  endfacet
  facet normal 4.713967e-01 0.000000e+00 -8.819213e-01
    outer loop
      vertex   -4.109934e+01 -1.200701e+02 6.096488e-01
      vertex   -4.109934e+01 -9.092310e+01 6.096488e-01
      vertex   -3.971469e+01 -1.200701e+02 1.349760e+00
    endloop
  endfacet
  facet normal 4.713967e-01 0.000000e+00 -8.819213e-01
    outer loop
      vertex   -3.971469e+01 -1.200701e+02 1.349760e+00
      vertex   -4.109934e+01 -9.092310e+01 6.096488e-01
      vertex   -3.971469e+01 -9.092310e+01 1.349760e+00
    endloop
  endfacet
  facet normal 6.343933e-01 0.000000e+00 -7.730105e-01
    outer loop
      vertex   -3.971469e+01 -1.200701e+02 1.349760e+00
      vertex   -3.971469e+01 -9.092310e+01 1.349760e+00
      vertex   -3.850103e+01 -1.200701e+02 2.345782e+00
    endloop
  endfacet
  facet normal 6.343933e-01 0.000000e+00 -7.730105e-01
    outer loop
      vertex   -3.850103e+01 -1.200701e+02 2.345782e+00
      vertex   -3.971469e+01 -9.092310e+01 1.349760e+00
      vertex   -3.850103e+01 -9.092310e+01 2.345782e+00
    endloop
  endfacet
  facet normal 7.730105e-01 0.000000e+00 -6.343933e-01
    outer loop
      vertex   -3.850103e+01 -1.200701e+02 2.345782e+00
      vertex   -3.850103e+01 -9.092310e+01 2.345782e+00
      vertex   -3.750501e+01 -1.200701e+02 3.559438e+00
    endloop
  endfacet
  facet normal 2.902847e-01 0.000000e+00 -9.569403e-01
    outer loop
      vertex   -4.260177e+01 -1.200701e+02 1.538907e-01
      vertex   -4.109934e+01 -1.200701e+02 6.096488e-01
      vertex   -4.109934e+01 -1.492171e+02 6.096488e-01
    endloop
  endfacet
  facet normal 4.713967e-01 0.000000e+00 -8.819213e-01
    outer loop
      vertex   -4.109934e+01 -1.492171e+02 6.096488e-01
      vertex   -4.109934e+01 -1.200701e+02 6.096488e-01
      vertex   -3.971469e+01 -1.492171e+02 1.349760e+00
    endloop
  endfacet
  facet normal 4.713967e-01 0.000000e+00 -8.819213e-01
    outer loop
      vertex   -4.109934e+01 -1.492171e+02 6.096488e-01
      vertex   -3.971469e+01 -1.492171e+02 1.349760e+00
      vertex   -3.971469e+01 -1.783640e+02 1.349760e+00
    endloop
  endfacet
  facet normal 6.343933e-01 0.000000e+00 -7.730105e-01
    outer loop
      vertex   -3.971469e+01 -1.783640e+02 1.349760e+00
      vertex   -3.971469e+01 -1.492171e+02 1.349760e+00
      vertex   -3.850103e+01 -1.783640e+02 2.345782e+00
    endloop
  endfacet
  facet normal 6.343933e-01 0.000000e+00 -7.730105e-01
    outer loop
      vertex   -3.971469e+01 -1.783640e+02 1.349760e+00
      vertex   -3.850103e+01 -1.783640e+02 2.345782e+00
      vertex   -3.850103e+01 -2.075110e+02 2.345782e+00
    endloop
  endfacet
  facet normal 7.730105e-01 0.000000e+00 -6.343933e-01
    outer loop
      vertex   -3.850103e+01 -2.075110e+02 2.345782e+00
      vertex   -3.850103e+01 -1.783640e+02 2.345782e+00
      vertex   -3.750501e+01 -2.075110e+02 3.559438e+00
    endloop
  endfacet
  facet normal 4.713967e-01 0.000000e+00 -8.819213e-01
    outer loop
      vertex   -3.971469e+01 -1.492171e+02 1.349760e+00
      vertex   -4.109934e+01 -1.200701e+02 6.096488e-01
      vertex   -3.971469e+01 -1.200701e+02 1.349760e+00
    endloop
  endfacet
  facet normal 6.343933e-01 0.000000e+00 -7.730105e-01
    outer loop
      vertex   -3.971469e+01 -1.492171e+02 1.349760e+00
      vertex   -3.971469e+01 -1.200701e+02 1.349760e+00
      vertex   -3.850103e+01 -1.492171e+02 2.345782e+00
    endloop
  endfacet
  facet normal 6.343933e-01 0.000000e+00 -7.730105e-01
    outer loop
      vertex   -3.850103e+01 -1.492171e+02 2.345782e+00
      vertex   -3.971469e+01 -1.200701e+02 1.349760e+00
      vertex   -3.850103e+01 -1.200701e+02 2.345782e+00
    endloop
  endfacet
  facet normal 7.730105e-01 0.000000e+00 -6.343933e-01
    outer loop
      vertex   -3.850103e+01 -1.492171e+02 2.345782e+00
      vertex   -3.850103e+01 -1.200701e+02 2.345782e+00
      vertex   -3.750501e+01 -1.492171e+02 3.559438e+00
    endloop
  endfacet
  facet normal 7.730105e-01 0.000000e+00 -6.343933e-01
    outer loop
      vertex   -3.750501e+01 -1.492171e+02 3.559438e+00
      vertex   -3.850103e+01 -1.200701e+02 2.345782e+00
      vertex   -3.750501e+01 -1.200701e+02 3.559438e+00
    endloop
  endfacet
  facet normal 8.819213e-01 0.000000e+00 -4.713967e-01
    outer loop
      vertex   -3.750501e+01 -1.492171e+02 3.559438e+00
      vertex   -3.750501e+01 -1.200701e+02 3.559438e+00
      vertex   -3.676490e+01 -1.492171e+02 4.944088e+00
    endloop
  endfacet
  facet normal 6.343933e-01 0.000000e+00 -7.730105e-01
    outer loop
      vertex   -3.971469e+01 -1.492171e+02 1.349760e+00
      vertex   -3.850103e+01 -1.492171e+02 2.345782e+00
      vertex   -3.850103e+01 -1.783640e+02 2.345782e+00
    endloop
  endfacet
  facet normal 7.730105e-01 0.000000e+00 -6.343933e-01
    outer loop
      vertex   -3.850103e+01 -1.783640e+02 2.345782e+00
      vertex   -3.850103e+01 -1.492171e+02 2.345782e+00
      vertex   -3.750501e+01 -1.783640e+02 3.559438e+00
    endloop
  endfacet
  facet normal 7.730105e-01 0.000000e+00 -6.343933e-01
    outer loop
      vertex   -3.850103e+01 -1.783640e+02 2.345782e+00
      vertex   -3.750501e+01 -1.783640e+02 3.559438e+00
      vertex   -3.750501e+01 -2.075110e+02 3.559438e+00
    endloop
  endfacet
  facet normal 8.819213e-01 0.000000e+00 -4.713967e-01
    outer loop
      vertex   -3.750501e+01 -2.075110e+02 3.559438e+00
      vertex   -3.750501e+01 -1.783640e+02 3.559438e+00
      vertex   -3.676490e+01 -2.075110e+02 4.944088e+00
    endloop
  endfacet
  facet normal 7.730105e-01 0.000000e+00 -6.343933e-01
    outer loop
      vertex   -3.750501e+01 -1.783640e+02 3.559438e+00
      vertex   -3.850103e+01 -1.492171e+02 2.345782e+00
      vertex   -3.750501e+01 -1.492171e+02 3.559438e+00
    endloop
  endfacet
  facet normal 8.819213e-01 0.000000e+00 -4.713967e-01
    outer loop
      vertex   -3.750501e+01 -1.783640e+02 3.559438e+00
      vertex   -3.750501e+01 -1.492171e+02 3.559438e+00
      vertex   -3.676490e+01 -1.783640e+02 4.944088e+00
    endloop
  endfacet
  facet normal 8.819213e-01 0.000000e+00 -4.713967e-01
    outer loop
      vertex   -3.676490e+01 -1.783640e+02 4.944088e+00
      vertex   -3.750501e+01 -1.492171e+02 3.559438e+00
      vertex   -3.676490e+01 -1.492171e+02 4.944088e+00
    endloop
  endfacet
  facet normal 9.569403e-01 0.000000e+00 -2.902847e-01
    outer loop
      vertex   -3.676490e+01 -1.783640e+02 4.944088e+00
      vertex   -3.676490e+01 -1.492171e+02 4.944088e+00
      vertex   -3.630914e+01 -1.783640e+02 6.446522e+00
    endloop
  endfacet
  facet normal 9.569403e-01 0.000000e+00 -2.902847e-01
    outer loop
      vertex   -3.630914e+01 -2.075110e+02 6.446522e+00
      vertex   -3.676490e+01 -2.075110e+02 4.944088e+00
      vertex   -3.676490e+01 -1.783640e+02 4.944088e+00
    endloop
  endfacet
  facet normal 8.819213e-01 0.000000e+00 -4.713967e-01
    outer loop
      vertex   -3.676490e+01 -1.783640e+02 4.944088e+00
      vertex   -3.676490e+01 -2.075110e+02 4.944088e+00
      vertex   -3.750501e+01 -1.783640e+02 3.559438e+00
    endloop
  endfacet
  facet normal 9.569403e-01 0.000000e+00 -2.902847e-01
    outer loop
      vertex   -3.630914e+01 -2.075110e+02 6.446522e+00
      vertex   -3.676490e+01 -1.783640e+02 4.944088e+00
      vertex   -3.630914e+01 -1.783640e+02 6.446522e+00
    endloop
  endfacet
  facet normal 9.177979e-02 3.455478e-02 -9.951796e-01
    outer loop
      vertex   -4.926254e+01 -3.615316e+01 0.000000e+00
      vertex   -4.781907e+01 -3.555506e+01 1.538907e-01
      vertex   -4.771870e+01 -4.025371e+01 0.000000e+00
    endloop
  endfacet
  facet normal 9.177979e-02 3.455478e-02 -9.951796e-01
    outer loop
      vertex   -4.771870e+01 -4.025371e+01 0.000000e+00
      vertex   -4.781907e+01 -3.555506e+01 1.538907e-01
      vertex   -4.623919e+01 -3.975132e+01 1.538907e-01
    endloop
  endfacet
  facet normal 9.384383e-02 2.847627e-02 -9.951796e-01
    outer loop
      vertex   -4.771870e+01 -4.025371e+01 0.000000e+00
      vertex   -4.623919e+01 -3.975132e+01 1.538907e-01
      vertex   -4.644643e+01 -4.444648e+01 0.000000e+00
    endloop
  endfacet
  facet normal 9.384383e-02 2.847627e-02 -9.951796e-01
    outer loop
      vertex   -4.644643e+01 -4.444648e+01 0.000000e+00
      vertex   -4.623919e+01 -3.975132e+01 1.538907e-01
      vertex   -4.493723e+01 -4.404196e+01 1.538907e-01
    endloop
  endfacet
  facet normal 9.550578e-02 2.227574e-02 -9.951796e-01
    outer loop
      vertex   -4.644643e+01 -4.444648e+01 0.000000e+00
      vertex   -4.493723e+01 -4.404196e+01 1.538907e-01
      vertex   -4.545120e+01 -4.871350e+01 0.000000e+00
    endloop
  endfacet
  facet normal 9.550578e-02 2.227574e-02 -9.951796e-01
    outer loop
      vertex   -4.545120e+01 -4.871350e+01 0.000000e+00
      vertex   -4.493723e+01 -4.404196e+01 1.538907e-01
      vertex   -4.391876e+01 -4.840858e+01 1.538907e-01
    endloop
  endfacet
  facet normal 9.675851e-02 1.597977e-02 -9.951796e-01
    outer loop
      vertex   -4.545120e+01 -4.871350e+01 0.000000e+00
      vertex   -4.391876e+01 -4.840858e+01 1.538907e-01
      vertex   -4.473725e+01 -5.303649e+01 0.000000e+00
    endloop
  endfacet
  facet normal 9.675851e-02 1.597977e-02 -9.951796e-01
    outer loop
      vertex   -4.473725e+01 -5.303649e+01 0.000000e+00
      vertex   -4.391876e+01 -4.840858e+01 1.538907e-01
      vertex   -4.318815e+01 -5.283248e+01 1.538907e-01
    endloop
  endfacet
  facet normal 9.759666e-02 9.615334e-03 -9.951796e-01
    outer loop
      vertex   -4.473725e+01 -5.303649e+01 0.000000e+00
      vertex   -4.318815e+01 -5.283248e+01 1.538907e-01
      vertex   -4.430765e+01 -5.739692e+01 0.000000e+00
    endloop
  endfacet
  facet normal 9.759666e-02 9.615334e-03 -9.951796e-01
    outer loop
      vertex   -4.430765e+01 -5.739692e+01 0.000000e+00
      vertex   -4.318815e+01 -5.283248e+01 1.538907e-01
      vertex   -4.274852e+01 -5.729470e+01 1.538907e-01
    endloop
  endfacet
  facet normal 9.801664e-02 3.209696e-03 -9.951796e-01
    outer loop
      vertex   -4.430765e+01 -5.739692e+01 0.000000e+00
      vertex   -4.274852e+01 -5.729470e+01 1.538907e-01
      vertex   -4.416425e+01 -6.177613e+01 0.000000e+00
    endloop
  endfacet
  facet normal 9.801664e-02 3.209696e-03 -9.951796e-01
    outer loop
      vertex   -4.416425e+01 -6.177613e+01 0.000000e+00
      vertex   -4.274852e+01 -5.729470e+01 1.538907e-01
      vertex   -4.260177e+01 -6.177613e+01 1.538907e-01
    endloop
  endfacet
  facet normal 2.902716e-01 9.505359e-03 -9.568971e-01
    outer loop
      vertex   -4.260177e+01 -6.177613e+01 1.538907e-01
      vertex   -4.274852e+01 -5.729470e+01 1.538907e-01
      vertex   -4.124931e+01 -5.719641e+01 6.096488e-01
    endloop
  endfacet
  facet normal 2.902716e-01 9.505359e-03 -9.568971e-01
    outer loop
      vertex   -4.260177e+01 -6.177613e+01 1.538907e-01
      vertex   -4.124931e+01 -5.719641e+01 6.096488e-01
      vertex   -4.109934e+01 -6.177613e+01 6.096488e-01
    endloop
  endfacet
  facet normal 4.713406e-01 1.543472e-02 -8.818162e-01
    outer loop
      vertex   -4.109934e+01 -6.177613e+01 6.096488e-01
      vertex   -4.124931e+01 -5.719641e+01 6.096488e-01
      vertex   -3.986762e+01 -5.710582e+01 1.349760e+00
    endloop
  endfacet
  facet normal 4.713406e-01 1.543472e-02 -8.818162e-01
    outer loop
      vertex   -4.109934e+01 -6.177613e+01 6.096488e-01
      vertex   -3.986762e+01 -5.710582e+01 1.349760e+00
      vertex   -3.971469e+01 -6.177613e+01 1.349760e+00
    endloop
  endfacet
  facet normal 6.342564e-01 2.076964e-02 -7.728437e-01
    outer loop
      vertex   -3.971469e+01 -6.177613e+01 1.349760e+00
      vertex   -3.986762e+01 -5.710582e+01 1.349760e+00
      vertex   -3.865657e+01 -5.702642e+01 2.345782e+00
    endloop
  endfacet
  facet normal 6.342564e-01 2.076964e-02 -7.728437e-01
    outer loop
      vertex   -3.971469e+01 -6.177613e+01 1.349760e+00
      vertex   -3.865657e+01 -5.702642e+01 2.345782e+00
      vertex   -3.850103e+01 -6.177613e+01 2.345782e+00
    endloop
  endfacet
  facet normal 7.727629e-01 2.530523e-02 -6.341901e-01
    outer loop
      vertex   -3.850103e+01 -6.177613e+01 2.345782e+00
      vertex   -3.865657e+01 -5.702642e+01 2.345782e+00
      vertex   -3.766268e+01 -5.696126e+01 3.559438e+00
    endloop
  endfacet
  facet normal 7.727629e-01 2.530523e-02 -6.341901e-01
    outer loop
      vertex   -3.850103e+01 -6.177613e+01 2.345782e+00
      vertex   -3.766268e+01 -5.696126e+01 3.559438e+00
      vertex   -3.750501e+01 -6.177613e+01 3.559438e+00
    endloop
  endfacet
  facet normal 8.815537e-01 2.886774e-02 -4.712003e-01
    outer loop
      vertex   -3.750501e+01 -6.177613e+01 3.559438e+00
      vertex   -3.766268e+01 -5.696126e+01 3.559438e+00
      vertex   -3.692415e+01 -5.691284e+01 4.944088e+00
    endloop
  endfacet
  facet normal 8.815537e-01 2.886774e-02 -4.712003e-01
    outer loop
      vertex   -3.750501e+01 -6.177613e+01 3.559438e+00
      vertex   -3.692415e+01 -5.691284e+01 4.944088e+00
      vertex   -3.676490e+01 -6.177613e+01 4.944088e+00
    endloop
  endfacet
  facet normal 9.564708e-01 3.132101e-02 -2.901423e-01
    outer loop
      vertex   -3.676490e+01 -6.177613e+01 4.944088e+00
      vertex   -3.692415e+01 -5.691284e+01 4.944088e+00
      vertex   -3.646937e+01 -5.688302e+01 6.446522e+00
    endloop
  endfacet
  facet normal 9.564708e-01 3.132101e-02 -2.901423e-01
    outer loop
      vertex   -3.676490e+01 -6.177613e+01 4.944088e+00
      vertex   -3.646937e+01 -5.688302e+01 6.446522e+00
      vertex   -3.630914e+01 -6.177613e+01 6.446522e+00
    endloop
  endfacet
  facet normal 9.946567e-01 3.257146e-02 -9.796513e-02
    outer loop
      vertex   -3.630914e+01 -6.177613e+01 6.446522e+00
      vertex   -3.646937e+01 -5.688302e+01 6.446522e+00
      vertex   -3.631581e+01 -5.687295e+01 8.009000e+00
    endloop
  endfacet
  facet normal 9.946567e-01 3.257146e-02 -9.796513e-02
    outer loop
      vertex   -3.630914e+01 -6.177613e+01 6.446522e+00
      vertex   -3.631581e+01 -5.687295e+01 8.009000e+00
      vertex   -3.615525e+01 -6.177613e+01 8.009000e+00
    endloop
  endfacet
  facet normal 2.718014e-01 1.023323e-01 -9.568971e-01
    outer loop
      vertex   -4.781907e+01 -3.555506e+01 1.538907e-01
      vertex   -4.643107e+01 -3.497994e+01 6.096488e-01
      vertex   -4.623919e+01 -3.975132e+01 1.538907e-01
    endloop
  endfacet
  facet normal 2.718014e-01 1.023323e-01 -9.568971e-01
    outer loop
      vertex   -4.623919e+01 -3.975132e+01 1.538907e-01
      vertex   -4.643107e+01 -3.497994e+01 6.096488e-01
      vertex   -4.481654e+01 -3.926824e+01 6.096488e-01
    endloop
  endfacet
  facet normal 2.779140e-01 8.433111e-02 -9.568971e-01
    outer loop
      vertex   -4.623919e+01 -3.975132e+01 1.538907e-01
      vertex   -4.481654e+01 -3.926824e+01 6.096488e-01
      vertex   -4.493723e+01 -4.404196e+01 1.538907e-01
    endloop
  endfacet
  facet normal 2.779140e-01 8.433111e-02 -9.568971e-01
    outer loop
      vertex   -4.493723e+01 -4.404196e+01 1.538907e-01
      vertex   -4.481654e+01 -3.926824e+01 6.096488e-01
      vertex   -4.348602e+01 -4.365299e+01 6.096488e-01
    endloop
  endfacet
  facet normal 2.828358e-01 6.596855e-02 -9.568971e-01
    outer loop
      vertex   -4.493723e+01 -4.404196e+01 1.538907e-01
      vertex   -4.348602e+01 -4.365299e+01 6.096488e-01
      vertex   -4.391876e+01 -4.840858e+01 1.538907e-01
    endloop
  endfacet
  facet normal 2.828358e-01 6.596855e-02 -9.568971e-01
    outer loop
      vertex   -4.391876e+01 -4.840858e+01 1.538907e-01
      vertex   -4.348602e+01 -4.365299e+01 6.096488e-01
      vertex   -4.244521e+01 -4.811539e+01 6.096488e-01
    endloop
  endfacet
  facet normal 2.865457e-01 4.732333e-02 -9.568971e-01
    outer loop
      vertex   -4.391876e+01 -4.840858e+01 1.538907e-01
      vertex   -4.244521e+01 -4.811539e+01 6.096488e-01
      vertex   -4.318815e+01 -5.283248e+01 1.538907e-01
    endloop
  endfacet
  facet normal 2.865457e-01 4.732333e-02 -9.568971e-01
    outer loop
      vertex   -4.318815e+01 -5.283248e+01 1.538907e-01
      vertex   -4.244521e+01 -4.811539e+01 6.096488e-01
      vertex   -4.169857e+01 -5.263632e+01 6.096488e-01
    endloop
  endfacet
  facet normal 2.890278e-01 2.847535e-02 -9.568971e-01
    outer loop
      vertex   -4.318815e+01 -5.283248e+01 1.538907e-01
      vertex   -4.169857e+01 -5.263632e+01 6.096488e-01
      vertex   -4.274852e+01 -5.729470e+01 1.538907e-01
    endloop
  endfacet
  facet normal 2.890278e-01 2.847535e-02 -9.568971e-01
    outer loop
      vertex   -4.274852e+01 -5.729470e+01 1.538907e-01
      vertex   -4.169857e+01 -5.263632e+01 6.096488e-01
      vertex   -4.124931e+01 -5.719641e+01 6.096488e-01
    endloop
  endfacet
  facet normal 4.413490e-01 1.661664e-01 -8.818162e-01
    outer loop
      vertex   -4.643107e+01 -3.497994e+01 6.096488e-01
      vertex   -4.515189e+01 -3.444990e+01 1.349760e+00
      vertex   -4.481654e+01 -3.926824e+01 6.096488e-01
    endloop
  endfacet
  facet normal 4.413490e-01 1.661664e-01 -8.818162e-01
    outer loop
      vertex   -4.481654e+01 -3.926824e+01 6.096488e-01
      vertex   -4.515189e+01 -3.444990e+01 1.349760e+00
      vertex   -4.350542e+01 -3.882303e+01 1.349760e+00
    endloop
  endfacet
  facet normal 4.512745e-01 1.369362e-01 -8.818162e-01
    outer loop
      vertex   -4.481654e+01 -3.926824e+01 6.096488e-01
      vertex   -4.350542e+01 -3.882303e+01 1.349760e+00
      vertex   -4.348602e+01 -4.365299e+01 6.096488e-01
    endloop
  endfacet
  facet normal 4.512745e-01 1.369362e-01 -8.818162e-01
    outer loop
      vertex   -4.348602e+01 -4.365299e+01 6.096488e-01
      vertex   -4.350542e+01 -3.882303e+01 1.349760e+00
      vertex   -4.214858e+01 -4.329451e+01 1.349760e+00
    endloop
  endfacet
  facet normal 4.592664e-01 1.071192e-01 -8.818162e-01
    outer loop
      vertex   -4.348602e+01 -4.365299e+01 6.096488e-01
      vertex   -4.214858e+01 -4.329451e+01 1.349760e+00
      vertex   -4.244521e+01 -4.811539e+01 6.096488e-01
    endloop
  endfacet
  facet normal 4.592664e-01 1.071192e-01 -8.818162e-01
    outer loop
      vertex   -4.244521e+01 -4.811539e+01 6.096488e-01
      vertex   -4.214858e+01 -4.329451e+01 1.349760e+00
      vertex   -4.108718e+01 -4.784517e+01 1.349760e+00
    endloop
  endfacet
  facet normal 4.652905e-01 7.684324e-02 -8.818162e-01
    outer loop
      vertex   -4.244521e+01 -4.811539e+01 6.096488e-01
      vertex   -4.108718e+01 -4.784517e+01 1.349760e+00
      vertex   -4.169857e+01 -5.263632e+01 6.096488e-01
    endloop
  endfacet
  facet normal 4.652905e-01 7.684324e-02 -8.818162e-01
    outer loop
      vertex   -4.169857e+01 -5.263632e+01 6.096488e-01
      vertex   -4.108718e+01 -4.784517e+01 1.349760e+00
      vertex   -4.032578e+01 -5.245553e+01 1.349760e+00
    endloop
  endfacet
  facet normal 4.693210e-01 4.623804e-02 -8.818162e-01
    outer loop
      vertex   -4.169857e+01 -5.263632e+01 6.096488e-01
      vertex   -4.032578e+01 -5.245553e+01 1.349760e+00
      vertex   -4.124931e+01 -5.719641e+01 6.096488e-01
    endloop
  endfacet
  facet normal 4.693210e-01 4.623804e-02 -8.818162e-01
    outer loop
      vertex   -4.124931e+01 -5.719641e+01 6.096488e-01
      vertex   -4.032578e+01 -5.245553e+01 1.349760e+00
      vertex   -3.986762e+01 -5.710582e+01 1.349760e+00
    endloop
  endfacet
  facet normal 5.938984e-01 2.236007e-01 -7.728437e-01
    outer loop
      vertex   -4.515189e+01 -3.444990e+01 1.349760e+00
      vertex   -4.403067e+01 -3.398532e+01 2.345782e+00
      vertex   -4.350542e+01 -3.882303e+01 1.349760e+00
    endloop
  endfacet
  facet normal 5.938984e-01 2.236007e-01 -7.728437e-01
    outer loop
      vertex   -4.350542e+01 -3.882303e+01 1.349760e+00
      vertex   -4.403067e+01 -3.398532e+01 2.345782e+00
      vertex   -4.235621e+01 -3.843280e+01 2.345782e+00
    endloop
  endfacet
  facet normal 6.072546e-01 1.842673e-01 -7.728437e-01
    outer loop
      vertex   -4.350542e+01 -3.882303e+01 1.349760e+00
      vertex   -4.235621e+01 -3.843280e+01 2.345782e+00
      vertex   -4.214858e+01 -4.329451e+01 1.349760e+00
    endloop
  endfacet
  facet normal 6.072546e-01 1.842673e-01 -7.728437e-01
    outer loop
      vertex   -4.214858e+01 -4.329451e+01 1.349760e+00
      vertex   -4.235621e+01 -3.843280e+01 2.345782e+00
      vertex   -4.097630e+01 -4.298030e+01 2.345782e+00
    endloop
  endfacet
  facet normal 6.180089e-01 1.441442e-01 -7.728437e-01
    outer loop
      vertex   -4.214858e+01 -4.329451e+01 1.349760e+00
      vertex   -4.097630e+01 -4.298030e+01 2.345782e+00
      vertex   -4.108718e+01 -4.784517e+01 1.349760e+00
    endloop
  endfacet
  facet normal 6.180089e-01 1.441442e-01 -7.728437e-01
    outer loop
      vertex   -4.108718e+01 -4.784517e+01 1.349760e+00
      vertex   -4.097630e+01 -4.298030e+01 2.345782e+00
      vertex   -3.989686e+01 -4.760833e+01 2.345782e+00
    endloop
  endfacet
  facet normal 6.261152e-01 1.034036e-01 -7.728437e-01
    outer loop
      vertex   -4.108718e+01 -4.784517e+01 1.349760e+00
      vertex   -3.989686e+01 -4.760833e+01 2.345782e+00
      vertex   -4.032578e+01 -5.245553e+01 1.349760e+00
    endloop
  endfacet
  facet normal 6.261152e-01 1.034036e-01 -7.728437e-01
    outer loop
      vertex   -4.032578e+01 -5.245553e+01 1.349760e+00
      vertex   -3.989686e+01 -4.760833e+01 2.345782e+00
      vertex   -3.912251e+01 -5.229707e+01 2.345782e+00
    endloop
  endfacet
  facet normal 6.315388e-01 6.221992e-02 -7.728437e-01
    outer loop
      vertex   -4.032578e+01 -5.245553e+01 1.349760e+00
      vertex   -3.912251e+01 -5.229707e+01 2.345782e+00
      vertex   -3.986762e+01 -5.710582e+01 1.349760e+00
    endloop
  endfacet
  facet normal 6.315388e-01 6.221992e-02 -7.728437e-01
    outer loop
      vertex   -3.986762e+01 -5.710582e+01 1.349760e+00
      vertex   -3.912251e+01 -5.229707e+01 2.345782e+00
      vertex   -3.865657e+01 -5.702642e+01 2.345782e+00
    endloop
  endfacet
  facet normal 7.235916e-01 2.724298e-01 -6.341901e-01
    outer loop
      vertex   -4.403067e+01 -3.398532e+01 2.345782e+00
      vertex   -4.311051e+01 -3.360405e+01 3.559438e+00
      vertex   -4.235621e+01 -3.843280e+01 2.345782e+00
    endloop
  endfacet
  facet normal 7.235916e-01 2.724298e-01 -6.341901e-01
    outer loop
      vertex   -4.235621e+01 -3.843280e+01 2.345782e+00
      vertex   -4.311051e+01 -3.360405e+01 3.559438e+00
      vertex   -4.141308e+01 -3.811255e+01 3.559438e+00
    endloop
  endfacet
  facet normal 7.398646e-01 2.245068e-01 -6.341901e-01
    outer loop
      vertex   -4.235621e+01 -3.843280e+01 2.345782e+00
      vertex   -4.141308e+01 -3.811255e+01 3.559438e+00
      vertex   -4.097630e+01 -4.298030e+01 2.345782e+00
    endloop
  endfacet
  facet normal 7.398646e-01 2.245068e-01 -6.341901e-01
    outer loop
      vertex   -4.097630e+01 -4.298030e+01 2.345782e+00
      vertex   -4.141308e+01 -3.811255e+01 3.559438e+00
      vertex   -4.001424e+01 -4.272243e+01 3.559438e+00
    endloop
  endfacet
  facet normal 7.529673e-01 1.756219e-01 -6.341901e-01
    outer loop
      vertex   -4.097630e+01 -4.298030e+01 2.345782e+00
      vertex   -4.001424e+01 -4.272243e+01 3.559438e+00
      vertex   -3.989686e+01 -4.760833e+01 2.345782e+00
    endloop
  endfacet
  facet normal 7.529673e-01 1.756219e-01 -6.341901e-01
    outer loop
      vertex   -3.989686e+01 -4.760833e+01 2.345782e+00
      vertex   -4.001424e+01 -4.272243e+01 3.559438e+00
      vertex   -3.891999e+01 -4.741396e+01 3.559438e+00
    endloop
  endfacet
  facet normal 7.628439e-01 1.259845e-01 -6.341901e-01
    outer loop
      vertex   -3.989686e+01 -4.760833e+01 2.345782e+00
      vertex   -3.891999e+01 -4.741396e+01 3.559438e+00
      vertex   -3.912251e+01 -5.229707e+01 2.345782e+00
    endloop
  endfacet
  facet normal 7.628439e-01 1.259845e-01 -6.341901e-01
    outer loop
      vertex   -3.912251e+01 -5.229707e+01 2.345782e+00
      vertex   -3.891999e+01 -4.741396e+01 3.559438e+00
      vertex   -3.813501e+01 -5.216702e+01 3.559438e+00
    endloop
  endfacet
  facet normal 7.694518e-01 7.580727e-02 -6.341901e-01
    outer loop
      vertex   -3.912251e+01 -5.229707e+01 2.345782e+00
      vertex   -3.813501e+01 -5.216702e+01 3.559438e+00
      vertex   -3.865657e+01 -5.702642e+01 2.345782e+00
    endloop
  endfacet
  facet normal 7.694518e-01 7.580727e-02 -6.341901e-01
    outer loop
      vertex   -3.865657e+01 -5.702642e+01 2.345782e+00
      vertex   -3.813501e+01 -5.216702e+01 3.559438e+00
      vertex   -3.766268e+01 -5.696126e+01 3.559438e+00
    endloop
  endfacet
  facet normal 8.254600e-01 3.107829e-01 -4.712003e-01
    outer loop
      vertex   -4.311051e+01 -3.360405e+01 3.559438e+00
      vertex   -4.242677e+01 -3.332075e+01 4.944088e+00
      vertex   -4.141308e+01 -3.811255e+01 3.559438e+00
    endloop
  endfacet
  facet normal 8.254600e-01 3.107829e-01 -4.712003e-01
    outer loop
      vertex   -4.141308e+01 -3.811255e+01 3.559438e+00
      vertex   -4.242677e+01 -3.332075e+01 4.944088e+00
      vertex   -4.071227e+01 -3.787458e+01 4.944088e+00
    endloop
  endfacet
  facet normal 8.440239e-01 2.561133e-01 -4.712003e-01
    outer loop
      vertex   -4.141308e+01 -3.811255e+01 3.559438e+00
      vertex   -4.071227e+01 -3.787458e+01 4.944088e+00
      vertex   -4.001424e+01 -4.272243e+01 3.559438e+00
    endloop
  endfacet
  facet normal 8.440239e-01 2.561133e-01 -4.712003e-01
    outer loop
      vertex   -4.001424e+01 -4.272243e+01 3.559438e+00
      vertex   -4.071227e+01 -3.787458e+01 4.944088e+00
      vertex   -3.929936e+01 -4.253082e+01 4.944088e+00
    endloop
  endfacet
  facet normal 8.589713e-01 2.003462e-01 -4.712003e-01
    outer loop
      vertex   -4.001424e+01 -4.272243e+01 3.559438e+00
      vertex   -3.929936e+01 -4.253082e+01 4.944088e+00
      vertex   -3.891999e+01 -4.741396e+01 3.559438e+00
    endloop
  endfacet
  facet normal 8.589713e-01 2.003462e-01 -4.712003e-01
    outer loop
      vertex   -3.891999e+01 -4.741396e+01 3.559438e+00
      vertex   -3.929936e+01 -4.253082e+01 4.944088e+00
      vertex   -3.819411e+01 -4.726953e+01 4.944088e+00
    endloop
  endfacet
  facet normal 8.702383e-01 1.437208e-01 -4.712003e-01
    outer loop
      vertex   -3.891999e+01 -4.741396e+01 3.559438e+00
      vertex   -3.819411e+01 -4.726953e+01 4.944088e+00
      vertex   -3.813501e+01 -5.216702e+01 3.559438e+00
    endloop
  endfacet
  facet normal 8.702383e-01 1.437208e-01 -4.712003e-01
    outer loop
      vertex   -3.813501e+01 -5.216702e+01 3.559438e+00
      vertex   -3.819411e+01 -4.726953e+01 4.944088e+00
      vertex   -3.740124e+01 -5.207039e+01 4.944088e+00
    endloop
  endfacet
  facet normal 8.777765e-01 8.647954e-02 -4.712003e-01
    outer loop
      vertex   -3.813501e+01 -5.216702e+01 3.559438e+00
      vertex   -3.740124e+01 -5.207039e+01 4.944088e+00
      vertex   -3.766268e+01 -5.696126e+01 3.559438e+00
    endloop
  endfacet
  facet normal 8.777765e-01 8.647954e-02 -4.712003e-01
    outer loop
      vertex   -3.766268e+01 -5.696126e+01 3.559438e+00
      vertex   -3.740124e+01 -5.207039e+01 4.944088e+00
      vertex   -3.692415e+01 -5.691284e+01 4.944088e+00
    endloop
  endfacet
  facet normal 8.956102e-01 3.371942e-01 -2.901423e-01
    outer loop
      vertex   -4.242677e+01 -3.332075e+01 4.944088e+00
      vertex   -4.200572e+01 -3.314629e+01 6.446522e+00
      vertex   -4.071227e+01 -3.787458e+01 4.944088e+00
    endloop
  endfacet
  facet normal 8.956102e-01 3.371942e-01 -2.901423e-01
    outer loop
      vertex   -4.071227e+01 -3.787458e+01 4.944088e+00
      vertex   -4.200572e+01 -3.314629e+01 6.446522e+00
      vertex   -4.028071e+01 -3.772804e+01 6.446522e+00
    endloop
  endfacet
  facet normal 9.157516e-01 2.778786e-01 -2.901423e-01
    outer loop
      vertex   -4.071227e+01 -3.787458e+01 4.944088e+00
      vertex   -4.028071e+01 -3.772804e+01 6.446522e+00
      vertex   -3.929936e+01 -4.253082e+01 4.944088e+00
    endloop
  endfacet
  facet normal 9.157516e-01 2.778786e-01 -2.901423e-01
    outer loop
      vertex   -3.929936e+01 -4.253082e+01 4.944088e+00
      vertex   -4.028071e+01 -3.772804e+01 6.446522e+00
      vertex   -3.885914e+01 -4.241283e+01 6.446522e+00
    endloop
  endfacet
  facet normal 9.319693e-01 2.173723e-01 -2.901423e-01
    outer loop
      vertex   -3.929936e+01 -4.253082e+01 4.944088e+00
      vertex   -3.885914e+01 -4.241283e+01 6.446522e+00
      vertex   -3.819411e+01 -4.726953e+01 4.944088e+00
    endloop
  endfacet
  facet normal 9.319693e-01 2.173723e-01 -2.901423e-01
    outer loop
      vertex   -3.819411e+01 -4.726953e+01 4.944088e+00
      vertex   -3.885914e+01 -4.241283e+01 6.446522e+00
      vertex   -3.774711e+01 -4.718059e+01 6.446522e+00
    endloop
  endfacet
  facet normal 9.441938e-01 1.559346e-01 -2.901423e-01
    outer loop
      vertex   -3.819411e+01 -4.726953e+01 4.944088e+00
      vertex   -3.774711e+01 -4.718059e+01 6.446522e+00
      vertex   -3.740124e+01 -5.207039e+01 4.944088e+00
    endloop
  endfacet
  facet normal 9.441938e-01 1.559346e-01 -2.901423e-01
    outer loop
      vertex   -3.740124e+01 -5.207039e+01 4.944088e+00
      vertex   -3.774711e+01 -4.718059e+01 6.446522e+00
      vertex   -3.694938e+01 -5.201088e+01 6.446522e+00
    endloop
  endfacet
  facet normal 9.523726e-01 9.382883e-02 -2.901423e-01
    outer loop
      vertex   -3.740124e+01 -5.207039e+01 4.944088e+00
      vertex   -3.694938e+01 -5.201088e+01 6.446522e+00
      vertex   -3.692415e+01 -5.691284e+01 4.944088e+00
    endloop
  endfacet
  facet normal 9.523726e-01 9.382883e-02 -2.901423e-01
    outer loop
      vertex   -3.692415e+01 -5.691284e+01 4.944088e+00
      vertex   -3.694938e+01 -5.201088e+01 6.446522e+00
      vertex   -3.646937e+01 -5.688302e+01 6.446522e+00
    endloop
  endfacet
  facet normal 9.313662e-01 3.506562e-01 -9.796513e-02
    outer loop
      vertex   -4.200572e+01 -3.314629e+01 6.446522e+00
      vertex   -4.186355e+01 -3.308738e+01 8.009000e+00
      vertex   -4.028071e+01 -3.772804e+01 6.446522e+00
    endloop
  endfacet
  facet normal 9.313662e-01 3.506562e-01 -9.796513e-02
    outer loop
      vertex   -4.028071e+01 -3.772804e+01 6.446522e+00
      vertex   -4.186355e+01 -3.308738e+01 8.009000e+00
      vertex   -4.013499e+01 -3.767856e+01 8.009000e+00
    endloop
  endfacet
  facet normal 9.523118e-01 2.889725e-01 -9.796513e-02
    outer loop
      vertex   -4.028071e+01 -3.772804e+01 6.446522e+00
      vertex   -4.013499e+01 -3.767856e+01 8.009000e+00
      vertex   -3.885914e+01 -4.241283e+01 6.446522e+00
    endloop
  endfacet
  facet normal 9.523118e-01 2.889725e-01 -9.796513e-02
    outer loop
      vertex   -3.885914e+01 -4.241283e+01 6.446522e+00
      vertex   -4.013499e+01 -3.767856e+01 8.009000e+00
      vertex   -3.871050e+01 -4.237299e+01 8.009000e+00
    endloop
  endfacet
  facet normal 9.691770e-01 2.260506e-01 -9.796513e-02
    outer loop
      vertex   -3.885914e+01 -4.241283e+01 6.446522e+00
      vertex   -3.871050e+01 -4.237299e+01 8.009000e+00
      vertex   -3.774711e+01 -4.718059e+01 6.446522e+00
    endloop
  endfacet
  facet normal 9.691770e-01 2.260506e-01 -9.796513e-02
    outer loop
      vertex   -3.774711e+01 -4.718059e+01 6.446522e+00
      vertex   -3.871050e+01 -4.237299e+01 8.009000e+00
      vertex   -3.759618e+01 -4.715056e+01 8.009000e+00
    endloop
  endfacet
  facet normal 9.818895e-01 1.621601e-01 -9.796513e-02
    outer loop
      vertex   -3.774711e+01 -4.718059e+01 6.446522e+00
      vertex   -3.759618e+01 -4.715056e+01 8.009000e+00
      vertex   -3.694938e+01 -5.201088e+01 6.446522e+00
    endloop
  endfacet
  facet normal 9.818895e-01 1.621601e-01 -9.796513e-02
    outer loop
      vertex   -3.694938e+01 -5.201088e+01 6.446522e+00
      vertex   -3.759618e+01 -4.715056e+01 8.009000e+00
      vertex   -3.679681e+01 -5.199079e+01 8.009000e+00
    endloop
  endfacet
  facet normal 9.903949e-01 9.757483e-02 -9.796513e-02
    outer loop
      vertex   -3.694938e+01 -5.201088e+01 6.446522e+00
      vertex   -3.679681e+01 -5.199079e+01 8.009000e+00
      vertex   -3.646937e+01 -5.688302e+01 6.446522e+00
    endloop
  endfacet
  facet normal 9.903949e-01 9.757483e-02 -9.796513e-02
    outer loop
      vertex   -3.646937e+01 -5.688302e+01 6.446522e+00
      vertex   -3.679681e+01 -5.199079e+01 8.009000e+00
      vertex   -3.631581e+01 -5.687295e+01 8.009000e+00
    endloop
  endfacet
  facet normal 9.055161e-02 3.752020e-02 -9.951847e-01
    outer loop
      vertex   -4.926254e+01 -3.615316e+01 0.000000e+00
      vertex   -5.939132e+01 -1.170827e+01 0.000000e+00
      vertex   -4.781907e+01 -3.555506e+01 1.538907e-01
    endloop
  endfacet
  facet normal 9.055161e-02 3.752020e-02 -9.951847e-01
    outer loop
      vertex   -4.781907e+01 -3.555506e+01 1.538907e-01
      vertex   -5.939132e+01 -1.170827e+01 0.000000e+00
      vertex   -5.794785e+01 -1.111017e+01 1.538907e-01
    endloop
  endfacet
  facet normal 2.681750e-01 1.111187e-01 -9.569403e-01
    outer loop
      vertex   -4.781907e+01 -3.555506e+01 1.538907e-01
      vertex   -5.794785e+01 -1.111017e+01 1.538907e-01
      vertex   -4.643107e+01 -3.497994e+01 6.096488e-01
    endloop
  endfacet
  facet normal 2.681750e-01 1.111187e-01 -9.569403e-01
    outer loop
      vertex   -4.643107e+01 -3.497994e+01 6.096488e-01
      vertex   -5.794785e+01 -1.111017e+01 1.538907e-01
      vertex   -5.655985e+01 -1.053505e+01 6.096488e-01
    endloop
  endfacet
  facet normal 4.354925e-01 1.804470e-01 -8.819213e-01
    outer loop
      vertex   -4.643107e+01 -3.497994e+01 6.096488e-01
      vertex   -5.655985e+01 -1.053505e+01 6.096488e-01
      vertex   -4.515189e+01 -3.444990e+01 1.349760e+00
    endloop
  endfacet
  facet normal 4.354925e-01 1.804470e-01 -8.819213e-01
    outer loop
      vertex   -4.515189e+01 -3.444990e+01 1.349760e+00
      vertex   -5.655985e+01 -1.053505e+01 6.096488e-01
      vertex   -5.528066e+01 -1.000501e+01 1.349760e+00
    endloop
  endfacet
  facet normal 5.860744e-01 2.428408e-01 -7.730105e-01
    outer loop
      vertex   -4.515189e+01 -3.444990e+01 1.349760e+00
      vertex   -5.528066e+01 -1.000501e+01 1.349760e+00
      vertex   -4.403067e+01 -3.398532e+01 2.345782e+00
    endloop
  endfacet
  facet normal 5.860744e-01 2.428408e-01 -7.730105e-01
    outer loop
      vertex   -4.403067e+01 -3.398532e+01 2.345782e+00
      vertex   -5.528066e+01 -1.000501e+01 1.349760e+00
      vertex   -5.415945e+01 -9.540435e+00 2.345782e+00
    endloop
  endfacet
  facet normal 7.141337e-01 2.959024e-01 -6.343933e-01
    outer loop
      vertex   -4.403067e+01 -3.398532e+01 2.345782e+00
      vertex   -5.415945e+01 -9.540435e+00 2.345782e+00
      vertex   -4.311051e+01 -3.360405e+01 3.559438e+00
    endloop
  endfacet
  facet normal 7.141337e-01 2.959024e-01 -6.343933e-01
    outer loop
      vertex   -4.311051e+01 -3.360405e+01 3.559438e+00
      vertex   -5.415945e+01 -9.540435e+00 2.345782e+00
      vertex   -5.323929e+01 -9.159165e+00 3.559438e+00
    endloop
  endfacet
  facet normal 8.147492e-01 3.375926e-01 -4.713967e-01
    outer loop
      vertex   -4.311051e+01 -3.360405e+01 3.559438e+00
      vertex   -5.323929e+01 -9.159165e+00 3.559438e+00
      vertex   -4.242677e+01 -3.332075e+01 4.944088e+00
    endloop
  endfacet
  facet normal 8.147492e-01 3.375926e-01 -4.713967e-01
    outer loop
      vertex   -4.242677e+01 -3.332075e+01 4.944088e+00
      vertex   -5.323929e+01 -9.159165e+00 3.559438e+00
      vertex   -5.255555e+01 -8.875857e+00 4.944088e+00
    endloop
  endfacet
  facet normal 8.840544e-01 3.663093e-01 -2.902847e-01
    outer loop
      vertex   -4.242677e+01 -3.332075e+01 4.944088e+00
      vertex   -5.255555e+01 -8.875857e+00 4.944088e+00
      vertex   -4.200572e+01 -3.314629e+01 6.446522e+00
    endloop
  endfacet
  facet normal 8.840544e-01 3.663093e-01 -2.902847e-01
    outer loop
      vertex   -4.200572e+01 -3.314629e+01 6.446522e+00
      vertex   -5.255555e+01 -8.875857e+00 4.944088e+00
      vertex   -5.213450e+01 -8.701396e+00 6.446522e+00
    endloop
  endfacet
  facet normal 9.193859e-01 3.809490e-01 -9.801714e-02
    outer loop
      vertex   -4.200572e+01 -3.314629e+01 6.446522e+00
      vertex   -5.213450e+01 -8.701396e+00 6.446522e+00
      vertex   -4.186355e+01 -3.308738e+01 8.009000e+00
    endloop
  endfacet
  facet normal 9.193859e-01 3.809490e-01 -9.801714e-02
    outer loop
      vertex   -4.186355e+01 -3.308738e+01 8.009000e+00
      vertex   -5.213450e+01 -8.701396e+00 6.446522e+00
      vertex   -5.199233e+01 -8.642488e+00 8.009000e+00
    endloop
  endfacet
  facet normal -8.517017e-02 4.628821e-02 -9.952906e-01
    outer loop
      vertex   -6.535556e+01 -1.103905e+01 0.000000e+00
      vertex   -6.574251e+01 -1.175103e+01 0.000000e+00
      vertex   -6.681639e+01 -1.041800e+01 1.538907e-01
    endloop
  endfacet
  facet normal -8.796662e-02 4.401922e-02 -9.951503e-01
    outer loop
      vertex   -6.681639e+01 -1.041800e+01 1.538907e-01
      vertex   -6.574251e+01 -1.175103e+01 0.000000e+00
      vertex   -6.719391e+01 -1.117242e+01 1.538907e-01
    endloop
  endfacet
  facet normal -2.604494e-01 1.303310e-01 -9.566504e-01
    outer loop
      vertex   -6.681639e+01 -1.041800e+01 1.538907e-01
      vertex   -6.719391e+01 -1.117242e+01 1.538907e-01
      vertex   -6.858952e+01 -1.061604e+01 6.096488e-01
    endloop
  endfacet
  facet normal -2.604494e-01 1.303310e-01 -9.566504e-01
    outer loop
      vertex   -6.681639e+01 -1.041800e+01 1.538907e-01
      vertex   -6.858952e+01 -1.061604e+01 6.096488e-01
      vertex   -6.809835e+01 -9.634494e+00 6.096488e-01
    endloop
  endfacet
  facet normal -4.227373e-01 2.115412e-01 -8.812171e-01
    outer loop
      vertex   -6.809835e+01 -9.634494e+00 6.096488e-01
      vertex   -6.858952e+01 -1.061604e+01 6.096488e-01
      vertex   -6.987573e+01 -1.010328e+01 1.349760e+00
    endloop
  endfacet
  facet normal -4.227373e-01 2.115412e-01 -8.812171e-01
    outer loop
      vertex   -6.809835e+01 -9.634494e+00 6.096488e-01
      vertex   -6.987573e+01 -1.010328e+01 1.349760e+00
      vertex   -6.927981e+01 -8.912412e+00 1.349760e+00
    endloop
  endfacet
  facet normal -5.685407e-01 2.845024e-01 -7.718936e-01
    outer loop
      vertex   -6.927981e+01 -8.912412e+00 1.349760e+00
      vertex   -6.987573e+01 -1.010328e+01 1.349760e+00
      vertex   -7.100310e+01 -9.653837e+00 2.345782e+00
    endloop
  endfacet
  facet normal -5.685407e-01 2.845024e-01 -7.718936e-01
    outer loop
      vertex   -6.927981e+01 -8.912412e+00 1.349760e+00
      vertex   -7.100310e+01 -9.653837e+00 2.345782e+00
      vertex   -7.031538e+01 -8.279503e+00 2.345782e+00
    endloop
  endfacet
  facet normal -6.922846e-01 3.464248e-01 -6.330339e-01
    outer loop
      vertex   -7.031538e+01 -8.279503e+00 2.345782e+00
      vertex   -7.100310e+01 -9.653837e+00 2.345782e+00
      vertex   -7.192831e+01 -9.284992e+00 3.559438e+00
    endloop
  endfacet
  facet normal -6.922846e-01 3.464248e-01 -6.330339e-01
    outer loop
      vertex   -7.031538e+01 -8.279503e+00 2.345782e+00
      vertex   -7.192831e+01 -9.284992e+00 3.559438e+00
      vertex   -7.116524e+01 -7.760087e+00 3.559438e+00
    endloop
  endfacet
  facet normal -7.893123e-01 3.949783e-01 -4.700832e-01
    outer loop
      vertex   -7.116524e+01 -7.760087e+00 3.559438e+00
      vertex   -7.192831e+01 -9.284992e+00 3.559438e+00
      vertex   -7.261581e+01 -9.010915e+00 4.944088e+00
    endloop
  endfacet
  facet normal -7.893123e-01 3.949783e-01 -4.700832e-01
    outer loop
      vertex   -7.116524e+01 -7.760087e+00 3.559438e+00
      vertex   -7.261581e+01 -9.010915e+00 4.944088e+00
      vertex   -7.179674e+01 -7.374127e+00 4.944088e+00
    endloop
  endfacet
  facet normal -8.560314e-01 4.283651e-01 -2.893330e-01
    outer loop
      vertex   -7.179674e+01 -7.374127e+00 4.944088e+00
      vertex   -7.261581e+01 -9.010915e+00 4.944088e+00
      vertex   -7.303916e+01 -8.842140e+00 6.446522e+00
    endloop
  endfacet
  facet normal -8.560314e-01 4.283651e-01 -2.893330e-01
    outer loop
      vertex   -7.179674e+01 -7.374127e+00 4.944088e+00
      vertex   -7.303916e+01 -8.842140e+00 6.446522e+00
      vertex   -7.218562e+01 -7.136453e+00 6.446522e+00
    endloop
  endfacet
  facet normal -8.900055e-01 4.453660e-01 -9.766975e-02
    outer loop
      vertex   -7.218562e+01 -7.136453e+00 6.446522e+00
      vertex   -7.303916e+01 -8.842140e+00 6.446522e+00
      vertex   -7.318211e+01 -8.785151e+00 8.009000e+00
    endloop
  endfacet
  facet normal -8.900055e-01 4.453660e-01 -9.766975e-02
    outer loop
      vertex   -7.218562e+01 -7.136453e+00 6.446522e+00
      vertex   -7.318211e+01 -8.785151e+00 8.009000e+00
      vertex   -7.231693e+01 -7.056201e+00 8.009000e+00
    endloop
  endfacet
  facet normal -8.022729e-01 5.889133e-01 -9.766975e-02
    outer loop
      vertex   -7.218562e+01 -7.136453e+00 6.446522e+00
      vertex   -7.231693e+01 -7.056201e+00 8.009000e+00
      vertex   -7.105698e+01 -5.598906e+00 6.446522e+00
    endloop
  endfacet
  facet normal -8.022729e-01 5.889133e-01 -9.766975e-02
    outer loop
      vertex   -7.105698e+01 -5.598906e+00 6.446522e+00
      vertex   -7.231693e+01 -7.056201e+00 8.009000e+00
      vertex   -7.117289e+01 -5.497682e+00 8.009000e+00
    endloop
  endfacet
  facet normal -6.916150e-01 7.156321e-01 -9.766975e-02
    outer loop
      vertex   -7.105698e+01 -5.598906e+00 6.446522e+00
      vertex   -7.117289e+01 -5.497682e+00 8.009000e+00
      vertex   -6.968547e+01 -4.273433e+00 6.446522e+00
    endloop
  endfacet
  facet normal -6.916150e-01 7.156321e-01 -9.766975e-02
    outer loop
      vertex   -6.968547e+01 -4.273433e+00 6.446522e+00
      vertex   -7.117289e+01 -5.497682e+00 8.009000e+00
      vertex   -6.978268e+01 -4.154131e+00 8.009000e+00
    endloop
  endfacet
  facet normal -5.611939e-01 8.219014e-01 -9.766975e-02
    outer loop
      vertex   -6.968547e+01 -4.273433e+00 6.446522e+00
      vertex   -6.978268e+01 -4.154131e+00 8.009000e+00
      vertex   -6.811031e+01 -3.197910e+00 6.446522e+00
    endloop
  endfacet
  facet normal -5.611939e-01 8.219014e-01 -9.766975e-02
    outer loop
      vertex   -6.811031e+01 -3.197910e+00 6.446522e+00
      vertex   -6.978268e+01 -4.154131e+00 8.009000e+00
      vertex   -6.818603e+01 -3.063940e+00 8.009000e+00
    endloop
  endfacet
  facet normal -4.147365e-01 9.046846e-01 -9.766975e-02
    outer loop
      vertex   -6.811031e+01 -3.197910e+00 6.446522e+00
      vertex   -6.818603e+01 -3.063940e+00 8.009000e+00
      vertex   -6.637649e+01 -2.403072e+00 6.446522e+00
    endloop
  endfacet
  facet normal -4.147365e-01 9.046846e-01 -9.766975e-02
    outer loop
      vertex   -6.637649e+01 -2.403072e+00 6.446522e+00
      vertex   -6.818603e+01 -3.063940e+00 8.009000e+00
      vertex   -6.642857e+01 -2.258261e+00 8.009000e+00
    endloop
  endfacet
  facet normal -2.564278e-01 9.616160e-01 -9.766975e-02
    outer loop
      vertex   -6.637649e+01 -2.403072e+00 6.446522e+00
      vertex   -6.642857e+01 -2.258261e+00 8.009000e+00
      vertex   -6.453356e+01 -1.911630e+00 6.446522e+00
    endloop
  endfacet
  facet normal -2.564278e-01 9.616160e-01 -9.766975e-02
    outer loop
      vertex   -6.453356e+01 -1.911630e+00 6.446522e+00
      vertex   -6.642857e+01 -2.258261e+00 8.009000e+00
      vertex   -6.456051e+01 -1.760117e+00 8.009000e+00
    endloop
  endfacet
  facet normal -9.079163e-02 9.910689e-01 -9.766975e-02
    outer loop
      vertex   -6.453356e+01 -1.911630e+00 6.446522e+00
      vertex   -6.456051e+01 -1.760117e+00 8.009000e+00
      vertex   -6.263419e+01 -1.737629e+00 6.446522e+00
    endloop
  endfacet
  facet normal -9.079163e-02 9.910689e-01 -9.766975e-02
    outer loop
      vertex   -6.263419e+01 -1.737629e+00 6.446522e+00
      vertex   -6.456051e+01 -1.760117e+00 8.009000e+00
      vertex   -6.263523e+01 -1.583742e+00 8.009000e+00
    endloop
  endfacet
  facet normal 7.743899e-02 9.922015e-01 -9.766975e-02
    outer loop
      vertex   -6.263419e+01 -1.737629e+00 6.446522e+00
      vertex   -6.263523e+01 -1.583742e+00 8.009000e+00
      vertex   -6.073265e+01 -1.886040e+00 6.446522e+00
    endloop
  endfacet
  facet normal 7.743899e-02 9.922015e-01 -9.766975e-02
    outer loop
      vertex   -6.073265e+01 -1.886040e+00 6.446522e+00
      vertex   -6.263523e+01 -1.583742e+00 8.009000e+00
      vertex   -6.070775e+01 -1.734177e+00 8.009000e+00
    endloop
  endfacet
  facet normal 2.434568e-01 9.649816e-01 -9.766975e-02
    outer loop
      vertex   -6.073265e+01 -1.886040e+00 6.446522e+00
      vertex   -6.070775e+01 -1.734177e+00 8.009000e+00
      vertex   -5.888327e+01 -2.352623e+00 6.446522e+00
    endloop
  endfacet
  facet normal 2.434568e-01 9.649816e-01 -9.766975e-02
    outer loop
      vertex   -5.888327e+01 -2.352623e+00 6.446522e+00
      vertex   -6.070775e+01 -1.734177e+00 8.009000e+00
      vertex   -5.883315e+01 -2.207123e+00 8.009000e+00
    endloop
  endfacet
  facet normal 4.025177e-01 9.101869e-01 -9.766975e-02
    outer loop
      vertex   -5.888327e+01 -2.352623e+00 6.446522e+00
      vertex   -5.883315e+01 -2.207123e+00 8.009000e+00
      vertex   -5.713891e+01 -3.124044e+00 6.446522e+00
    endloop
  endfacet
  facet normal 4.025177e-01 9.101869e-01 -9.766975e-02
    outer loop
      vertex   -5.713891e+01 -3.124044e+00 6.446522e+00
      vertex   -5.883315e+01 -2.207123e+00 8.009000e+00
      vertex   -5.706499e+01 -2.989066e+00 8.009000e+00
    endloop
  endfacet
  facet normal 5.500764e-01 8.293832e-01 -9.766975e-02
    outer loop
      vertex   -5.713891e+01 -3.124044e+00 6.446522e+00
      vertex   -5.706499e+01 -2.989066e+00 8.009000e+00
      vertex   -5.554940e+01 -4.178259e+00 6.446522e+00
    endloop
  endfacet
  facet normal 5.500764e-01 8.293832e-01 -9.766975e-02
    outer loop
      vertex   -5.554940e+01 -4.178259e+00 6.446522e+00
      vertex   -5.706499e+01 -2.989066e+00 8.009000e+00
      vertex   -5.545381e+01 -4.057660e+00 8.009000e+00
    endloop
  endfacet
  facet normal 6.819166e-01 7.248796e-01 -9.766975e-02
    outer loop
      vertex   -5.554940e+01 -4.178259e+00 6.446522e+00
      vertex   -5.545381e+01 -4.057660e+00 8.009000e+00
      vertex   -5.416018e+01 -5.485145e+00 6.446522e+00
    endloop
  endfacet
  facet normal 6.819166e-01 7.248796e-01 -9.766975e-02
    outer loop
      vertex   -5.416018e+01 -5.485145e+00 6.446522e+00
      vertex   -5.545381e+01 -4.057660e+00 8.009000e+00
      vertex   -5.404564e+01 -5.382371e+00 8.009000e+00
    endloop
  endfacet
  facet normal 7.942706e-01 5.996622e-01 -9.766975e-02
    outer loop
      vertex   -5.416018e+01 -5.485145e+00 6.446522e+00
      vertex   -5.404564e+01 -5.382371e+00 8.009000e+00
      vertex   -5.301093e+01 -7.007357e+00 6.446522e+00
    endloop
  endfacet
  facet normal 7.942706e-01 5.996622e-01 -9.766975e-02
    outer loop
      vertex   -5.301093e+01 -7.007357e+00 6.446522e+00
      vertex   -5.404564e+01 -5.382371e+00 8.009000e+00
      vertex   -5.288071e+01 -6.925344e+00 8.009000e+00
    endloop
  endfacet
  facet normal 8.839281e-01 4.573093e-01 -9.766975e-02
    outer loop
      vertex   -5.301093e+01 -7.007357e+00 6.446522e+00
      vertex   -5.288071e+01 -6.925344e+00 8.009000e+00
      vertex   -5.213450e+01 -8.701396e+00 6.446522e+00
    endloop
  endfacet
  facet normal 8.839281e-01 4.573093e-01 -9.766975e-02
    outer loop
      vertex   -5.213450e+01 -8.701396e+00 6.446522e+00
      vertex   -5.288071e+01 -6.925344e+00 8.009000e+00
      vertex   -5.199233e+01 -8.642488e+00 8.009000e+00
    endloop
  endfacet
  facet normal 8.501860e-01 4.398524e-01 -2.893330e-01
    outer loop
      vertex   -5.213450e+01 -8.701396e+00 6.446522e+00
      vertex   -5.255555e+01 -8.875857e+00 4.944088e+00
      vertex   -5.301093e+01 -7.007357e+00 6.446522e+00
    endloop
  endfacet
  facet normal 8.501860e-01 4.398524e-01 -2.893330e-01
    outer loop
      vertex   -5.301093e+01 -7.007357e+00 6.446522e+00
      vertex   -5.255555e+01 -8.875857e+00 4.944088e+00
      vertex   -5.339657e+01 -7.250245e+00 4.944088e+00
    endloop
  endfacet
  facet normal 7.639510e-01 5.767714e-01 -2.893330e-01
    outer loop
      vertex   -5.301093e+01 -7.007357e+00 6.446522e+00
      vertex   -5.339657e+01 -7.250245e+00 4.944088e+00
      vertex   -5.416018e+01 -5.485145e+00 6.446522e+00
    endloop
  endfacet
  facet normal 7.639510e-01 5.767714e-01 -2.893330e-01
    outer loop
      vertex   -5.416018e+01 -5.485145e+00 6.446522e+00
      vertex   -5.339657e+01 -7.250245e+00 4.944088e+00
      vertex   -5.449940e+01 -5.789520e+00 4.944088e+00
    endloop
  endfacet
  facet normal 6.558858e-01 6.972088e-01 -2.893330e-01
    outer loop
      vertex   -5.416018e+01 -5.485145e+00 6.446522e+00
      vertex   -5.449940e+01 -5.789520e+00 4.944088e+00
      vertex   -5.554940e+01 -4.178259e+00 6.446522e+00
    endloop
  endfacet
  facet normal 6.558858e-01 6.972088e-01 -2.893330e-01
    outer loop
      vertex   -5.554940e+01 -4.178259e+00 6.446522e+00
      vertex   -5.449940e+01 -5.789520e+00 4.944088e+00
      vertex   -5.583251e+01 -4.535423e+00 4.944088e+00
    endloop
  endfacet
  facet normal 5.290784e-01 7.977233e-01 -2.893330e-01
    outer loop
      vertex   -5.554940e+01 -4.178259e+00 6.446522e+00
      vertex   -5.583251e+01 -4.535423e+00 4.944088e+00
      vertex   -5.713891e+01 -3.124044e+00 6.446522e+00
    endloop
  endfacet
  facet normal 5.290784e-01 7.977233e-01 -2.893330e-01
    outer loop
      vertex   -5.713891e+01 -3.124044e+00 6.446522e+00
      vertex   -5.583251e+01 -4.535423e+00 4.944088e+00
      vertex   -5.735781e+01 -3.523790e+00 4.944088e+00
    endloop
  endfacet
  facet normal 3.871524e-01 8.754424e-01 -2.893330e-01
    outer loop
      vertex   -5.713891e+01 -3.124044e+00 6.446522e+00
      vertex   -5.735781e+01 -3.523790e+00 4.944088e+00
      vertex   -5.888327e+01 -2.352623e+00 6.446522e+00
    endloop
  endfacet
  facet normal 3.871524e-01 8.754424e-01 -2.893330e-01
    outer loop
      vertex   -5.888327e+01 -2.352623e+00 6.446522e+00
      vertex   -5.735781e+01 -3.523790e+00 4.944088e+00
      vertex   -5.903171e+01 -2.783529e+00 4.944088e+00
    endloop
  endfacet
  facet normal 2.341633e-01 9.281454e-01 -2.893330e-01
    outer loop
      vertex   -5.888327e+01 -2.352623e+00 6.446522e+00
      vertex   -5.903171e+01 -2.783529e+00 4.944088e+00
      vertex   -6.073265e+01 -1.886040e+00 6.446522e+00
    endloop
  endfacet
  facet normal 2.341633e-01 9.281454e-01 -2.893330e-01
    outer loop
      vertex   -6.073265e+01 -1.886040e+00 6.446522e+00
      vertex   -5.903171e+01 -2.783529e+00 4.944088e+00
      vertex   -6.080639e+01 -2.335793e+00 4.944088e+00
    endloop
  endfacet
  facet normal 7.448292e-02 9.543263e-01 -2.893330e-01
    outer loop
      vertex   -6.073265e+01 -1.886040e+00 6.446522e+00
      vertex   -6.080639e+01 -2.335793e+00 4.944088e+00
      vertex   -6.263419e+01 -1.737629e+00 6.446522e+00
    endloop
  endfacet
  facet normal 7.448292e-02 9.543263e-01 -2.893330e-01
    outer loop
      vertex   -6.263419e+01 -1.737629e+00 6.446522e+00
      vertex   -6.080639e+01 -2.335793e+00 4.944088e+00
      vertex   -6.263112e+01 -2.193377e+00 4.944088e+00
    endloop
  endfacet
  facet normal -8.732585e-02 9.532369e-01 -2.893330e-01
    outer loop
      vertex   -6.263419e+01 -1.737629e+00 6.446522e+00
      vertex   -6.263112e+01 -2.193377e+00 4.944088e+00
      vertex   -6.453356e+01 -1.911630e+00 6.446522e+00
    endloop
  endfacet
  facet normal -8.732585e-02 9.532369e-01 -2.893330e-01
    outer loop
      vertex   -6.453356e+01 -1.911630e+00 6.446522e+00
      vertex   -6.263112e+01 -2.193377e+00 4.944088e+00
      vertex   -6.445377e+01 -2.360350e+00 4.944088e+00
    endloop
  endfacet
  facet normal -2.466393e-01 9.249084e-01 -2.893330e-01
    outer loop
      vertex   -6.453356e+01 -1.911630e+00 6.446522e+00
      vertex   -6.445377e+01 -2.360350e+00 4.944088e+00
      vertex   -6.637649e+01 -2.403072e+00 6.446522e+00
    endloop
  endfacet
  facet normal -2.466393e-01 9.249084e-01 -2.893330e-01
    outer loop
      vertex   -6.637649e+01 -2.403072e+00 6.446522e+00
      vertex   -6.445377e+01 -2.360350e+00 4.944088e+00
      vertex   -6.622226e+01 -2.831940e+00 4.944088e+00
    endloop
  endfacet
  facet normal -3.989048e-01 8.701502e-01 -2.893330e-01
    outer loop
      vertex   -6.637649e+01 -2.403072e+00 6.446522e+00
      vertex   -6.622226e+01 -2.831940e+00 4.944088e+00
      vertex   -6.811031e+01 -3.197910e+00 6.446522e+00
    endloop
  endfacet
  facet normal -3.989048e-01 8.701502e-01 -2.893330e-01
    outer loop
      vertex   -6.811031e+01 -3.197910e+00 6.446522e+00
      vertex   -6.622226e+01 -2.831940e+00 4.944088e+00
      vertex   -6.788604e+01 -3.594673e+00 4.944088e+00
    endloop
  endfacet
  facet normal -5.397715e-01 7.905271e-01 -2.893330e-01
    outer loop
      vertex   -6.811031e+01 -3.197910e+00 6.446522e+00
      vertex   -6.788604e+01 -3.594673e+00 4.944088e+00
      vertex   -6.968547e+01 -4.273433e+00 6.446522e+00
    endloop
  endfacet
  facet normal -5.397715e-01 7.905271e-01 -2.893330e-01
    outer loop
      vertex   -6.968547e+01 -4.273433e+00 6.446522e+00
      vertex   -6.788604e+01 -3.594673e+00 4.944088e+00
      vertex   -6.939758e+01 -4.626752e+00 4.944088e+00
    endloop
  endfacet
  facet normal -6.652141e-01 6.883143e-01 -2.893330e-01
    outer loop
      vertex   -6.968547e+01 -4.273433e+00 6.446522e+00
      vertex   -6.939758e+01 -4.626752e+00 4.944088e+00
      vertex   -7.105698e+01 -5.598906e+00 6.446522e+00
    endloop
  endfacet
  facet normal -6.652141e-01 6.883143e-01 -2.893330e-01
    outer loop
      vertex   -7.105698e+01 -5.598906e+00 6.446522e+00
      vertex   -6.939758e+01 -4.626752e+00 4.944088e+00
      vertex   -7.071369e+01 -5.898685e+00 4.944088e+00
    endloop
  endfacet
  facet normal -7.716478e-01 5.664327e-01 -2.893330e-01
    outer loop
      vertex   -7.105698e+01 -5.598906e+00 6.446522e+00
      vertex   -7.071369e+01 -5.898685e+00 4.944088e+00
      vertex   -7.218562e+01 -7.136453e+00 6.446522e+00
    endloop
  endfacet
  facet normal -7.716478e-01 5.664327e-01 -2.893330e-01
    outer loop
      vertex   -7.218562e+01 -7.136453e+00 6.446522e+00
      vertex   -7.071369e+01 -5.898685e+00 4.944088e+00
      vertex   -7.179674e+01 -7.374127e+00 4.944088e+00
    endloop
  endfacet
  facet normal 7.839225e-01 4.055703e-01 -4.700832e-01
    outer loop
      vertex   -5.255555e+01 -8.875857e+00 4.944088e+00
      vertex   -5.323929e+01 -9.159165e+00 3.559438e+00
      vertex   -5.339657e+01 -7.250245e+00 4.944088e+00
    endloop
  endfacet
  facet normal 7.839225e-01 4.055703e-01 -4.700832e-01
    outer loop
      vertex   -5.339657e+01 -7.250245e+00 4.944088e+00
      vertex   -5.323929e+01 -9.159165e+00 3.559438e+00
      vertex   -5.402282e+01 -7.644673e+00 3.559438e+00
    endloop
  endfacet
  facet normal 7.044087e-01 5.318178e-01 -4.700832e-01
    outer loop
      vertex   -5.339657e+01 -7.250245e+00 4.944088e+00
      vertex   -5.402282e+01 -7.644673e+00 3.559438e+00
      vertex   -5.449940e+01 -5.789520e+00 4.944088e+00
    endloop
  endfacet
  facet normal 7.044087e-01 5.318178e-01 -4.700832e-01
    outer loop
      vertex   -5.449940e+01 -5.789520e+00 4.944088e+00
      vertex   -5.402282e+01 -7.644673e+00 3.559438e+00
      vertex   -5.505027e+01 -6.283797e+00 3.559438e+00
    endloop
  endfacet
  facet normal 6.047661e-01 6.428684e-01 -4.700832e-01
    outer loop
      vertex   -5.449940e+01 -5.789520e+00 4.944088e+00
      vertex   -5.505027e+01 -6.283797e+00 3.559438e+00
      vertex   -5.583251e+01 -4.535423e+00 4.944088e+00
    endloop
  endfacet
  facet normal 6.047661e-01 6.428684e-01 -4.700832e-01
    outer loop
      vertex   -5.583251e+01 -4.535423e+00 4.944088e+00
      vertex   -5.505027e+01 -6.283797e+00 3.559438e+00
      vertex   -5.629225e+01 -5.115425e+00 3.559438e+00
    endloop
  endfacet
  facet normal 4.878421e-01 7.355487e-01 -4.700832e-01
    outer loop
      vertex   -5.583251e+01 -4.535423e+00 4.944088e+00
      vertex   -5.629225e+01 -5.115425e+00 3.559438e+00
      vertex   -5.735781e+01 -3.523790e+00 4.944088e+00
    endloop
  endfacet
  facet normal 4.878421e-01 7.355487e-01 -4.700832e-01
    outer loop
      vertex   -5.735781e+01 -3.523790e+00 4.944088e+00
      vertex   -5.629225e+01 -5.115425e+00 3.559438e+00
      vertex   -5.771329e+01 -4.172943e+00 3.559438e+00
    endloop
  endfacet
  facet normal 3.569777e-01 8.072104e-01 -4.700832e-01
    outer loop
      vertex   -5.735781e+01 -3.523790e+00 4.944088e+00
      vertex   -5.771329e+01 -4.172943e+00 3.559438e+00
      vertex   -5.903171e+01 -2.783529e+00 4.944088e+00
    endloop
  endfacet
  facet normal 3.569777e-01 8.072104e-01 -4.700832e-01
    outer loop
      vertex   -5.903171e+01 -2.783529e+00 4.944088e+00
      vertex   -5.771329e+01 -4.172943e+00 3.559438e+00
      vertex   -5.927277e+01 -3.483283e+00 3.559438e+00
    endloop
  endfacet
  facet normal 2.159126e-01 8.558058e-01 -4.700832e-01
    outer loop
      vertex   -5.903171e+01 -2.783529e+00 4.944088e+00
      vertex   -5.927277e+01 -3.483283e+00 3.559438e+00
      vertex   -6.080639e+01 -2.335793e+00 4.944088e+00
    endloop
  endfacet
  facet normal 2.159126e-01 8.558058e-01 -4.700832e-01
    outer loop
      vertex   -6.080639e+01 -2.335793e+00 4.944088e+00
      vertex   -5.927277e+01 -3.483283e+00 3.559438e+00
      vertex   -6.092614e+01 -3.066153e+00 3.559438e+00
    endloop
  endfacet
  facet normal 6.867772e-02 8.799461e-01 -4.700832e-01
    outer loop
      vertex   -6.080639e+01 -2.335793e+00 4.944088e+00
      vertex   -6.092614e+01 -3.066153e+00 3.559438e+00
      vertex   -6.263112e+01 -2.193377e+00 4.944088e+00
    endloop
  endfacet
  facet normal 6.867772e-02 8.799461e-01 -4.700832e-01
    outer loop
      vertex   -6.263112e+01 -2.193377e+00 4.944088e+00
      vertex   -6.092614e+01 -3.066153e+00 3.559438e+00
      vertex   -6.262614e+01 -2.933471e+00 3.559438e+00
    endloop
  endfacet
  facet normal -8.051968e-02 8.789416e-01 -4.700832e-01
    outer loop
      vertex   -6.263112e+01 -2.193377e+00 4.944088e+00
      vertex   -6.262614e+01 -2.933471e+00 3.559438e+00
      vertex   -6.445377e+01 -2.360350e+00 4.944088e+00
    endloop
  endfacet
  facet normal -8.051968e-02 8.789416e-01 -4.700832e-01
    outer loop
      vertex   -6.445377e+01 -2.360350e+00 4.944088e+00
      vertex   -6.262614e+01 -2.933471e+00 3.559438e+00
      vertex   -6.432420e+01 -3.089031e+00 3.559438e+00
    endloop
  endfacet
  facet normal -2.274162e-01 8.528210e-01 -4.700832e-01
    outer loop
      vertex   -6.445377e+01 -2.360350e+00 4.944088e+00
      vertex   -6.432420e+01 -3.089031e+00 3.559438e+00
      vertex   -6.622226e+01 -2.831940e+00 4.944088e+00
    endloop
  endfacet
  facet normal -2.274162e-01 8.528210e-01 -4.700832e-01
    outer loop
      vertex   -6.622226e+01 -2.831940e+00 4.944088e+00
      vertex   -6.432420e+01 -3.089031e+00 3.559438e+00
      vertex   -6.597180e+01 -3.528385e+00 3.559438e+00
    endloop
  endfacet
  facet normal -3.678142e-01 8.023307e-01 -4.700832e-01
    outer loop
      vertex   -6.622226e+01 -2.831940e+00 4.944088e+00
      vertex   -6.597180e+01 -3.528385e+00 3.559438e+00
      vertex   -6.788604e+01 -3.594673e+00 4.944088e+00
    endloop
  endfacet
  facet normal -3.678142e-01 8.023307e-01 -4.700832e-01
    outer loop
      vertex   -6.788604e+01 -3.594673e+00 4.944088e+00
      vertex   -6.597180e+01 -3.528385e+00 3.559438e+00
      vertex   -6.752186e+01 -4.238981e+00 3.559438e+00
    endloop
  endfacet
  facet normal -4.977018e-01 7.289134e-01 -4.700832e-01
    outer loop
      vertex   -6.788604e+01 -3.594673e+00 4.944088e+00
      vertex   -6.752186e+01 -4.238981e+00 3.559438e+00
      vertex   -6.939758e+01 -4.626752e+00 4.944088e+00
    endloop
  endfacet
  facet normal -4.977018e-01 7.289134e-01 -4.700832e-01
    outer loop
      vertex   -6.939758e+01 -4.626752e+00 4.944088e+00
      vertex   -6.752186e+01 -4.238981e+00 3.559438e+00
      vertex   -6.893008e+01 -5.200511e+00 3.559438e+00
    endloop
  endfacet
  facet normal -6.133673e-01 6.346671e-01 -4.700832e-01
    outer loop
      vertex   -6.939758e+01 -4.626752e+00 4.944088e+00
      vertex   -6.893008e+01 -5.200511e+00 3.559438e+00
      vertex   -7.071369e+01 -5.898685e+00 4.944088e+00
    endloop
  endfacet
  facet normal -6.133673e-01 6.346671e-01 -4.700832e-01
    outer loop
      vertex   -7.071369e+01 -5.898685e+00 4.944088e+00
      vertex   -6.893008e+01 -5.200511e+00 3.559438e+00
      vertex   -7.015621e+01 -6.385500e+00 3.559438e+00
    endloop
  endfacet
  facet normal -7.115056e-01 5.222850e-01 -4.700832e-01
    outer loop
      vertex   -7.071369e+01 -5.898685e+00 4.944088e+00
      vertex   -7.015621e+01 -6.385500e+00 3.559438e+00
      vertex   -7.179674e+01 -7.374127e+00 4.944088e+00
    endloop
  endfacet
  facet normal -7.115056e-01 5.222850e-01 -4.700832e-01
    outer loop
      vertex   -7.179674e+01 -7.374127e+00 4.944088e+00
      vertex   -7.015621e+01 -6.385500e+00 3.559438e+00
      vertex   -7.116524e+01 -7.760087e+00 3.559438e+00
    endloop
  endfacet
  facet normal 6.875573e-01 3.557148e-01 -6.330339e-01
    outer loop
      vertex   -5.323929e+01 -9.159165e+00 3.559438e+00
      vertex   -5.415945e+01 -9.540435e+00 2.345782e+00
      vertex   -5.402282e+01 -7.644673e+00 3.559438e+00
    endloop
  endfacet
  facet normal 6.875573e-01 3.557148e-01 -6.330339e-01
    outer loop
      vertex   -5.402282e+01 -7.644673e+00 3.559438e+00
      vertex   -5.415945e+01 -9.540435e+00 2.345782e+00
      vertex   -5.486562e+01 -8.175485e+00 2.345782e+00
    endloop
  endfacet
  facet normal 6.178179e-01 4.664431e-01 -6.330339e-01
    outer loop
      vertex   -5.402282e+01 -7.644673e+00 3.559438e+00
      vertex   -5.486562e+01 -8.175485e+00 2.345782e+00
      vertex   -5.505027e+01 -6.283797e+00 3.559438e+00
    endloop
  endfacet
  facet normal 6.178179e-01 4.664431e-01 -6.330339e-01
    outer loop
      vertex   -5.505027e+01 -6.283797e+00 3.559438e+00
      vertex   -5.486562e+01 -8.175485e+00 2.345782e+00
      vertex   -5.579161e+01 -6.948983e+00 2.345782e+00
    endloop
  endfacet
  facet normal 5.304241e-01 5.638426e-01 -6.330339e-01
    outer loop
      vertex   -5.505027e+01 -6.283797e+00 3.559438e+00
      vertex   -5.579161e+01 -6.948983e+00 2.345782e+00
      vertex   -5.629225e+01 -5.115425e+00 3.559438e+00
    endloop
  endfacet
  facet normal 5.304241e-01 5.638426e-01 -6.330339e-01
    outer loop
      vertex   -5.629225e+01 -5.115425e+00 3.559438e+00
      vertex   -5.579161e+01 -6.948983e+00 2.345782e+00
      vertex   -5.691096e+01 -5.895977e+00 2.345782e+00
    endloop
  endfacet
  facet normal 4.278731e-01 6.451300e-01 -6.330339e-01
    outer loop
      vertex   -5.629225e+01 -5.115425e+00 3.559438e+00
      vertex   -5.691096e+01 -5.895977e+00 2.345782e+00
      vertex   -5.771329e+01 -4.172943e+00 3.559438e+00
    endloop
  endfacet
  facet normal 4.278731e-01 6.451300e-01 -6.330339e-01
    outer loop
      vertex   -5.771329e+01 -4.172943e+00 3.559438e+00
      vertex   -5.691096e+01 -5.895977e+00 2.345782e+00
      vertex   -5.819168e+01 -5.046556e+00 2.345782e+00
    endloop
  endfacet
  facet normal 3.130956e-01 7.079825e-01 -6.330339e-01
    outer loop
      vertex   -5.771329e+01 -4.172943e+00 3.559438e+00
      vertex   -5.819168e+01 -5.046556e+00 2.345782e+00
      vertex   -5.927277e+01 -3.483283e+00 3.559438e+00
    endloop
  endfacet
  facet normal 3.130956e-01 7.079825e-01 -6.330339e-01
    outer loop
      vertex   -5.927277e+01 -3.483283e+00 3.559438e+00
      vertex   -5.819168e+01 -5.046556e+00 2.345782e+00
      vertex   -5.959718e+01 -4.424994e+00 2.345782e+00
    endloop
  endfacet
  facet normal 1.893712e-01 7.506042e-01 -6.330339e-01
    outer loop
      vertex   -5.927277e+01 -3.483283e+00 3.559438e+00
      vertex   -5.959718e+01 -4.424994e+00 2.345782e+00
      vertex   -6.092614e+01 -3.066153e+00 3.559438e+00
    endloop
  endfacet
  facet normal 1.893712e-01 7.506042e-01 -6.330339e-01
    outer loop
      vertex   -6.092614e+01 -3.066153e+00 3.559438e+00
      vertex   -5.959718e+01 -4.424994e+00 2.345782e+00
      vertex   -6.108729e+01 -4.049051e+00 2.345782e+00
    endloop
  endfacet
  facet normal 6.023538e-02 7.717770e-01 -6.330339e-01
    outer loop
      vertex   -6.092614e+01 -3.066153e+00 3.559438e+00
      vertex   -6.108729e+01 -4.049051e+00 2.345782e+00
      vertex   -6.262614e+01 -2.933471e+00 3.559438e+00
    endloop
  endfacet
  facet normal 6.023538e-02 7.717770e-01 -6.330339e-01
    outer loop
      vertex   -6.262614e+01 -2.933471e+00 3.559438e+00
      vertex   -6.108729e+01 -4.049051e+00 2.345782e+00
      vertex   -6.261943e+01 -3.929471e+00 2.345782e+00
    endloop
  endfacet
  facet normal -7.062164e-02 7.708960e-01 -6.330339e-01
    outer loop
      vertex   -6.262614e+01 -2.933471e+00 3.559438e+00
      vertex   -6.261943e+01 -3.929471e+00 2.345782e+00
      vertex   -6.432420e+01 -3.089031e+00 3.559438e+00
    endloop
  endfacet
  facet normal -7.062164e-02 7.708960e-01 -6.330339e-01
    outer loop
      vertex   -6.432420e+01 -3.089031e+00 3.559438e+00
      vertex   -6.261943e+01 -3.929471e+00 2.345782e+00
      vertex   -6.414983e+01 -4.069670e+00 2.345782e+00
    endloop
  endfacet
  facet normal -1.994606e-01 7.479863e-01 -6.330339e-01
    outer loop
      vertex   -6.432420e+01 -3.089031e+00 3.559438e+00
      vertex   -6.414983e+01 -4.069670e+00 2.345782e+00
      vertex   -6.597180e+01 -3.528385e+00 3.559438e+00
    endloop
  endfacet
  facet normal -1.994606e-01 7.479863e-01 -6.330339e-01
    outer loop
      vertex   -6.597180e+01 -3.528385e+00 3.559438e+00
      vertex   -6.414983e+01 -4.069670e+00 2.345782e+00
      vertex   -6.563474e+01 -4.465642e+00 2.345782e+00
    endloop
  endfacet
  facet normal -3.225999e-01 7.037026e-01 -6.330339e-01
    outer loop
      vertex   -6.597180e+01 -3.528385e+00 3.559438e+00
      vertex   -6.563474e+01 -4.465642e+00 2.345782e+00
      vertex   -6.752186e+01 -4.238981e+00 3.559438e+00
    endloop
  endfacet
  facet normal -3.225999e-01 7.037026e-01 -6.330339e-01
    outer loop
      vertex   -6.752186e+01 -4.238981e+00 3.559438e+00
      vertex   -6.563474e+01 -4.465642e+00 2.345782e+00
      vertex   -6.703174e+01 -5.106073e+00 2.345782e+00
    endloop
  endfacet
  facet normal -4.365208e-01 6.393103e-01 -6.330339e-01
    outer loop
      vertex   -6.752186e+01 -4.238981e+00 3.559438e+00
      vertex   -6.703174e+01 -5.106073e+00 2.345782e+00
      vertex   -6.893008e+01 -5.200511e+00 3.559438e+00
    endloop
  endfacet
  facet normal -4.365208e-01 6.393103e-01 -6.330339e-01
    outer loop
      vertex   -6.893008e+01 -5.200511e+00 3.559438e+00
      vertex   -6.703174e+01 -5.106073e+00 2.345782e+00
      vertex   -6.830091e+01 -5.972661e+00 2.345782e+00
    endloop
  endfacet
  facet normal -5.379679e-01 5.566495e-01 -6.330339e-01
    outer loop
      vertex   -6.893008e+01 -5.200511e+00 3.559438e+00
      vertex   -6.830091e+01 -5.972661e+00 2.345782e+00
      vertex   -7.015621e+01 -6.385500e+00 3.559438e+00
    endloop
  endfacet
  facet normal -5.379679e-01 5.566495e-01 -6.330339e-01
    outer loop
      vertex   -7.015621e+01 -6.385500e+00 3.559438e+00
      vertex   -6.830091e+01 -5.972661e+00 2.345782e+00
      vertex   -6.940598e+01 -7.040644e+00 2.345782e+00
    endloop
  endfacet
  facet normal -6.240424e-01 4.580821e-01 -6.330339e-01
    outer loop
      vertex   -7.015621e+01 -6.385500e+00 3.559438e+00
      vertex   -6.940598e+01 -7.040644e+00 2.345782e+00
      vertex   -7.116524e+01 -7.760087e+00 3.559438e+00
    endloop
  endfacet
  facet normal -6.240424e-01 4.580821e-01 -6.330339e-01
    outer loop
      vertex   -7.116524e+01 -7.760087e+00 3.559438e+00
      vertex   -6.940598e+01 -7.040644e+00 2.345782e+00
      vertex   -7.031538e+01 -8.279503e+00 2.345782e+00
    endloop
  endfacet
  facet normal 5.646585e-01 2.921318e-01 -7.718936e-01
    outer loop
      vertex   -5.415945e+01 -9.540435e+00 2.345782e+00
      vertex   -5.528066e+01 -1.000501e+01 1.349760e+00
      vertex   -5.486562e+01 -8.175485e+00 2.345782e+00
    endloop
  endfacet
  facet normal 5.646585e-01 2.921318e-01 -7.718936e-01
    outer loop
      vertex   -5.486562e+01 -8.175485e+00 2.345782e+00
      vertex   -5.528066e+01 -1.000501e+01 1.349760e+00
      vertex   -5.589256e+01 -8.822281e+00 1.349760e+00
    endloop
  endfacet
  facet normal 5.073848e-01 3.830678e-01 -7.718936e-01
    outer loop
      vertex   -5.486562e+01 -8.175485e+00 2.345782e+00
      vertex   -5.589256e+01 -8.822281e+00 1.349760e+00
      vertex   -5.579161e+01 -6.948983e+00 2.345782e+00
    endloop
  endfacet
  facet normal 5.073848e-01 3.830678e-01 -7.718936e-01
    outer loop
      vertex   -5.579161e+01 -6.948983e+00 2.345782e+00
      vertex   -5.589256e+01 -8.822281e+00 1.349760e+00
      vertex   -5.669494e+01 -7.759514e+00 1.349760e+00
    endloop
  endfacet
  facet normal 4.356123e-01 4.630573e-01 -7.718936e-01
    outer loop
      vertex   -5.579161e+01 -6.948983e+00 2.345782e+00
      vertex   -5.669494e+01 -7.759514e+00 1.349760e+00
      vertex   -5.691096e+01 -5.895977e+00 2.345782e+00
    endloop
  endfacet
  facet normal 4.356123e-01 4.630573e-01 -7.718936e-01
    outer loop
      vertex   -5.691096e+01 -5.895977e+00 2.345782e+00
      vertex   -5.669494e+01 -7.759514e+00 1.349760e+00
      vertex   -5.766485e+01 -6.847081e+00 1.349760e+00
    endloop
  endfacet
  facet normal 3.513921e-01 5.298149e-01 -7.718936e-01
    outer loop
      vertex   -5.691096e+01 -5.895977e+00 2.345782e+00
      vertex   -5.766485e+01 -6.847081e+00 1.349760e+00
      vertex   -5.819168e+01 -5.046556e+00 2.345782e+00
    endloop
  endfacet
  facet normal 3.513921e-01 5.298149e-01 -7.718936e-01
    outer loop
      vertex   -5.819168e+01 -5.046556e+00 2.345782e+00
      vertex   -5.766485e+01 -6.847081e+00 1.349760e+00
      vertex   -5.877460e+01 -6.111056e+00 1.349760e+00
    endloop
  endfacet
  facet normal 2.571306e-01 5.814327e-01 -7.718936e-01
    outer loop
      vertex   -5.819168e+01 -5.046556e+00 2.345782e+00
      vertex   -5.877460e+01 -6.111056e+00 1.349760e+00
      vertex   -5.959718e+01 -4.424994e+00 2.345782e+00
    endloop
  endfacet
  facet normal 2.571306e-01 5.814327e-01 -7.718936e-01
    outer loop
      vertex   -5.959718e+01 -4.424994e+00 2.345782e+00
      vertex   -5.877460e+01 -6.111056e+00 1.349760e+00
      vertex   -5.999247e+01 -5.572471e+00 1.349760e+00
    endloop
  endfacet
  facet normal 1.555216e-01 6.164359e-01 -7.718936e-01
    outer loop
      vertex   -5.959718e+01 -4.424994e+00 2.345782e+00
      vertex   -5.999247e+01 -5.572471e+00 1.349760e+00
      vertex   -6.108729e+01 -4.049051e+00 2.345782e+00
    endloop
  endfacet
  facet normal 1.555216e-01 6.164359e-01 -7.718936e-01
    outer loop
      vertex   -6.108729e+01 -4.049051e+00 2.345782e+00
      vertex   -5.999247e+01 -5.572471e+00 1.349760e+00
      vertex   -6.128366e+01 -5.246716e+00 1.349760e+00
    endloop
  endfacet
  facet normal 4.946848e-02 6.338242e-01 -7.718936e-01
    outer loop
      vertex   -6.108729e+01 -4.049051e+00 2.345782e+00
      vertex   -6.128366e+01 -5.246716e+00 1.349760e+00
      vertex   -6.261943e+01 -3.929471e+00 2.345782e+00
    endloop
  endfacet
  facet normal 4.946848e-02 6.338242e-01 -7.718936e-01
    outer loop
      vertex   -6.261943e+01 -3.929471e+00 2.345782e+00
      vertex   -6.128366e+01 -5.246716e+00 1.349760e+00
      vertex   -6.261126e+01 -5.143099e+00 1.349760e+00
    endloop
  endfacet
  facet normal -5.799823e-02 6.331006e-01 -7.718936e-01
    outer loop
      vertex   -6.261943e+01 -3.929471e+00 2.345782e+00
      vertex   -6.261126e+01 -5.143099e+00 1.349760e+00
      vertex   -6.414983e+01 -4.069670e+00 2.345782e+00
    endloop
  endfacet
  facet normal -5.799823e-02 6.331006e-01 -7.718936e-01
    outer loop
      vertex   -6.414983e+01 -4.069670e+00 2.345782e+00
      vertex   -6.261126e+01 -5.143099e+00 1.349760e+00
      vertex   -6.393735e+01 -5.264582e+00 1.349760e+00
    endloop
  endfacet
  facet normal -1.638076e-01 6.142860e-01 -7.718936e-01
    outer loop
      vertex   -6.414983e+01 -4.069670e+00 2.345782e+00
      vertex   -6.393735e+01 -5.264582e+00 1.349760e+00
      vertex   -6.563474e+01 -4.465642e+00 2.345782e+00
    endloop
  endfacet
  facet normal -1.638076e-01 6.142860e-01 -7.718936e-01
    outer loop
      vertex   -6.563474e+01 -4.465642e+00 2.345782e+00
      vertex   -6.393735e+01 -5.264582e+00 1.349760e+00
      vertex   -6.522404e+01 -5.607693e+00 1.349760e+00
    endloop
  endfacet
  facet normal -2.649361e-01 5.779178e-01 -7.718936e-01
    outer loop
      vertex   -6.563474e+01 -4.465642e+00 2.345782e+00
      vertex   -6.522404e+01 -5.607693e+00 1.349760e+00
      vertex   -6.703174e+01 -5.106073e+00 2.345782e+00
    endloop
  endfacet
  facet normal -2.649361e-01 5.779178e-01 -7.718936e-01
    outer loop
      vertex   -6.703174e+01 -5.106073e+00 2.345782e+00
      vertex   -6.522404e+01 -5.607693e+00 1.349760e+00
      vertex   -6.643454e+01 -6.162628e+00 1.349760e+00
    endloop
  endfacet
  facet normal -3.584940e-01 5.250355e-01 -7.718936e-01
    outer loop
      vertex   -6.703174e+01 -5.106073e+00 2.345782e+00
      vertex   -6.643454e+01 -6.162628e+00 1.349760e+00
      vertex   -6.830091e+01 -5.972661e+00 2.345782e+00
    endloop
  endfacet
  facet normal -3.584940e-01 5.250355e-01 -7.718936e-01
    outer loop
      vertex   -6.830091e+01 -5.972661e+00 2.345782e+00
      vertex   -6.643454e+01 -6.162628e+00 1.349760e+00
      vertex   -6.753428e+01 -6.913529e+00 1.349760e+00
    endloop
  endfacet
  facet normal -4.418077e-01 4.571500e-01 -7.718936e-01
    outer loop
      vertex   -6.830091e+01 -5.972661e+00 2.345782e+00
      vertex   -6.753428e+01 -6.913529e+00 1.349760e+00
      vertex   -6.940598e+01 -7.040644e+00 2.345782e+00
    endloop
  endfacet
  facet normal -4.418077e-01 4.571500e-01 -7.718936e-01
    outer loop
      vertex   -6.940598e+01 -7.040644e+00 2.345782e+00
      vertex   -6.753428e+01 -6.913529e+00 1.349760e+00
      vertex   -6.849182e+01 -7.838938e+00 1.349760e+00
    endloop
  endfacet
  facet normal -5.124966e-01 3.762013e-01 -7.718936e-01
    outer loop
      vertex   -6.940598e+01 -7.040644e+00 2.345782e+00
      vertex   -6.849182e+01 -7.838938e+00 1.349760e+00
      vertex   -7.031538e+01 -8.279503e+00 2.345782e+00
    endloop
  endfacet
  facet normal -5.124966e-01 3.762013e-01 -7.718936e-01
    outer loop
      vertex   -7.031538e+01 -8.279503e+00 2.345782e+00
      vertex   -6.849182e+01 -7.838938e+00 1.349760e+00
      vertex   -6.927981e+01 -8.912412e+00 1.349760e+00
    endloop
  endfacet
  facet normal 4.198506e-01 2.172140e-01 -8.812171e-01
    outer loop
      vertex   -5.528066e+01 -1.000501e+01 1.349760e+00
      vertex   -5.655985e+01 -1.053505e+01 6.096488e-01
      vertex   -5.589256e+01 -8.822281e+00 1.349760e+00
    endloop
  endfacet
  facet normal 4.198506e-01 2.172140e-01 -8.812171e-01
    outer loop
      vertex   -5.589256e+01 -8.822281e+00 1.349760e+00
      vertex   -5.655985e+01 -1.053505e+01 6.096488e-01
      vertex   -5.706420e+01 -9.560205e+00 6.096488e-01
    endloop
  endfacet
  facet normal 3.772649e-01 2.848292e-01 -8.812171e-01
    outer loop
      vertex   -5.589256e+01 -8.822281e+00 1.349760e+00
      vertex   -5.706420e+01 -9.560205e+00 6.096488e-01
      vertex   -5.669494e+01 -7.759514e+00 1.349760e+00
    endloop
  endfacet
  facet normal 3.772649e-01 2.848292e-01 -8.812171e-01
    outer loop
      vertex   -5.669494e+01 -7.759514e+00 1.349760e+00
      vertex   -5.706420e+01 -9.560205e+00 6.096488e-01
      vertex   -5.772553e+01 -8.684242e+00 6.096488e-01
    endloop
  endfacet
  facet normal 3.238986e-01 3.443053e-01 -8.812171e-01
    outer loop
      vertex   -5.669494e+01 -7.759514e+00 1.349760e+00
      vertex   -5.772553e+01 -8.684242e+00 6.096488e-01
      vertex   -5.766485e+01 -6.847081e+00 1.349760e+00
    endloop
  endfacet
  facet normal 3.238986e-01 3.443053e-01 -8.812171e-01
    outer loop
      vertex   -5.766485e+01 -6.847081e+00 1.349760e+00
      vertex   -5.772553e+01 -8.684242e+00 6.096488e-01
      vertex   -5.852497e+01 -7.932189e+00 6.096488e-01
    endloop
  endfacet
  facet normal 2.612768e-01 3.939428e-01 -8.812171e-01
    outer loop
      vertex   -5.766485e+01 -6.847081e+00 1.349760e+00
      vertex   -5.852497e+01 -7.932189e+00 6.096488e-01
      vertex   -5.877460e+01 -6.111056e+00 1.349760e+00
    endloop
  endfacet
  facet normal 2.612768e-01 3.939428e-01 -8.812171e-01
    outer loop
      vertex   -5.877460e+01 -6.111056e+00 1.349760e+00
      vertex   -5.852497e+01 -7.932189e+00 6.096488e-01
      vertex   -5.943966e+01 -7.325536e+00 6.096488e-01
    endloop
  endfacet
  facet normal 1.911890e-01 4.323231e-01 -8.812171e-01
    outer loop
      vertex   -5.877460e+01 -6.111056e+00 1.349760e+00
      vertex   -5.943966e+01 -7.325536e+00 6.096488e-01
      vertex   -5.999247e+01 -5.572471e+00 1.349760e+00
    endloop
  endfacet
  facet normal 1.911890e-01 4.323231e-01 -8.812171e-01
    outer loop
      vertex   -5.999247e+01 -5.572471e+00 1.349760e+00
      vertex   -5.943966e+01 -7.325536e+00 6.096488e-01
      vertex   -6.044346e+01 -6.881619e+00 6.096488e-01
    endloop
  endfacet
  facet normal 1.156378e-01 4.583496e-01 -8.812171e-01
    outer loop
      vertex   -5.999247e+01 -5.572471e+00 1.349760e+00
      vertex   -6.044346e+01 -6.881619e+00 6.096488e-01
      vertex   -6.128366e+01 -5.246716e+00 1.349760e+00
    endloop
  endfacet
  facet normal 1.156378e-01 4.583496e-01 -8.812171e-01
    outer loop
      vertex   -6.128366e+01 -5.246716e+00 1.349760e+00
      vertex   -6.044346e+01 -6.881619e+00 6.096488e-01
      vertex   -6.150769e+01 -6.613122e+00 6.096488e-01
    endloop
  endfacet
  facet normal 3.678219e-02 4.712786e-01 -8.812171e-01
    outer loop
      vertex   -6.128366e+01 -5.246716e+00 1.349760e+00
      vertex   -6.150769e+01 -6.613122e+00 6.096488e-01
      vertex   -6.261126e+01 -5.143099e+00 1.349760e+00
    endloop
  endfacet
  facet normal 3.678219e-02 4.712786e-01 -8.812171e-01
    outer loop
      vertex   -6.261126e+01 -5.143099e+00 1.349760e+00
      vertex   -6.150769e+01 -6.613122e+00 6.096488e-01
      vertex   -6.260194e+01 -6.527718e+00 6.096488e-01
    endloop
  endfacet
  facet normal -4.312446e-02 4.707407e-01 -8.812171e-01
    outer loop
      vertex   -6.261126e+01 -5.143099e+00 1.349760e+00
      vertex   -6.260194e+01 -6.527718e+00 6.096488e-01
      vertex   -6.393735e+01 -5.264582e+00 1.349760e+00
    endloop
  endfacet
  facet normal -4.312446e-02 4.707407e-01 -8.812171e-01
    outer loop
      vertex   -6.393735e+01 -5.264582e+00 1.349760e+00
      vertex   -6.260194e+01 -6.527718e+00 6.096488e-01
      vertex   -6.369494e+01 -6.627848e+00 6.096488e-01
    endloop
  endfacet
  facet normal -1.217988e-01 4.567511e-01 -8.812171e-01
    outer loop
      vertex   -6.393735e+01 -5.264582e+00 1.349760e+00
      vertex   -6.369494e+01 -6.627848e+00 6.096488e-01
      vertex   -6.522404e+01 -5.607693e+00 1.349760e+00
    endloop
  endfacet
  facet normal -1.217988e-01 4.567511e-01 -8.812171e-01
    outer loop
      vertex   -6.522404e+01 -5.607693e+00 1.349760e+00
      vertex   -6.369494e+01 -6.627848e+00 6.096488e-01
      vertex   -6.475546e+01 -6.910650e+00 6.096488e-01
    endloop
  endfacet
  facet normal -1.969927e-01 4.297096e-01 -8.812171e-01
    outer loop
      vertex   -6.522404e+01 -5.607693e+00 1.349760e+00
      vertex   -6.475546e+01 -6.910650e+00 6.096488e-01
      vertex   -6.643454e+01 -6.162628e+00 1.349760e+00
    endloop
  endfacet
  facet normal -1.969927e-01 4.297096e-01 -8.812171e-01
    outer loop
      vertex   -6.643454e+01 -6.162628e+00 1.349760e+00
      vertex   -6.475546e+01 -6.910650e+00 6.096488e-01
      vertex   -6.575320e+01 -7.368043e+00 6.096488e-01
    endloop
  endfacet
  facet normal -2.665575e-01 3.903890e-01 -8.812171e-01
    outer loop
      vertex   -6.643454e+01 -6.162628e+00 1.349760e+00
      vertex   -6.575320e+01 -7.368043e+00 6.096488e-01
      vertex   -6.753428e+01 -6.913529e+00 1.349760e+00
    endloop
  endfacet
  facet normal -2.665575e-01 3.903890e-01 -8.812171e-01
    outer loop
      vertex   -6.753428e+01 -6.913529e+00 1.349760e+00
      vertex   -6.575320e+01 -7.368043e+00 6.096488e-01
      vertex   -6.665963e+01 -7.986957e+00 6.096488e-01
    endloop
  endfacet
  facet normal -3.285052e-01 3.399129e-01 -8.812171e-01
    outer loop
      vertex   -6.753428e+01 -6.913529e+00 1.349760e+00
      vertex   -6.665963e+01 -7.986957e+00 6.096488e-01
      vertex   -6.849182e+01 -7.838938e+00 1.349760e+00
    endloop
  endfacet
  facet normal -3.285052e-01 3.399129e-01 -8.812171e-01
    outer loop
      vertex   -6.849182e+01 -7.838938e+00 1.349760e+00
      vertex   -6.665963e+01 -7.986957e+00 6.096488e-01
      vertex   -6.744887e+01 -8.749706e+00 6.096488e-01
    endloop
  endfacet
  facet normal -3.810658e-01 2.797237e-01 -8.812171e-01
    outer loop
      vertex   -6.849182e+01 -7.838938e+00 1.349760e+00
      vertex   -6.744887e+01 -8.749706e+00 6.096488e-01
      vertex   -6.927981e+01 -8.912412e+00 1.349760e+00
    endloop
  endfacet
  facet normal -3.810658e-01 2.797237e-01 -8.812171e-01
    outer loop
      vertex   -6.927981e+01 -8.912412e+00 1.349760e+00
      vertex   -6.744887e+01 -8.749706e+00 6.096488e-01
      vertex   -6.809835e+01 -9.634494e+00 6.096488e-01
    endloop
  endfacet
  facet normal 2.586709e-01 1.338261e-01 -9.566504e-01
    outer loop
      vertex   -5.655985e+01 -1.053505e+01 6.096488e-01
      vertex   -5.794785e+01 -1.111017e+01 1.538907e-01
      vertex   -5.706420e+01 -9.560205e+00 6.096488e-01
    endloop
  endfacet
  facet normal 2.586709e-01 1.338261e-01 -9.566504e-01
    outer loop
      vertex   -5.706420e+01 -9.560205e+00 6.096488e-01
      vertex   -5.794785e+01 -1.111017e+01 1.538907e-01
      vertex   -5.833549e+01 -1.036090e+01 1.538907e-01
    endloop
  endfacet
  facet normal 2.324338e-01 1.754840e-01 -9.566504e-01
    outer loop
      vertex   -5.706420e+01 -9.560205e+00 6.096488e-01
      vertex   -5.833549e+01 -1.036090e+01 1.538907e-01
      vertex   -5.772553e+01 -8.684242e+00 6.096488e-01
    endloop
  endfacet
  facet normal 2.324338e-01 1.754840e-01 -9.566504e-01
    outer loop
      vertex   -5.772553e+01 -8.684242e+00 6.096488e-01
      vertex   -5.833549e+01 -1.036090e+01 1.538907e-01
      vertex   -5.884380e+01 -9.687630e+00 1.538907e-01
    endloop
  endfacet
  facet normal 1.995547e-01 2.121273e-01 -9.566504e-01
    outer loop
      vertex   -5.772553e+01 -8.684242e+00 6.096488e-01
      vertex   -5.884380e+01 -9.687630e+00 1.538907e-01
      vertex   -5.852497e+01 -7.932189e+00 6.096488e-01
    endloop
  endfacet
  facet normal 1.995547e-01 2.121273e-01 -9.566504e-01
    outer loop
      vertex   -5.852497e+01 -7.932189e+00 6.096488e-01
      vertex   -5.884380e+01 -9.687630e+00 1.538907e-01
      vertex   -5.945825e+01 -9.109599e+00 1.538907e-01
    endloop
  endfacet
  facet normal 1.609733e-01 2.427090e-01 -9.566504e-01
    outer loop
      vertex   -5.852497e+01 -7.932189e+00 6.096488e-01
      vertex   -5.945825e+01 -9.109599e+00 1.538907e-01
      vertex   -5.943966e+01 -7.325536e+00 6.096488e-01
    endloop
  endfacet
  facet normal 1.609733e-01 2.427090e-01 -9.566504e-01
    outer loop
      vertex   -5.943966e+01 -7.325536e+00 6.096488e-01
      vertex   -5.945825e+01 -9.109599e+00 1.538907e-01
      vertex   -6.016128e+01 -8.643324e+00 1.538907e-01
    endloop
  endfacet
  facet normal 1.177920e-01 2.663553e-01 -9.566504e-01
    outer loop
      vertex   -5.943966e+01 -7.325536e+00 6.096488e-01
      vertex   -6.016128e+01 -8.643324e+00 1.538907e-01
      vertex   -6.044346e+01 -6.881619e+00 6.096488e-01
    endloop
  endfacet
  facet normal 1.177920e-01 2.663553e-01 -9.566504e-01
    outer loop
      vertex   -6.044346e+01 -6.881619e+00 6.096488e-01
      vertex   -6.016128e+01 -8.643324e+00 1.538907e-01
      vertex   -6.093281e+01 -8.302127e+00 1.538907e-01
    endloop
  endfacet
  facet normal 7.124470e-02 2.823903e-01 -9.566504e-01
    outer loop
      vertex   -6.044346e+01 -6.881619e+00 6.096488e-01
      vertex   -6.093281e+01 -8.302127e+00 1.538907e-01
      vertex   -6.150769e+01 -6.613122e+00 6.096488e-01
    endloop
  endfacet
  facet normal 7.124470e-02 2.823903e-01 -9.566504e-01
    outer loop
      vertex   -6.150769e+01 -6.613122e+00 6.096488e-01
      vertex   -6.093281e+01 -8.302127e+00 1.538907e-01
      vertex   -6.175078e+01 -8.095759e+00 1.538907e-01
    endloop
  endfacet
  facet normal 2.266159e-02 2.903559e-01 -9.566504e-01
    outer loop
      vertex   -6.150769e+01 -6.613122e+00 6.096488e-01
      vertex   -6.175078e+01 -8.095759e+00 1.538907e-01
      vertex   -6.260194e+01 -6.527718e+00 6.096488e-01
    endloop
  endfacet
  facet normal 2.266159e-02 2.903559e-01 -9.566504e-01
    outer loop
      vertex   -6.260194e+01 -6.527718e+00 6.096488e-01
      vertex   -6.175078e+01 -8.095759e+00 1.538907e-01
      vertex   -6.259183e+01 -8.030118e+00 1.538907e-01
    endloop
  endfacet
  facet normal -2.656908e-02 2.900244e-01 -9.566504e-01
    outer loop
      vertex   -6.260194e+01 -6.527718e+00 6.096488e-01
      vertex   -6.259183e+01 -8.030118e+00 1.538907e-01
      vertex   -6.369494e+01 -6.627848e+00 6.096488e-01
    endloop
  endfacet
  facet normal -2.656908e-02 2.900244e-01 -9.566504e-01
    outer loop
      vertex   -6.369494e+01 -6.627848e+00 6.096488e-01
      vertex   -6.259183e+01 -8.030118e+00 1.538907e-01
      vertex   -6.343191e+01 -8.107078e+00 1.538907e-01
    endloop
  endfacet
  facet normal -7.504053e-02 2.814054e-01 -9.566504e-01
    outer loop
      vertex   -6.369494e+01 -6.627848e+00 6.096488e-01
      vertex   -6.343191e+01 -8.107078e+00 1.538907e-01
      vertex   -6.475546e+01 -6.910650e+00 6.096488e-01
    endloop
  endfacet
  facet normal -7.504053e-02 2.814054e-01 -9.566504e-01
    outer loop
      vertex   -6.475546e+01 -6.910650e+00 6.096488e-01
      vertex   -6.343191e+01 -8.107078e+00 1.538907e-01
      vertex   -6.424703e+01 -8.324440e+00 1.538907e-01
    endloop
  endfacet
  facet normal -1.213677e-01 2.647451e-01 -9.566504e-01
    outer loop
      vertex   -6.475546e+01 -6.910650e+00 6.096488e-01
      vertex   -6.424703e+01 -8.324440e+00 1.538907e-01
      vertex   -6.575320e+01 -7.368043e+00 6.096488e-01
    endloop
  endfacet
  facet normal -1.213677e-01 2.647451e-01 -9.566504e-01
    outer loop
      vertex   -6.575320e+01 -7.368043e+00 6.096488e-01
      vertex   -6.424703e+01 -8.324440e+00 1.538907e-01
      vertex   -6.501389e+01 -8.675995e+00 1.538907e-01
    endloop
  endfacet
  facet normal -1.642267e-01 2.405196e-01 -9.566504e-01
    outer loop
      vertex   -6.575320e+01 -7.368043e+00 6.096488e-01
      vertex   -6.501389e+01 -8.675995e+00 1.538907e-01
      vertex   -6.665963e+01 -7.986957e+00 6.096488e-01
    endloop
  endfacet
  facet normal -1.642267e-01 2.405196e-01 -9.566504e-01
    outer loop
      vertex   -6.665963e+01 -7.986957e+00 6.096488e-01
      vertex   -6.501389e+01 -8.675995e+00 1.538907e-01
      vertex   -6.571058e+01 -9.151694e+00 1.538907e-01
    endloop
  endfacet
  facet normal -2.023928e-01 2.094211e-01 -9.566504e-01
    outer loop
      vertex   -6.665963e+01 -7.986957e+00 6.096488e-01
      vertex   -6.571058e+01 -9.151694e+00 1.538907e-01
      vertex   -6.744887e+01 -8.749706e+00 6.096488e-01
    endloop
  endfacet
  facet normal -2.023928e-01 2.094211e-01 -9.566504e-01
    outer loop
      vertex   -6.744887e+01 -8.749706e+00 6.096488e-01
      vertex   -6.571058e+01 -9.151694e+00 1.538907e-01
      vertex   -6.631719e+01 -9.737946e+00 1.538907e-01
    endloop
  endfacet
  facet normal -2.347755e-01 1.723384e-01 -9.566504e-01
    outer loop
      vertex   -6.744887e+01 -8.749706e+00 6.096488e-01
      vertex   -6.631719e+01 -9.737946e+00 1.538907e-01
      vertex   -6.809835e+01 -9.634494e+00 6.096488e-01
    endloop
  endfacet
  facet normal -2.347755e-01 1.723384e-01 -9.566504e-01
    outer loop
      vertex   -6.809835e+01 -9.634494e+00 6.096488e-01
      vertex   -6.631719e+01 -9.737946e+00 1.538907e-01
      vertex   -6.681639e+01 -1.041800e+01 1.538907e-01
    endloop
  endfacet
  facet normal 8.736595e-02 4.519967e-02 -9.951503e-01
    outer loop
      vertex   -5.794785e+01 -1.111017e+01 1.538907e-01
      vertex   -5.939132e+01 -1.170827e+01 0.000000e+00
      vertex   -5.833549e+01 -1.036090e+01 1.538907e-01
    endloop
  endfacet
  facet normal 8.453919e-02 4.743080e-02 -9.952906e-01
    outer loop
      vertex   -5.833549e+01 -1.036090e+01 1.538907e-01
      vertex   -5.939132e+01 -1.170827e+01 0.000000e+00
      vertex   -5.978782e+01 -1.100156e+01 0.000000e+00
    endloop
  endfacet
  facet normal 7.909680e-02 5.971688e-02 -9.950767e-01
    outer loop
      vertex   -5.833549e+01 -1.036090e+01 1.538907e-01
      vertex   -5.978782e+01 -1.100156e+01 0.000000e+00
      vertex   -5.884380e+01 -9.687630e+00 1.538907e-01
    endloop
  endfacet
  facet normal 7.078997e-02 6.571410e-02 -9.953243e-01
    outer loop
      vertex   -5.884380e+01 -9.687630e+00 1.538907e-01
      vertex   -5.978782e+01 -1.100156e+01 0.000000e+00
      vertex   -6.033913e+01 -1.040767e+01 0.000000e+00
    endloop
  endfacet
  facet normal 6.773765e-02 7.200535e-02 -9.951014e-01
    outer loop
      vertex   -5.884380e+01 -9.687630e+00 1.538907e-01
      vertex   -6.033913e+01 -1.040767e+01 0.000000e+00
      vertex   -5.945825e+01 -9.109599e+00 1.538907e-01
    endloop
  endfacet
  facet normal 5.396485e-02 8.136604e-02 -9.952223e-01
    outer loop
      vertex   -5.945825e+01 -9.109599e+00 1.538907e-01
      vertex   -6.033913e+01 -1.040767e+01 0.000000e+00
      vertex   -6.101444e+01 -9.959778e+00 0.000000e+00
    endloop
  endfacet
  facet normal 5.396485e-02 8.136604e-02 -9.952223e-01
    outer loop
      vertex   -5.945825e+01 -9.109599e+00 1.538907e-01
      vertex   -6.101444e+01 -9.959778e+00 0.000000e+00
      vertex   -6.016128e+01 -8.643324e+00 1.538907e-01
    endloop
  endfacet
  facet normal 3.998378e-02 9.041270e-02 -9.951014e-01
    outer loop
      vertex   -6.016128e+01 -8.643324e+00 1.538907e-01
      vertex   -6.101444e+01 -9.959778e+00 0.000000e+00
      vertex   -6.093281e+01 -8.302127e+00 1.538907e-01
    endloop
  endfacet
  facet normal 3.300068e-02 9.077730e-02 -9.953243e-01
    outer loop
      vertex   -6.101444e+01 -9.959778e+00 0.000000e+00
      vertex   -6.177602e+01 -9.682919e+00 0.000000e+00
      vertex   -6.093281e+01 -8.302127e+00 1.538907e-01
    endloop
  endfacet
  facet normal 2.424444e-02 9.609691e-02 -9.950767e-01
    outer loop
      vertex   -6.093281e+01 -8.302127e+00 1.538907e-01
      vertex   -6.177602e+01 -9.682919e+00 0.000000e+00
      vertex   -6.175078e+01 -8.095759e+00 1.538907e-01
    endloop
  endfacet
  facet normal 1.080895e-02 9.633131e-02 -9.952906e-01
    outer loop
      vertex   -6.177602e+01 -9.682919e+00 0.000000e+00
      vertex   -6.258131e+01 -9.592561e+00 0.000000e+00
      vertex   -6.175078e+01 -8.095759e+00 1.538907e-01
    endloop
  endfacet
  facet normal 7.653938e-03 9.806751e-02 -9.951503e-01
    outer loop
      vertex   -6.175078e+01 -8.095759e+00 1.538907e-01
      vertex   -6.258131e+01 -9.592561e+00 0.000000e+00
      vertex   -6.259183e+01 -8.030118e+00 1.538907e-01
    endloop
  endfacet
  facet normal -8.973690e-03 9.795556e-02 -9.951503e-01
    outer loop
      vertex   -6.259183e+01 -8.030118e+00 1.538907e-01
      vertex   -6.258131e+01 -9.592561e+00 0.000000e+00
      vertex   -6.343191e+01 -8.107078e+00 1.538907e-01
    endloop
  endfacet
  facet normal -1.210504e-02 9.617704e-02 -9.952906e-01
    outer loop
      vertex   -6.343191e+01 -8.107078e+00 1.538907e-01
      vertex   -6.258131e+01 -9.592561e+00 0.000000e+00
      vertex   -6.338530e+01 -9.693753e+00 0.000000e+00
    endloop
  endfacet
  facet normal -2.553616e-02 9.576175e-02 -9.950767e-01
    outer loop
      vertex   -6.343191e+01 -8.107078e+00 1.538907e-01
      vertex   -6.338530e+01 -9.693753e+00 0.000000e+00
      vertex   -6.424703e+01 -8.324440e+00 1.538907e-01
    endloop
  endfacet
  facet normal -3.421998e-02 9.032473e-02 -9.953243e-01
    outer loop
      vertex   -6.424703e+01 -8.324440e+00 1.538907e-01
      vertex   -6.338530e+01 -9.693753e+00 0.000000e+00
      vertex   -6.414308e+01 -9.980842e+00 0.000000e+00
    endloop
  endfacet
  facet normal -4.119753e-02 8.986614e-02 -9.951014e-01
    outer loop
      vertex   -6.424703e+01 -8.324440e+00 1.538907e-01
      vertex   -6.414308e+01 -9.980842e+00 0.000000e+00
      vertex   -6.501389e+01 -8.675995e+00 1.538907e-01
    endloop
  endfacet
  facet normal -5.505553e-02 8.063204e-02 -9.952223e-01
    outer loop
      vertex   -6.501389e+01 -8.675995e+00 1.538907e-01
      vertex   -6.414308e+01 -9.980842e+00 0.000000e+00
      vertex   -6.481230e+01 -1.043778e+01 0.000000e+00
    endloop
  endfacet
  facet normal -5.505553e-02 8.063204e-02 -9.952223e-01
    outer loop
      vertex   -6.501389e+01 -8.675995e+00 1.538907e-01
      vertex   -6.481230e+01 -1.043778e+01 0.000000e+00
      vertex   -6.571058e+01 -9.151694e+00 1.538907e-01
    endloop
  endfacet
  facet normal -6.870104e-02 7.108676e-02 -9.951014e-01
    outer loop
      vertex   -6.571058e+01 -9.151694e+00 1.538907e-01
      vertex   -6.481230e+01 -1.043778e+01 0.000000e+00
      vertex   -6.631719e+01 -9.737946e+00 1.538907e-01
    endloop
  endfacet
  facet normal -7.166838e-02 6.475498e-02 -9.953243e-01
    outer loop
      vertex   -6.481230e+01 -1.043778e+01 0.000000e+00
      vertex   -6.535556e+01 -1.103905e+01 0.000000e+00
      vertex   -6.631719e+01 -9.737946e+00 1.538907e-01
    endloop
  endfacet
  facet normal -7.989369e-02 5.864645e-02 -9.950767e-01
    outer loop
      vertex   -6.631719e+01 -9.737946e+00 1.538907e-01
      vertex   -6.535556e+01 -1.103905e+01 0.000000e+00
      vertex   -6.681639e+01 -1.041800e+01 1.538907e-01
    endloop
  endfacet
  facet normal -9.104860e-02 3.629755e-02 -9.951847e-01
    outer loop
      vertex   -6.574251e+01 -1.175103e+01 0.000000e+00
      vertex   -7.741616e+01 -4.103316e+01 0.000000e+00
      vertex   -6.719391e+01 -1.117242e+01 1.538907e-01
    endloop
  endfacet
  facet normal -9.104860e-02 3.629755e-02 -9.951847e-01
    outer loop
      vertex   -6.719391e+01 -1.117242e+01 1.538907e-01
      vertex   -7.741616e+01 -4.103316e+01 0.000000e+00
      vertex   -7.886756e+01 -4.045454e+01 1.538907e-01
    endloop
  endfacet
  facet normal -2.696469e-01 1.074978e-01 -9.569403e-01
    outer loop
      vertex   -6.719391e+01 -1.117242e+01 1.538907e-01
      vertex   -7.886756e+01 -4.045454e+01 1.538907e-01
      vertex   -6.858952e+01 -1.061604e+01 6.096488e-01
    endloop
  endfacet
  facet normal -2.696469e-01 1.074978e-01 -9.569403e-01
    outer loop
      vertex   -6.858952e+01 -1.061604e+01 6.096488e-01
      vertex   -7.886756e+01 -4.045454e+01 1.538907e-01
      vertex   -8.026318e+01 -3.989816e+01 6.096488e-01
    endloop
  endfacet
  facet normal -4.378827e-01 1.745669e-01 -8.819213e-01
    outer loop
      vertex   -6.858952e+01 -1.061604e+01 6.096488e-01
      vertex   -8.026318e+01 -3.989816e+01 6.096488e-01
      vertex   -6.987573e+01 -1.010328e+01 1.349760e+00
    endloop
  endfacet
  facet normal -4.378827e-01 1.745669e-01 -8.819213e-01
    outer loop
      vertex   -6.987573e+01 -1.010328e+01 1.349760e+00
      vertex   -8.026318e+01 -3.989816e+01 6.096488e-01
      vertex   -8.154938e+01 -3.938540e+01 1.349760e+00
    endloop
  endfacet
  facet normal -5.892910e-01 2.349275e-01 -7.730105e-01
    outer loop
      vertex   -6.987573e+01 -1.010328e+01 1.349760e+00
      vertex   -8.154938e+01 -3.938540e+01 1.349760e+00
      vertex   -7.100310e+01 -9.653837e+00 2.345782e+00
    endloop
  endfacet
  facet normal -5.892910e-01 2.349275e-01 -7.730105e-01
    outer loop
      vertex   -7.100310e+01 -9.653837e+00 2.345782e+00
      vertex   -8.154938e+01 -3.938540e+01 1.349760e+00
      vertex   -8.267675e+01 -3.893596e+01 2.345782e+00
    endloop
  endfacet
  facet normal -7.180532e-01 2.862600e-01 -6.343933e-01
    outer loop
      vertex   -7.100310e+01 -9.653837e+00 2.345782e+00
      vertex   -8.267675e+01 -3.893596e+01 2.345782e+00
      vertex   -7.192831e+01 -9.284992e+00 3.559438e+00
    endloop
  endfacet
  facet normal -7.180532e-01 2.862600e-01 -6.343933e-01
    outer loop
      vertex   -7.192831e+01 -9.284992e+00 3.559438e+00
      vertex   -8.267675e+01 -3.893596e+01 2.345782e+00
      vertex   -8.360196e+01 -3.856712e+01 3.559438e+00
    endloop
  endfacet
  facet normal -8.192210e-01 3.265917e-01 -4.713967e-01
    outer loop
      vertex   -7.192831e+01 -9.284992e+00 3.559438e+00
      vertex   -8.360196e+01 -3.856712e+01 3.559438e+00
      vertex   -7.261581e+01 -9.010915e+00 4.944088e+00
    endloop
  endfacet
  facet normal -8.192210e-01 3.265917e-01 -4.713967e-01
    outer loop
      vertex   -7.261581e+01 -9.010915e+00 4.944088e+00
      vertex   -8.360196e+01 -3.856712e+01 3.559438e+00
      vertex   -8.428946e+01 -3.829304e+01 4.944088e+00
    endloop
  endfacet
  facet normal -8.889065e-01 3.543726e-01 -2.902847e-01
    outer loop
      vertex   -7.261581e+01 -9.010915e+00 4.944088e+00
      vertex   -8.428946e+01 -3.829304e+01 4.944088e+00
      vertex   -7.303916e+01 -8.842140e+00 6.446522e+00
    endloop
  endfacet
  facet normal -8.889065e-01 3.543726e-01 -2.902847e-01
    outer loop
      vertex   -7.303916e+01 -8.842140e+00 6.446522e+00
      vertex   -8.428946e+01 -3.829304e+01 4.944088e+00
      vertex   -8.471281e+01 -3.812427e+01 6.446522e+00
    endloop
  endfacet
  facet normal -9.244319e-01 3.685352e-01 -9.801714e-02
    outer loop
      vertex   -7.303916e+01 -8.842140e+00 6.446522e+00
      vertex   -8.471281e+01 -3.812427e+01 6.446522e+00
      vertex   -7.318211e+01 -8.785151e+00 8.009000e+00
    endloop
  endfacet
  facet normal -9.244319e-01 3.685352e-01 -9.801714e-02
    outer loop
      vertex   -7.318211e+01 -8.785151e+00 8.009000e+00
      vertex   -8.471281e+01 -3.812427e+01 6.446522e+00
      vertex   -8.485576e+01 -3.806728e+01 8.009000e+00
    endloop
  endfacet
  facet normal -9.661892e-02 3.667015e-03 -9.953147e-01
    outer loop
      vertex   -8.120153e+01 -5.737582e+01 0.000000e+00
      vertex   -8.136116e+01 -6.158176e+01 0.000000e+00
      vertex   -8.280965e+01 -5.797706e+01 1.538907e-01
    endloop
  endfacet
  facet normal -9.801667e-02 3.099599e-03 -9.951799e-01
    outer loop
      vertex   -8.280965e+01 -5.797706e+01 1.538907e-01
      vertex   -8.136116e+01 -6.158176e+01 0.000000e+00
      vertex   -8.292364e+01 -6.158176e+01 1.538907e-01
    endloop
  endfacet
  facet normal -2.902724e-01 9.179339e-03 -9.569000e-01
    outer loop
      vertex   -8.280965e+01 -5.797706e+01 1.538907e-01
      vertex   -8.292364e+01 -6.158176e+01 1.538907e-01
      vertex   -8.442607e+01 -6.158176e+01 6.096488e-01
    endloop
  endfacet
  facet normal -2.902724e-01 9.179339e-03 -9.569000e-01
    outer loop
      vertex   -8.280965e+01 -5.797706e+01 1.538907e-01
      vertex   -8.442607e+01 -6.158176e+01 6.096488e-01
      vertex   -8.430908e+01 -5.788213e+01 6.096488e-01
    endloop
  endfacet
  facet normal -4.713444e-01 1.490541e-02 -8.818233e-01
    outer loop
      vertex   -8.430908e+01 -5.788213e+01 6.096488e-01
      vertex   -8.442607e+01 -6.158176e+01 6.096488e-01
      vertex   -8.581072e+01 -6.158176e+01 1.349760e+00
    endloop
  endfacet
  facet normal -4.713444e-01 1.490541e-02 -8.818233e-01
    outer loop
      vertex   -8.430908e+01 -5.788213e+01 6.096488e-01
      vertex   -8.581072e+01 -6.158176e+01 1.349760e+00
      vertex   -8.569096e+01 -5.779465e+01 1.349760e+00
    endloop
  endfacet
  facet normal -6.342657e-01 2.005750e-02 -7.728549e-01
    outer loop
      vertex   -8.569096e+01 -5.779465e+01 1.349760e+00
      vertex   -8.581072e+01 -6.158176e+01 1.349760e+00
      vertex   -8.702438e+01 -6.158176e+01 2.345782e+00
    endloop
  endfacet
  facet normal -6.342657e-01 2.005750e-02 -7.728549e-01
    outer loop
      vertex   -8.569096e+01 -5.779465e+01 1.349760e+00
      vertex   -8.702438e+01 -6.158176e+01 2.345782e+00
      vertex   -8.690219e+01 -5.771797e+01 2.345782e+00
    endloop
  endfacet
  facet normal -7.727796e-01 2.443775e-02 -6.342038e-01
    outer loop
      vertex   -8.690219e+01 -5.771797e+01 2.345782e+00
      vertex   -8.702438e+01 -6.158176e+01 2.345782e+00
      vertex   -8.802040e+01 -6.158176e+01 3.559438e+00
    endloop
  endfacet
  facet normal -7.727796e-01 2.443775e-02 -6.342038e-01
    outer loop
      vertex   -8.690219e+01 -5.771797e+01 2.345782e+00
      vertex   -8.802040e+01 -6.158176e+01 3.559438e+00
      vertex   -8.789623e+01 -5.765503e+01 3.559438e+00
    endloop
  endfacet
  facet normal -8.815785e-01 2.787832e-02 -4.712135e-01
    outer loop
      vertex   -8.789623e+01 -5.765503e+01 3.559438e+00
      vertex   -8.802040e+01 -6.158176e+01 3.559438e+00
      vertex   -8.876051e+01 -6.158176e+01 4.944088e+00
    endloop
  endfacet
  facet normal -8.815785e-01 2.787832e-02 -4.712135e-01
    outer loop
      vertex   -8.789623e+01 -5.765503e+01 3.559438e+00
      vertex   -8.876051e+01 -6.158176e+01 4.944088e+00
      vertex   -8.863486e+01 -5.760827e+01 4.944088e+00
    endloop
  endfacet
  facet normal -9.565025e-01 3.024765e-02 -2.901519e-01
    outer loop
      vertex   -8.863486e+01 -5.760827e+01 4.944088e+00
      vertex   -8.876051e+01 -6.158176e+01 4.944088e+00
      vertex   -8.921627e+01 -6.158176e+01 6.446522e+00
    endloop
  endfacet
  facet normal -9.565025e-01 3.024765e-02 -2.901519e-01
    outer loop
      vertex   -8.863486e+01 -5.760827e+01 4.944088e+00
      vertex   -8.921627e+01 -6.158176e+01 6.446522e+00
      vertex   -8.908971e+01 -5.757947e+01 6.446522e+00
    endloop
  endfacet
  facet normal -9.946923e-01 3.145534e-02 -9.796864e-02
    outer loop
      vertex   -8.908971e+01 -5.757947e+01 6.446522e+00
      vertex   -8.921627e+01 -6.158176e+01 6.446522e+00
      vertex   -8.937016e+01 -6.158176e+01 8.009000e+00
    endloop
  endfacet
  facet normal -9.946923e-01 3.145534e-02 -9.796864e-02
    outer loop
      vertex   -8.908971e+01 -5.757947e+01 6.446522e+00
      vertex   -8.937016e+01 -6.158176e+01 8.009000e+00
      vertex   -8.924329e+01 -5.756975e+01 8.009000e+00
    endloop
  endfacet
  facet normal -9.907174e-01 9.424031e-02 -9.796864e-02
    outer loop
      vertex   -8.908971e+01 -5.757947e+01 6.446522e+00
      vertex   -8.924329e+01 -5.756975e+01 8.009000e+00
      vertex   -8.871052e+01 -5.359319e+01 6.446522e+00
    endloop
  endfacet
  facet normal -9.907174e-01 9.424031e-02 -9.796864e-02
    outer loop
      vertex   -8.871052e+01 -5.359319e+01 6.446522e+00
      vertex   -8.924329e+01 -5.756975e+01 8.009000e+00
      vertex   -8.886318e+01 -5.357378e+01 8.009000e+00
    endloop
  endfacet
  facet normal -9.827835e-01 1.566487e-01 -9.796864e-02
    outer loop
      vertex   -8.871052e+01 -5.359319e+01 6.446522e+00
      vertex   -8.886318e+01 -5.357378e+01 8.009000e+00
      vertex   -8.808022e+01 -4.963882e+01 6.446522e+00
    endloop
  endfacet
  facet normal -9.827835e-01 1.566487e-01 -9.796864e-02
    outer loop
      vertex   -8.808022e+01 -4.963882e+01 6.446522e+00
      vertex   -8.886318e+01 -5.357378e+01 8.009000e+00
      vertex   -8.823135e+01 -4.960981e+01 8.009000e+00
    endloop
  endfacet
  facet normal -9.709222e-01 2.184311e-01 -9.796864e-02
    outer loop
      vertex   -8.808022e+01 -4.963882e+01 6.446522e+00
      vertex   -8.823135e+01 -4.960981e+01 8.009000e+00
      vertex   -8.720133e+01 -4.573218e+01 6.446522e+00
    endloop
  endfacet
  facet normal -9.709222e-01 2.184311e-01 -9.796864e-02
    outer loop
      vertex   -8.720133e+01 -4.573218e+01 6.446522e+00
      vertex   -8.823135e+01 -4.960981e+01 8.009000e+00
      vertex   -8.735033e+01 -4.569367e+01 8.009000e+00
    endloop
  endfacet
  facet normal -9.551811e-01 2.793406e-01 -9.796864e-02
    outer loop
      vertex   -8.720133e+01 -4.573218e+01 6.446522e+00
      vertex   -8.735033e+01 -4.569367e+01 8.009000e+00
      vertex   -8.607737e+01 -4.188888e+01 6.446522e+00
    endloop
  endfacet
  facet normal -9.551811e-01 2.793406e-01 -9.796864e-02
    outer loop
      vertex   -8.607737e+01 -4.188888e+01 6.446522e+00
      vertex   -8.735033e+01 -4.569367e+01 8.009000e+00
      vertex   -8.622363e+01 -4.184103e+01 8.009000e+00
    endloop
  endfacet
  facet normal -9.356230e-01 3.391339e-01 -9.796864e-02
    outer loop
      vertex   -8.607737e+01 -4.188888e+01 6.446522e+00
      vertex   -8.622363e+01 -4.184103e+01 8.009000e+00
      vertex   -8.471281e+01 -3.812427e+01 6.446522e+00
    endloop
  endfacet
  facet normal -9.356230e-01 3.391339e-01 -9.796864e-02
    outer loop
      vertex   -8.471281e+01 -3.812427e+01 6.446522e+00
      vertex   -8.622363e+01 -4.184103e+01 8.009000e+00
      vertex   -8.485576e+01 -3.806728e+01 8.009000e+00
    endloop
  endfacet
  facet normal -8.997011e-01 3.261133e-01 -2.901519e-01
    outer loop
      vertex   -8.471281e+01 -3.812427e+01 6.446522e+00
      vertex   -8.428946e+01 -3.829304e+01 4.944088e+00
      vertex   -8.607737e+01 -4.188888e+01 6.446522e+00
    endloop
  endfacet
  facet normal -8.997011e-01 3.261133e-01 -2.901519e-01
    outer loop
      vertex   -8.607737e+01 -4.188888e+01 6.446522e+00
      vertex   -8.428946e+01 -3.829304e+01 4.944088e+00
      vertex   -8.564419e+01 -4.203056e+01 4.944088e+00
    endloop
  endfacet
  facet normal -9.185083e-01 2.686157e-01 -2.901519e-01
    outer loop
      vertex   -8.607737e+01 -4.188888e+01 6.446522e+00
      vertex   -8.564419e+01 -4.203056e+01 4.944088e+00
      vertex   -8.720133e+01 -4.573218e+01 6.446522e+00
    endloop
  endfacet
  facet normal -9.185083e-01 2.686157e-01 -2.901519e-01
    outer loop
      vertex   -8.720133e+01 -4.573218e+01 6.446522e+00
      vertex   -8.564419e+01 -4.203056e+01 4.944088e+00
      vertex   -8.676007e+01 -4.584622e+01 4.944088e+00
    endloop
  endfacet
  facet normal -9.336451e-01 2.100447e-01 -2.901519e-01
    outer loop
      vertex   -8.720133e+01 -4.573218e+01 6.446522e+00
      vertex   -8.676007e+01 -4.584622e+01 4.944088e+00
      vertex   -8.808022e+01 -4.963882e+01 6.446522e+00
    endloop
  endfacet
  facet normal -9.336451e-01 2.100447e-01 -2.901519e-01
    outer loop
      vertex   -8.808022e+01 -4.963882e+01 6.446522e+00
      vertex   -8.676007e+01 -4.584622e+01 4.944088e+00
      vertex   -8.763263e+01 -4.972475e+01 4.944088e+00
    endloop
  endfacet
  facet normal -9.450509e-01 1.506344e-01 -2.901519e-01
    outer loop
      vertex   -8.808022e+01 -4.963882e+01 6.446522e+00
      vertex   -8.763263e+01 -4.972475e+01 4.944088e+00
      vertex   -8.871052e+01 -5.359319e+01 6.446522e+00
    endloop
  endfacet
  facet normal -9.450509e-01 1.506344e-01 -2.901519e-01
    outer loop
      vertex   -8.871052e+01 -5.359319e+01 6.446522e+00
      vertex   -8.763263e+01 -4.972475e+01 4.944088e+00
      vertex   -8.825840e+01 -5.365066e+01 4.944088e+00
    endloop
  endfacet
  facet normal -9.526802e-01 9.062209e-02 -2.901519e-01
    outer loop
      vertex   -8.871052e+01 -5.359319e+01 6.446522e+00
      vertex   -8.825840e+01 -5.365066e+01 4.944088e+00
      vertex   -8.908971e+01 -5.757947e+01 6.446522e+00
    endloop
  endfacet
  facet normal -9.526802e-01 9.062209e-02 -2.901519e-01
    outer loop
      vertex   -8.908971e+01 -5.757947e+01 6.446522e+00
      vertex   -8.825840e+01 -5.365066e+01 4.944088e+00
      vertex   -8.863486e+01 -5.760827e+01 4.944088e+00
    endloop
  endfacet
  facet normal -8.292264e-01 3.005685e-01 -4.712135e-01
    outer loop
      vertex   -8.428946e+01 -3.829304e+01 4.944088e+00
      vertex   -8.360196e+01 -3.856712e+01 3.559438e+00
      vertex   -8.564419e+01 -4.203056e+01 4.944088e+00
    endloop
  endfacet
  facet normal -8.292264e-01 3.005685e-01 -4.712135e-01
    outer loop
      vertex   -8.564419e+01 -4.203056e+01 4.944088e+00
      vertex   -8.360196e+01 -3.856712e+01 3.559438e+00
      vertex   -8.494076e+01 -4.226066e+01 3.559438e+00
    endloop
  endfacet
  facet normal -8.465604e-01 2.475747e-01 -4.712135e-01
    outer loop
      vertex   -8.564419e+01 -4.203056e+01 4.944088e+00
      vertex   -8.494076e+01 -4.226066e+01 3.559438e+00
      vertex   -8.676007e+01 -4.584622e+01 4.944088e+00
    endloop
  endfacet
  facet normal -8.465604e-01 2.475747e-01 -4.712135e-01
    outer loop
      vertex   -8.676007e+01 -4.584622e+01 4.944088e+00
      vertex   -8.494076e+01 -4.226066e+01 3.559438e+00
      vertex   -8.604350e+01 -4.603140e+01 3.559438e+00
    endloop
  endfacet
  facet normal -8.605115e-01 1.935917e-01 -4.712135e-01
    outer loop
      vertex   -8.676007e+01 -4.584622e+01 4.944088e+00
      vertex   -8.604350e+01 -4.603140e+01 3.559438e+00
      vertex   -8.763263e+01 -4.972475e+01 4.944088e+00
    endloop
  endfacet
  facet normal -8.605115e-01 1.935917e-01 -4.712135e-01
    outer loop
      vertex   -8.763263e+01 -4.972475e+01 4.944088e+00
      vertex   -8.604350e+01 -4.603140e+01 3.559438e+00
      vertex   -8.690580e+01 -4.986429e+01 3.559438e+00
    endloop
  endfacet
  facet normal -8.710239e-01 1.388350e-01 -4.712135e-01
    outer loop
      vertex   -8.763263e+01 -4.972475e+01 4.944088e+00
      vertex   -8.690580e+01 -4.986429e+01 3.559438e+00
      vertex   -8.825840e+01 -5.365066e+01 4.944088e+00
    endloop
  endfacet
  facet normal -8.710239e-01 1.388350e-01 -4.712135e-01
    outer loop
      vertex   -8.825840e+01 -5.365066e+01 4.944088e+00
      vertex   -8.690580e+01 -4.986429e+01 3.559438e+00
      vertex   -8.752420e+01 -5.374400e+01 3.559438e+00
    endloop
  endfacet
  facet normal -8.780556e-01 8.352355e-02 -4.712135e-01
    outer loop
      vertex   -8.825840e+01 -5.365066e+01 4.944088e+00
      vertex   -8.752420e+01 -5.374400e+01 3.559438e+00
      vertex   -8.863486e+01 -5.760827e+01 4.944088e+00
    endloop
  endfacet
  facet normal -8.780556e-01 8.352355e-02 -4.712135e-01
    outer loop
      vertex   -8.863486e+01 -5.760827e+01 4.944088e+00
      vertex   -8.752420e+01 -5.374400e+01 3.559438e+00
      vertex   -8.789623e+01 -5.765503e+01 3.559438e+00
    endloop
  endfacet
  facet normal -7.268885e-01 2.634742e-01 -6.342038e-01
    outer loop
      vertex   -8.360196e+01 -3.856712e+01 3.559438e+00
      vertex   -8.267675e+01 -3.893596e+01 2.345782e+00
      vertex   -8.494076e+01 -4.226066e+01 3.559438e+00
    endloop
  endfacet
  facet normal -7.268885e-01 2.634742e-01 -6.342038e-01
    outer loop
      vertex   -8.494076e+01 -4.226066e+01 3.559438e+00
      vertex   -8.267675e+01 -3.893596e+01 2.345782e+00
      vertex   -8.399409e+01 -4.257031e+01 2.345782e+00
    endloop
  endfacet
  facet normal -7.420833e-01 2.170206e-01 -6.342038e-01
    outer loop
      vertex   -8.494076e+01 -4.226066e+01 3.559438e+00
      vertex   -8.399409e+01 -4.257031e+01 2.345782e+00
      vertex   -8.604350e+01 -4.603140e+01 3.559438e+00
    endloop
  endfacet
  facet normal -7.420833e-01 2.170206e-01 -6.342038e-01
    outer loop
      vertex   -8.604350e+01 -4.603140e+01 3.559438e+00
      vertex   -8.399409e+01 -4.257031e+01 2.345782e+00
      vertex   -8.507916e+01 -4.628062e+01 2.345782e+00
    endloop
  endfacet
  facet normal -7.543126e-01 1.696998e-01 -6.342038e-01
    outer loop
      vertex   -8.604350e+01 -4.603140e+01 3.559438e+00
      vertex   -8.507916e+01 -4.628062e+01 2.345782e+00
      vertex   -8.690580e+01 -4.986429e+01 3.559438e+00
    endloop
  endfacet
  facet normal -7.543126e-01 1.696998e-01 -6.342038e-01
    outer loop
      vertex   -8.690580e+01 -4.986429e+01 3.559438e+00
      vertex   -8.507916e+01 -4.628062e+01 2.345782e+00
      vertex   -8.592764e+01 -5.005208e+01 2.345782e+00
    endloop
  endfacet
  facet normal -7.635276e-01 1.217009e-01 -6.342038e-01
    outer loop
      vertex   -8.690580e+01 -4.986429e+01 3.559438e+00
      vertex   -8.592764e+01 -5.005208e+01 2.345782e+00
      vertex   -8.752420e+01 -5.374400e+01 3.559438e+00
    endloop
  endfacet
  facet normal -7.635276e-01 1.217009e-01 -6.342038e-01
    outer loop
      vertex   -8.752420e+01 -5.374400e+01 3.559438e+00
      vertex   -8.592764e+01 -5.005208e+01 2.345782e+00
      vertex   -8.653613e+01 -5.386961e+01 2.345782e+00
    endloop
  endfacet
  facet normal -7.696915e-01 7.321560e-02 -6.342038e-01
    outer loop
      vertex   -8.752420e+01 -5.374400e+01 3.559438e+00
      vertex   -8.653613e+01 -5.386961e+01 2.345782e+00
      vertex   -8.789623e+01 -5.765503e+01 3.559438e+00
    endloop
  endfacet
  facet normal -7.696915e-01 7.321560e-02 -6.342038e-01
    outer loop
      vertex   -8.789623e+01 -5.765503e+01 3.559438e+00
      vertex   -8.653613e+01 -5.386961e+01 2.345782e+00
      vertex   -8.690219e+01 -5.771797e+01 2.345782e+00
    endloop
  endfacet
  facet normal -5.966001e-01 2.162488e-01 -7.728549e-01
    outer loop
      vertex   -8.267675e+01 -3.893596e+01 2.345782e+00
      vertex   -8.154938e+01 -3.938540e+01 1.349760e+00
      vertex   -8.399409e+01 -4.257031e+01 2.345782e+00
    endloop
  endfacet
  facet normal -5.966001e-01 2.162488e-01 -7.728549e-01
    outer loop
      vertex   -8.399409e+01 -4.257031e+01 2.345782e+00
      vertex   -8.154938e+01 -3.938540e+01 1.349760e+00
      vertex   -8.284057e+01 -4.294762e+01 1.349760e+00
    endloop
  endfacet
  facet normal -6.090714e-01 1.781216e-01 -7.728549e-01
    outer loop
      vertex   -8.399409e+01 -4.257031e+01 2.345782e+00
      vertex   -8.284057e+01 -4.294762e+01 1.349760e+00
      vertex   -8.507916e+01 -4.628062e+01 2.345782e+00
    endloop
  endfacet
  facet normal -6.090714e-01 1.781216e-01 -7.728549e-01
    outer loop
      vertex   -8.507916e+01 -4.628062e+01 2.345782e+00
      vertex   -8.284057e+01 -4.294762e+01 1.349760e+00
      vertex   -8.390411e+01 -4.658429e+01 1.349760e+00
    endloop
  endfacet
  facet normal -6.191087e-01 1.392826e-01 -7.728549e-01
    outer loop
      vertex   -8.507916e+01 -4.628062e+01 2.345782e+00
      vertex   -8.390411e+01 -4.658429e+01 1.349760e+00
      vertex   -8.592764e+01 -5.005208e+01 2.345782e+00
    endloop
  endfacet
  facet normal -6.191087e-01 1.392826e-01 -7.728549e-01
    outer loop
      vertex   -8.592764e+01 -5.005208e+01 2.345782e+00
      vertex   -8.390411e+01 -4.658429e+01 1.349760e+00
      vertex   -8.473575e+01 -5.028090e+01 1.349760e+00
    endloop
  endfacet
  facet normal -6.266720e-01 9.988706e-02 -7.728549e-01
    outer loop
      vertex   -8.592764e+01 -5.005208e+01 2.345782e+00
      vertex   -8.473575e+01 -5.028090e+01 1.349760e+00
      vertex   -8.653613e+01 -5.386961e+01 2.345782e+00
    endloop
  endfacet
  facet normal -6.266720e-01 9.988706e-02 -7.728549e-01
    outer loop
      vertex   -8.653613e+01 -5.386961e+01 2.345782e+00
      vertex   -8.473575e+01 -5.028090e+01 1.349760e+00
      vertex   -8.533216e+01 -5.402267e+01 1.349760e+00
    endloop
  endfacet
  facet normal -6.317311e-01 6.009235e-02 -7.728549e-01
    outer loop
      vertex   -8.653613e+01 -5.386961e+01 2.345782e+00
      vertex   -8.533216e+01 -5.402267e+01 1.349760e+00
      vertex   -8.690219e+01 -5.771797e+01 2.345782e+00
    endloop
  endfacet
  facet normal -6.317311e-01 6.009235e-02 -7.728549e-01
    outer loop
      vertex   -8.690219e+01 -5.771797e+01 2.345782e+00
      vertex   -8.533216e+01 -5.402267e+01 1.349760e+00
      vertex   -8.569096e+01 -5.779465e+01 1.349760e+00
    endloop
  endfacet
  facet normal -4.433538e-01 1.607018e-01 -8.818233e-01
    outer loop
      vertex   -8.154938e+01 -3.938540e+01 1.349760e+00
      vertex   -8.026318e+01 -3.989816e+01 6.096488e-01
      vertex   -8.284057e+01 -4.294762e+01 1.349760e+00
    endloop
  endfacet
  facet normal -4.433538e-01 1.607018e-01 -8.818233e-01
    outer loop
      vertex   -8.284057e+01 -4.294762e+01 1.349760e+00
      vertex   -8.026318e+01 -3.989816e+01 6.096488e-01
      vertex   -8.152454e+01 -4.337809e+01 6.096488e-01
    endloop
  endfacet
  facet normal -4.526216e-01 1.323682e-01 -8.818233e-01
    outer loop
      vertex   -8.284057e+01 -4.294762e+01 1.349760e+00
      vertex   -8.152454e+01 -4.337809e+01 6.096488e-01
      vertex   -8.390411e+01 -4.658429e+01 1.349760e+00
    endloop
  endfacet
  facet normal -4.526216e-01 1.323682e-01 -8.818233e-01
    outer loop
      vertex   -8.390411e+01 -4.658429e+01 1.349760e+00
      vertex   -8.152454e+01 -4.337809e+01 6.096488e-01
      vertex   -8.256351e+01 -4.693075e+01 6.096488e-01
    endloop
  endfacet
  facet normal -4.600807e-01 1.035056e-01 -8.818233e-01
    outer loop
      vertex   -8.390411e+01 -4.658429e+01 1.349760e+00
      vertex   -8.256351e+01 -4.693075e+01 6.096488e-01
      vertex   -8.473575e+01 -5.028090e+01 1.349760e+00
    endloop
  endfacet
  facet normal -4.600807e-01 1.035056e-01 -8.818233e-01
    outer loop
      vertex   -8.473575e+01 -5.028090e+01 1.349760e+00
      vertex   -8.256351e+01 -4.693075e+01 6.096488e-01
      vertex   -8.337593e+01 -5.054197e+01 6.096488e-01
    endloop
  endfacet
  facet normal -4.657013e-01 7.422947e-02 -8.818233e-01
    outer loop
      vertex   -8.473575e+01 -5.028090e+01 1.349760e+00
      vertex   -8.337593e+01 -5.054197e+01 6.096488e-01
      vertex   -8.533216e+01 -5.402267e+01 1.349760e+00
    endloop
  endfacet
  facet normal -4.657013e-01 7.422947e-02 -8.818233e-01
    outer loop
      vertex   -8.533216e+01 -5.402267e+01 1.349760e+00
      vertex   -8.337593e+01 -5.054197e+01 6.096488e-01
      vertex   -8.395857e+01 -5.419730e+01 6.096488e-01
    endloop
  endfacet
  facet normal -4.694608e-01 4.465667e-02 -8.818233e-01
    outer loop
      vertex   -8.533216e+01 -5.402267e+01 1.349760e+00
      vertex   -8.395857e+01 -5.419730e+01 6.096488e-01
      vertex   -8.569096e+01 -5.779465e+01 1.349760e+00
    endloop
  endfacet
  facet normal -4.694608e-01 4.465667e-02 -8.818233e-01
    outer loop
      vertex   -8.569096e+01 -5.779465e+01 1.349760e+00
      vertex   -8.395857e+01 -5.419730e+01 6.096488e-01
      vertex   -8.430908e+01 -5.788213e+01 6.096488e-01
    endloop
  endfacet
  facet normal -2.730348e-01 9.896650e-02 -9.569000e-01
    outer loop
      vertex   -8.026318e+01 -3.989816e+01 6.096488e-01
      vertex   -7.886756e+01 -4.045454e+01 1.538907e-01
      vertex   -8.152454e+01 -4.337809e+01 6.096488e-01
    endloop
  endfacet
  facet normal -2.730348e-01 9.896650e-02 -9.569000e-01
    outer loop
      vertex   -8.152454e+01 -4.337809e+01 6.096488e-01
      vertex   -7.886756e+01 -4.045454e+01 1.538907e-01
      vertex   -8.009655e+01 -4.384517e+01 1.538907e-01
    endloop
  endfacet
  facet normal -2.787422e-01 8.151756e-02 -9.569000e-01
    outer loop
      vertex   -8.152454e+01 -4.337809e+01 6.096488e-01
      vertex   -8.009655e+01 -4.384517e+01 1.538907e-01
      vertex   -8.256351e+01 -4.693075e+01 6.096488e-01
    endloop
  endfacet
  facet normal -2.787422e-01 8.151756e-02 -9.569000e-01
    outer loop
      vertex   -8.256351e+01 -4.693075e+01 6.096488e-01
      vertex   -8.009655e+01 -4.384517e+01 1.538907e-01
      vertex   -8.110887e+01 -4.730668e+01 1.538907e-01
    endloop
  endfacet
  facet normal -2.833358e-01 6.374286e-02 -9.569000e-01
    outer loop
      vertex   -8.256351e+01 -4.693075e+01 6.096488e-01
      vertex   -8.110887e+01 -4.730668e+01 1.538907e-01
      vertex   -8.337593e+01 -5.054197e+01 6.096488e-01
    endloop
  endfacet
  facet normal -2.833358e-01 6.374286e-02 -9.569000e-01
    outer loop
      vertex   -8.337593e+01 -5.054197e+01 6.096488e-01
      vertex   -8.110887e+01 -4.730668e+01 1.538907e-01
      vertex   -8.190044e+01 -5.082524e+01 1.538907e-01
    endloop
  endfacet
  facet normal -2.867972e-01 4.571343e-02 -9.569000e-01
    outer loop
      vertex   -8.337593e+01 -5.054197e+01 6.096488e-01
      vertex   -8.190044e+01 -5.082524e+01 1.538907e-01
      vertex   -8.395857e+01 -5.419730e+01 6.096488e-01
    endloop
  endfacet
  facet normal -2.867972e-01 4.571343e-02 -9.569000e-01
    outer loop
      vertex   -8.395857e+01 -5.419730e+01 6.096488e-01
      vertex   -8.190044e+01 -5.082524e+01 1.538907e-01
      vertex   -8.246813e+01 -5.438677e+01 1.538907e-01
    endloop
  endfacet
  facet normal -2.891125e-01 2.750134e-02 -9.569000e-01
    outer loop
      vertex   -8.395857e+01 -5.419730e+01 6.096488e-01
      vertex   -8.246813e+01 -5.438677e+01 1.538907e-01
      vertex   -8.430908e+01 -5.788213e+01 6.096488e-01
    endloop
  endfacet
  facet normal -2.891125e-01 2.750134e-02 -9.569000e-01
    outer loop
      vertex   -8.430908e+01 -5.788213e+01 6.096488e-01
      vertex   -8.246813e+01 -5.438677e+01 1.538907e-01
      vertex   -8.280965e+01 -5.797706e+01 1.538907e-01
    endloop
  endfacet
  facet normal -9.219600e-02 3.341815e-02 -9.951799e-01
    outer loop
      vertex   -7.886756e+01 -4.045454e+01 1.538907e-01
      vertex   -7.741616e+01 -4.103316e+01 0.000000e+00
      vertex   -8.009655e+01 -4.384517e+01 1.538907e-01
    endloop
  endfacet
  facet normal -9.110775e-02 3.237346e-02 -9.953147e-01
    outer loop
      vertex   -8.009655e+01 -4.384517e+01 1.538907e-01
      vertex   -7.741616e+01 -4.103316e+01 0.000000e+00
      vertex   -7.882542e+01 -4.499918e+01 0.000000e+00
    endloop
  endfacet
  facet normal -9.519434e-02 2.783937e-02 -9.950693e-01
    outer loop
      vertex   -8.009655e+01 -4.384517e+01 1.538907e-01
      vertex   -7.882542e+01 -4.499918e+01 0.000000e+00
      vertex   -8.110887e+01 -4.730668e+01 1.538907e-01
    endloop
  endfacet
  facet normal -9.250791e-02 2.515930e-02 -9.953940e-01
    outer loop
      vertex   -8.110887e+01 -4.730668e+01 1.538907e-01
      vertex   -7.882542e+01 -4.499918e+01 0.000000e+00
      vertex   -7.993000e+01 -4.906062e+01 0.000000e+00
    endloop
  endfacet
  facet normal -9.731682e-02 2.189364e-02 -9.950126e-01
    outer loop
      vertex   -8.110887e+01 -4.730668e+01 1.538907e-01
      vertex   -7.993000e+01 -4.906062e+01 0.000000e+00
      vertex   -8.190044e+01 -5.082524e+01 1.538907e-01
    endloop
  endfacet
  facet normal -9.388326e-02 1.802406e-02 -9.954200e-01
    outer loop
      vertex   -8.190044e+01 -5.082524e+01 1.538907e-01
      vertex   -7.993000e+01 -4.906062e+01 0.000000e+00
      vertex   -8.072356e+01 -5.319409e+01 0.000000e+00
    endloop
  endfacet
  facet normal -9.850569e-02 1.570111e-02 -9.950126e-01
    outer loop
      vertex   -8.190044e+01 -5.082524e+01 1.538907e-01
      vertex   -8.072356e+01 -5.319409e+01 0.000000e+00
      vertex   -8.246813e+01 -5.438677e+01 1.538907e-01
    endloop
  endfacet
  facet normal -9.524800e-02 1.088679e-02 -9.953940e-01
    outer loop
      vertex   -8.246813e+01 -5.438677e+01 1.538907e-01
      vertex   -8.072356e+01 -5.319409e+01 0.000000e+00
      vertex   -8.120153e+01 -5.737582e+01 0.000000e+00
    endloop
  endfacet
  facet normal -9.873591e-02 9.392087e-03 -9.950693e-01
    outer loop
      vertex   -8.246813e+01 -5.438677e+01 1.538907e-01
      vertex   -8.120153e+01 -5.737582e+01 0.000000e+00
      vertex   -8.280965e+01 -5.797706e+01 1.538907e-01
    endloop
  endfacet
  facet normal -9.801714e-02 -7.591515e-17 -9.951847e-01
    outer loop
      vertex   -8.292364e+01 -2.362310e+02 1.538907e-01
      vertex   -8.292364e+01 -2.071228e+02 1.538907e-01
      vertex   -8.136116e+01 -2.362310e+02 0.000000e+00
    endloop
  endfacet
  facet normal -9.801714e-02 0.000000e+00 -9.951847e-01
    outer loop
      vertex   -8.136116e+01 -2.362310e+02 0.000000e+00
      vertex   -8.292364e+01 -2.071228e+02 1.538907e-01
      vertex   -8.292364e+01 -1.780146e+02 1.538907e-01
    endloop
  endfacet
  facet normal -9.801714e-02 0.000000e+00 -9.951847e-01
    outer loop
      vertex   -8.136116e+01 -2.362310e+02 0.000000e+00
      vertex   -8.292364e+01 -1.780146e+02 1.538907e-01
      vertex   -8.292364e+01 -1.489064e+02 1.538907e-01
    endloop
  endfacet
  facet normal -2.902847e-01 -0.000000e+00 -9.569403e-01
    outer loop
      vertex   -8.292364e+01 -1.489064e+02 1.538907e-01
      vertex   -8.292364e+01 -1.780146e+02 1.538907e-01
      vertex   -8.442607e+01 -1.489064e+02 6.096488e-01
    endloop
  endfacet
  facet normal -2.902847e-01 0.000000e+00 -9.569403e-01
    outer loop
      vertex   -8.292364e+01 -1.489064e+02 1.538907e-01
      vertex   -8.442607e+01 -1.489064e+02 6.096488e-01
      vertex   -8.442607e+01 -1.197982e+02 6.096488e-01
    endloop
  endfacet
  facet normal -4.713967e-01 -0.000000e+00 -8.819213e-01
    outer loop
      vertex   -8.442607e+01 -1.197982e+02 6.096488e-01
      vertex   -8.442607e+01 -1.489064e+02 6.096488e-01
      vertex   -8.581072e+01 -1.197982e+02 1.349760e+00
    endloop
  endfacet
  facet normal -4.713967e-01 0.000000e+00 -8.819213e-01
    outer loop
      vertex   -8.442607e+01 -1.197982e+02 6.096488e-01
      vertex   -8.581072e+01 -1.197982e+02 1.349760e+00
      vertex   -8.581072e+01 -9.068996e+01 1.349760e+00
    endloop
  endfacet
  facet normal -6.343933e-01 -0.000000e+00 -7.730105e-01
    outer loop
      vertex   -8.581072e+01 -9.068996e+01 1.349760e+00
      vertex   -8.581072e+01 -1.197982e+02 1.349760e+00
      vertex   -8.702438e+01 -9.068996e+01 2.345782e+00
    endloop
  endfacet
  facet normal -6.343933e-01 4.858637e-17 -7.730105e-01
    outer loop
      vertex   -8.581072e+01 -9.068996e+01 1.349760e+00
      vertex   -8.702438e+01 -9.068996e+01 2.345782e+00
      vertex   -8.702438e+01 -6.158176e+01 2.345782e+00
    endloop
  endfacet
  facet normal -7.730105e-01 3.871447e-17 -6.343933e-01
    outer loop
      vertex   -8.702438e+01 -6.158176e+01 2.345782e+00
      vertex   -8.702438e+01 -9.068996e+01 2.345782e+00
      vertex   -8.802040e+01 -6.158176e+01 3.559438e+00
    endloop
  endfacet
  facet normal -7.730105e-01 -4.839309e-17 -6.343933e-01
    outer loop
      vertex   -8.802040e+01 -6.158176e+01 3.559438e+00
      vertex   -8.702438e+01 -9.068996e+01 2.345782e+00
      vertex   -8.802040e+01 -9.068996e+01 3.559438e+00
    endloop
  endfacet
  facet normal -8.819213e-01 -3.595931e-17 -4.713967e-01
    outer loop
      vertex   -8.802040e+01 -6.158176e+01 3.559438e+00
      vertex   -8.802040e+01 -9.068996e+01 3.559438e+00
      vertex   -8.876051e+01 -6.158176e+01 4.944088e+00
    endloop
  endfacet
  facet normal -8.819213e-01 -2.876745e-17 -4.713967e-01
    outer loop
      vertex   -8.876051e+01 -6.158176e+01 4.944088e+00
      vertex   -8.802040e+01 -9.068996e+01 3.559438e+00
      vertex   -8.876051e+01 -9.068996e+01 4.944088e+00
    endloop
  endfacet
  facet normal -9.569403e-01 -1.771491e-17 -2.902847e-01
    outer loop
      vertex   -8.876051e+01 -6.158176e+01 4.944088e+00
      vertex   -8.876051e+01 -9.068996e+01 4.944088e+00
      vertex   -8.921627e+01 -6.158176e+01 6.446522e+00
    endloop
  endfacet
  facet normal -9.569403e-01 8.857453e-18 -2.902847e-01
    outer loop
      vertex   -8.921627e+01 -6.158176e+01 6.446522e+00
      vertex   -8.876051e+01 -9.068996e+01 4.944088e+00
      vertex   -8.921627e+01 -9.068996e+01 6.446522e+00
    endloop
  endfacet
  facet normal -9.951847e-01 2.990796e-18 -9.801714e-02
    outer loop
      vertex   -8.921627e+01 -6.158176e+01 6.446522e+00
      vertex   -8.921627e+01 -9.068996e+01 6.446522e+00
      vertex   -8.937016e+01 -6.158176e+01 8.009000e+00
    endloop
  endfacet
  facet normal -9.951847e-01 -2.429318e-18 -9.801714e-02
    outer loop
      vertex   -8.937016e+01 -6.158176e+01 8.009000e+00
      vertex   -8.921627e+01 -9.068996e+01 6.446522e+00
      vertex   -8.921627e+01 -1.197982e+02 6.446522e+00
    endloop
  endfacet
  facet normal -9.951847e-01 -3.036648e-18 -9.801714e-02
    outer loop
      vertex   -8.937016e+01 -6.158176e+01 8.009000e+00
      vertex   -8.921627e+01 -1.197982e+02 6.446522e+00
      vertex   -8.921627e+01 -1.489064e+02 6.446522e+00
    endloop
  endfacet
  facet normal -9.569403e-01 -8.857453e-18 -2.902847e-01
    outer loop
      vertex   -8.921627e+01 -1.489064e+02 6.446522e+00
      vertex   -8.921627e+01 -1.197982e+02 6.446522e+00
      vertex   -8.876051e+01 -1.489064e+02 4.944088e+00
    endloop
  endfacet
  facet normal -9.569403e-01 0.000000e+00 -2.902847e-01
    outer loop
      vertex   -8.921627e+01 -1.489064e+02 6.446522e+00
      vertex   -8.876051e+01 -1.489064e+02 4.944088e+00
      vertex   -8.876051e+01 -1.780146e+02 4.944088e+00
    endloop
  endfacet
  facet normal -8.819213e-01 0.000000e+00 -4.713967e-01
    outer loop
      vertex   -8.876051e+01 -1.780146e+02 4.944088e+00
      vertex   -8.876051e+01 -1.489064e+02 4.944088e+00
      vertex   -8.802040e+01 -1.780146e+02 3.559438e+00
    endloop
  endfacet
  facet normal -8.819213e-01 0.000000e+00 -4.713967e-01
    outer loop
      vertex   -8.876051e+01 -1.780146e+02 4.944088e+00
      vertex   -8.802040e+01 -1.780146e+02 3.559438e+00
      vertex   -8.802040e+01 -2.071228e+02 3.559438e+00
    endloop
  endfacet
  facet normal -7.730105e-01 0.000000e+00 -6.343933e-01
    outer loop
      vertex   -8.802040e+01 -2.071228e+02 3.559438e+00
      vertex   -8.802040e+01 -1.780146e+02 3.559438e+00
      vertex   -8.702438e+01 -2.071228e+02 2.345782e+00
    endloop
  endfacet
  facet normal -7.730105e-01 -3.886910e-17 -6.343933e-01
    outer loop
      vertex   -8.802040e+01 -2.071228e+02 3.559438e+00
      vertex   -8.702438e+01 -2.071228e+02 2.345782e+00
      vertex   -8.702438e+01 -2.362310e+02 2.345782e+00
    endloop
  endfacet
  facet normal -6.343933e-01 -4.717372e-17 -7.730105e-01
    outer loop
      vertex   -8.702438e+01 -2.362310e+02 2.345782e+00
      vertex   -8.702438e+01 -2.071228e+02 2.345782e+00
      vertex   -8.581072e+01 -2.362310e+02 1.349760e+00
    endloop
  endfacet
  facet normal -6.343933e-01 5.896715e-17 -7.730105e-01
    outer loop
      vertex   -8.581072e+01 -2.362310e+02 1.349760e+00
      vertex   -8.702438e+01 -2.071228e+02 2.345782e+00
      vertex   -8.581072e+01 -2.071228e+02 1.349760e+00
    endloop
  endfacet
  facet normal -4.713967e-01 6.727514e-17 -8.819213e-01
    outer loop
      vertex   -8.581072e+01 -2.362310e+02 1.349760e+00
      vertex   -8.581072e+01 -2.071228e+02 1.349760e+00
      vertex   -8.442607e+01 -2.362310e+02 6.096488e-01
    endloop
  endfacet
  facet normal -4.713967e-01 6.727514e-17 -8.819213e-01
    outer loop
      vertex   -8.442607e+01 -2.362310e+02 6.096488e-01
      vertex   -8.581072e+01 -2.071228e+02 1.349760e+00
      vertex   -8.442607e+01 -2.071228e+02 6.096488e-01
    endloop
  endfacet
  facet normal -2.902847e-01 7.299778e-17 -9.569403e-01
    outer loop
      vertex   -8.442607e+01 -2.362310e+02 6.096488e-01
      vertex   -8.442607e+01 -2.071228e+02 6.096488e-01
      vertex   -8.292364e+01 -2.362310e+02 1.538907e-01
    endloop
  endfacet
  facet normal -2.902847e-01 -7.299778e-17 -9.569403e-01
    outer loop
      vertex   -8.292364e+01 -2.362310e+02 1.538907e-01
      vertex   -8.442607e+01 -2.071228e+02 6.096488e-01
      vertex   -8.292364e+01 -2.071228e+02 1.538907e-01
    endloop
  endfacet
  facet normal -7.730105e-01 4.858637e-17 -6.343933e-01
    outer loop
      vertex   -8.702438e+01 -2.362310e+02 2.345782e+00
      vertex   -8.802040e+01 -2.362310e+02 3.559438e+00
      vertex   -8.802040e+01 -2.071228e+02 3.559438e+00
    endloop
  endfacet
  facet normal -8.819213e-01 3.595931e-17 -4.713967e-01
    outer loop
      vertex   -8.802040e+01 -2.071228e+02 3.559438e+00
      vertex   -8.802040e+01 -2.362310e+02 3.559438e+00
      vertex   -8.876051e+01 -2.071228e+02 4.944088e+00
    endloop
  endfacet
  facet normal -8.819213e-01 0.000000e+00 -4.713967e-01
    outer loop
      vertex   -8.802040e+01 -2.071228e+02 3.559438e+00
      vertex   -8.876051e+01 -2.071228e+02 4.944088e+00
      vertex   -8.876051e+01 -1.780146e+02 4.944088e+00
    endloop
  endfacet
  facet normal -9.569403e-01 -0.000000e+00 -2.902847e-01
    outer loop
      vertex   -8.876051e+01 -1.780146e+02 4.944088e+00
      vertex   -8.876051e+01 -2.071228e+02 4.944088e+00
      vertex   -8.921627e+01 -1.780146e+02 6.446522e+00
    endloop
  endfacet
  facet normal -9.569403e-01 0.000000e+00 -2.902847e-01
    outer loop
      vertex   -8.876051e+01 -1.780146e+02 4.944088e+00
      vertex   -8.921627e+01 -1.780146e+02 6.446522e+00
      vertex   -8.921627e+01 -1.489064e+02 6.446522e+00
    endloop
  endfacet
  facet normal -9.951847e-01 -0.000000e+00 -9.801714e-02
    outer loop
      vertex   -8.921627e+01 -1.489064e+02 6.446522e+00
      vertex   -8.921627e+01 -1.780146e+02 6.446522e+00
      vertex   -8.937016e+01 -2.362310e+02 8.009000e+00
    endloop
  endfacet
  facet normal -9.951847e-01 0.000000e+00 -9.801714e-02
    outer loop
      vertex   -8.921627e+01 -1.489064e+02 6.446522e+00
      vertex   -8.937016e+01 -2.362310e+02 8.009000e+00
      vertex   -8.937016e+01 -6.158176e+01 8.009000e+00
    endloop
  endfacet
  facet normal -8.819213e-01 2.915182e-17 -4.713967e-01
    outer loop
      vertex   -8.802040e+01 -2.362310e+02 3.559438e+00
      vertex   -8.876051e+01 -2.362310e+02 4.944088e+00
      vertex   -8.876051e+01 -2.071228e+02 4.944088e+00
    endloop
  endfacet
  facet normal -9.569403e-01 1.771491e-17 -2.902847e-01
    outer loop
      vertex   -8.876051e+01 -2.071228e+02 4.944088e+00
      vertex   -8.876051e+01 -2.362310e+02 4.944088e+00
      vertex   -8.921627e+01 -2.071228e+02 6.446522e+00
    endloop
  endfacet
  facet normal -9.569403e-01 0.000000e+00 -2.902847e-01
    outer loop
      vertex   -8.876051e+01 -2.071228e+02 4.944088e+00
      vertex   -8.921627e+01 -2.071228e+02 6.446522e+00
      vertex   -8.921627e+01 -1.780146e+02 6.446522e+00
    endloop
  endfacet
  facet normal -9.951847e-01 -0.000000e+00 -9.801714e-02
    outer loop
      vertex   -8.921627e+01 -1.780146e+02 6.446522e+00
      vertex   -8.921627e+01 -2.071228e+02 6.446522e+00
      vertex   -8.937016e+01 -2.362310e+02 8.009000e+00
    endloop
  endfacet
  facet normal -9.569403e-01 0.000000e+00 -2.902847e-01
    outer loop
      vertex   -8.876051e+01 -2.362310e+02 4.944088e+00
      vertex   -8.921627e+01 -2.362310e+02 6.446522e+00
      vertex   -8.921627e+01 -2.071228e+02 6.446522e+00
    endloop
  endfacet
  facet normal -9.951847e-01 -0.000000e+00 -9.801714e-02
    outer loop
      vertex   -8.921627e+01 -2.071228e+02 6.446522e+00
      vertex   -8.921627e+01 -2.362310e+02 6.446522e+00
      vertex   -8.937016e+01 -2.362310e+02 8.009000e+00
    endloop
  endfacet
  facet normal -6.343933e-01 -5.830364e-17 -7.730105e-01
    outer loop
      vertex   -8.702438e+01 -6.158176e+01 2.345782e+00
      vertex   -8.581072e+01 -6.158176e+01 1.349760e+00
      vertex   -8.581072e+01 -9.068996e+01 1.349760e+00
    endloop
  endfacet
  facet normal -4.713967e-01 -6.727514e-17 -8.819213e-01
    outer loop
      vertex   -8.581072e+01 -9.068996e+01 1.349760e+00
      vertex   -8.581072e+01 -6.158176e+01 1.349760e+00
      vertex   -8.442607e+01 -9.068996e+01 6.096488e-01
    endloop
  endfacet
  facet normal -4.713967e-01 0.000000e+00 -8.819213e-01
    outer loop
      vertex   -8.581072e+01 -9.068996e+01 1.349760e+00
      vertex   -8.442607e+01 -9.068996e+01 6.096488e-01
      vertex   -8.442607e+01 -1.197982e+02 6.096488e-01
    endloop
  endfacet
  facet normal -2.902847e-01 0.000000e+00 -9.569403e-01
    outer loop
      vertex   -8.442607e+01 -1.197982e+02 6.096488e-01
      vertex   -8.442607e+01 -9.068996e+01 6.096488e-01
      vertex   -8.292364e+01 -1.197982e+02 1.538907e-01
    endloop
  endfacet
  facet normal -2.902847e-01 0.000000e+00 -9.569403e-01
    outer loop
      vertex   -8.442607e+01 -1.197982e+02 6.096488e-01
      vertex   -8.292364e+01 -1.197982e+02 1.538907e-01
      vertex   -8.292364e+01 -1.489064e+02 1.538907e-01
    endloop
  endfacet
  facet normal -9.801714e-02 0.000000e+00 -9.951847e-01
    outer loop
      vertex   -8.292364e+01 -1.489064e+02 1.538907e-01
      vertex   -8.292364e+01 -1.197982e+02 1.538907e-01
      vertex   -8.136116e+01 -6.158176e+01 0.000000e+00
    endloop
  endfacet
  facet normal -9.801714e-02 0.000000e+00 -9.951847e-01
    outer loop
      vertex   -8.292364e+01 -1.489064e+02 1.538907e-01
      vertex   -8.136116e+01 -6.158176e+01 0.000000e+00
      vertex   -8.136116e+01 -2.362310e+02 0.000000e+00
    endloop
  endfacet
  facet normal -4.713967e-01 -6.802092e-17 -8.819213e-01
    outer loop
      vertex   -8.581072e+01 -6.158176e+01 1.349760e+00
      vertex   -8.442607e+01 -6.158176e+01 6.096488e-01
      vertex   -8.442607e+01 -9.068996e+01 6.096488e-01
    endloop
  endfacet
  facet normal -2.902847e-01 -7.299778e-17 -9.569403e-01
    outer loop
      vertex   -8.442607e+01 -9.068996e+01 6.096488e-01
      vertex   -8.442607e+01 -6.158176e+01 6.096488e-01
      vertex   -8.292364e+01 -9.068996e+01 1.538907e-01
    endloop
  endfacet
  facet normal -2.902847e-01 0.000000e+00 -9.569403e-01
    outer loop
      vertex   -8.442607e+01 -9.068996e+01 6.096488e-01
      vertex   -8.292364e+01 -9.068996e+01 1.538907e-01
      vertex   -8.292364e+01 -1.197982e+02 1.538907e-01
    endloop
  endfacet
  facet normal -9.801714e-02 0.000000e+00 -9.951847e-01
    outer loop
      vertex   -8.292364e+01 -1.197982e+02 1.538907e-01
      vertex   -8.292364e+01 -9.068996e+01 1.538907e-01
      vertex   -8.136116e+01 -6.158176e+01 0.000000e+00
    endloop
  endfacet
  facet normal -2.902847e-01 7.287955e-17 -9.569403e-01
    outer loop
      vertex   -8.442607e+01 -6.158176e+01 6.096488e-01
      vertex   -8.292364e+01 -6.158176e+01 1.538907e-01
      vertex   -8.292364e+01 -9.068996e+01 1.538907e-01
    endloop
  endfacet
  facet normal -9.801714e-02 7.591515e-17 -9.951847e-01
    outer loop
      vertex   -8.292364e+01 -9.068996e+01 1.538907e-01
      vertex   -8.292364e+01 -6.158176e+01 1.538907e-01
      vertex   -8.136116e+01 -6.158176e+01 0.000000e+00
    endloop
  endfacet
  facet normal -2.902847e-01 -0.000000e+00 -9.569403e-01
    outer loop
      vertex   -8.292364e+01 -1.780146e+02 1.538907e-01
      vertex   -8.292364e+01 -2.071228e+02 1.538907e-01
      vertex   -8.442607e+01 -1.780146e+02 6.096488e-01
    endloop
  endfacet
  facet normal -2.902847e-01 -0.000000e+00 -9.569403e-01
    outer loop
      vertex   -8.442607e+01 -1.780146e+02 6.096488e-01
      vertex   -8.292364e+01 -2.071228e+02 1.538907e-01
      vertex   -8.442607e+01 -2.071228e+02 6.096488e-01
    endloop
  endfacet
  facet normal -4.713967e-01 -0.000000e+00 -8.819213e-01
    outer loop
      vertex   -8.442607e+01 -1.780146e+02 6.096488e-01
      vertex   -8.442607e+01 -2.071228e+02 6.096488e-01
      vertex   -8.581072e+01 -1.780146e+02 1.349760e+00
    endloop
  endfacet
  facet normal -4.713967e-01 -0.000000e+00 -8.819213e-01
    outer loop
      vertex   -8.581072e+01 -1.780146e+02 1.349760e+00
      vertex   -8.442607e+01 -2.071228e+02 6.096488e-01
      vertex   -8.581072e+01 -2.071228e+02 1.349760e+00
    endloop
  endfacet
  facet normal -6.343933e-01 -0.000000e+00 -7.730105e-01
    outer loop
      vertex   -8.581072e+01 -1.780146e+02 1.349760e+00
      vertex   -8.581072e+01 -2.071228e+02 1.349760e+00
      vertex   -8.702438e+01 -1.780146e+02 2.345782e+00
    endloop
  endfacet
  facet normal -6.343933e-01 -0.000000e+00 -7.730105e-01
    outer loop
      vertex   -8.702438e+01 -1.780146e+02 2.345782e+00
      vertex   -8.581072e+01 -2.071228e+02 1.349760e+00
      vertex   -8.702438e+01 -2.071228e+02 2.345782e+00
    endloop
  endfacet
  facet normal -7.730105e-01 -0.000000e+00 -6.343933e-01
    outer loop
      vertex   -8.702438e+01 -1.780146e+02 2.345782e+00
      vertex   -8.702438e+01 -2.071228e+02 2.345782e+00
      vertex   -8.802040e+01 -1.780146e+02 3.559438e+00
    endloop
  endfacet
  facet normal -2.902847e-01 0.000000e+00 -9.569403e-01
    outer loop
      vertex   -8.292364e+01 -1.780146e+02 1.538907e-01
      vertex   -8.442607e+01 -1.780146e+02 6.096488e-01
      vertex   -8.442607e+01 -1.489064e+02 6.096488e-01
    endloop
  endfacet
  facet normal -4.713967e-01 -0.000000e+00 -8.819213e-01
    outer loop
      vertex   -8.442607e+01 -1.489064e+02 6.096488e-01
      vertex   -8.442607e+01 -1.780146e+02 6.096488e-01
      vertex   -8.581072e+01 -1.489064e+02 1.349760e+00
    endloop
  endfacet
  facet normal -4.713967e-01 0.000000e+00 -8.819213e-01
    outer loop
      vertex   -8.442607e+01 -1.489064e+02 6.096488e-01
      vertex   -8.581072e+01 -1.489064e+02 1.349760e+00
      vertex   -8.581072e+01 -1.197982e+02 1.349760e+00
    endloop
  endfacet
  facet normal -6.343933e-01 -0.000000e+00 -7.730105e-01
    outer loop
      vertex   -8.581072e+01 -1.197982e+02 1.349760e+00
      vertex   -8.581072e+01 -1.489064e+02 1.349760e+00
      vertex   -8.702438e+01 -1.197982e+02 2.345782e+00
    endloop
  endfacet
  facet normal -6.343933e-01 0.000000e+00 -7.730105e-01
    outer loop
      vertex   -8.581072e+01 -1.197982e+02 1.349760e+00
      vertex   -8.702438e+01 -1.197982e+02 2.345782e+00
      vertex   -8.702438e+01 -9.068996e+01 2.345782e+00
    endloop
  endfacet
  facet normal -7.730105e-01 -0.000000e+00 -6.343933e-01
    outer loop
      vertex   -8.702438e+01 -9.068996e+01 2.345782e+00
      vertex   -8.702438e+01 -1.197982e+02 2.345782e+00
      vertex   -8.802040e+01 -9.068996e+01 3.559438e+00
    endloop
  endfacet
  facet normal -4.713967e-01 -0.000000e+00 -8.819213e-01
    outer loop
      vertex   -8.581072e+01 -1.489064e+02 1.349760e+00
      vertex   -8.442607e+01 -1.780146e+02 6.096488e-01
      vertex   -8.581072e+01 -1.780146e+02 1.349760e+00
    endloop
  endfacet
  facet normal -6.343933e-01 -0.000000e+00 -7.730105e-01
    outer loop
      vertex   -8.581072e+01 -1.489064e+02 1.349760e+00
      vertex   -8.581072e+01 -1.780146e+02 1.349760e+00
      vertex   -8.702438e+01 -1.489064e+02 2.345782e+00
    endloop
  endfacet
  facet normal -6.343933e-01 -0.000000e+00 -7.730105e-01
    outer loop
      vertex   -8.702438e+01 -1.489064e+02 2.345782e+00
      vertex   -8.581072e+01 -1.780146e+02 1.349760e+00
      vertex   -8.702438e+01 -1.780146e+02 2.345782e+00
    endloop
  endfacet
  facet normal -7.730105e-01 -0.000000e+00 -6.343933e-01
    outer loop
      vertex   -8.702438e+01 -1.489064e+02 2.345782e+00
      vertex   -8.702438e+01 -1.780146e+02 2.345782e+00
      vertex   -8.802040e+01 -1.489064e+02 3.559438e+00
    endloop
  endfacet
  facet normal -7.730105e-01 -0.000000e+00 -6.343933e-01
    outer loop
      vertex   -8.802040e+01 -1.489064e+02 3.559438e+00
      vertex   -8.702438e+01 -1.780146e+02 2.345782e+00
      vertex   -8.802040e+01 -1.780146e+02 3.559438e+00
    endloop
  endfacet
  facet normal -8.819213e-01 -0.000000e+00 -4.713967e-01
    outer loop
      vertex   -8.802040e+01 -1.489064e+02 3.559438e+00
      vertex   -8.802040e+01 -1.780146e+02 3.559438e+00
      vertex   -8.876051e+01 -1.489064e+02 4.944088e+00
    endloop
  endfacet
  facet normal -6.343933e-01 0.000000e+00 -7.730105e-01
    outer loop
      vertex   -8.581072e+01 -1.489064e+02 1.349760e+00
      vertex   -8.702438e+01 -1.489064e+02 2.345782e+00
      vertex   -8.702438e+01 -1.197982e+02 2.345782e+00
    endloop
  endfacet
  facet normal -7.730105e-01 -0.000000e+00 -6.343933e-01
    outer loop
      vertex   -8.702438e+01 -1.197982e+02 2.345782e+00
      vertex   -8.702438e+01 -1.489064e+02 2.345782e+00
      vertex   -8.802040e+01 -1.197982e+02 3.559438e+00
    endloop
  endfacet
  facet normal -7.730105e-01 0.000000e+00 -6.343933e-01
    outer loop
      vertex   -8.702438e+01 -1.197982e+02 2.345782e+00
      vertex   -8.802040e+01 -1.197982e+02 3.559438e+00
      vertex   -8.802040e+01 -9.068996e+01 3.559438e+00
    endloop
  endfacet
  facet normal -8.819213e-01 -0.000000e+00 -4.713967e-01
    outer loop
      vertex   -8.802040e+01 -9.068996e+01 3.559438e+00
      vertex   -8.802040e+01 -1.197982e+02 3.559438e+00
      vertex   -8.876051e+01 -9.068996e+01 4.944088e+00
    endloop
  endfacet
  facet normal -7.730105e-01 -9.678618e-18 -6.343933e-01
    outer loop
      vertex   -8.802040e+01 -1.197982e+02 3.559438e+00
      vertex   -8.702438e+01 -1.489064e+02 2.345782e+00
      vertex   -8.802040e+01 -1.489064e+02 3.559438e+00
    endloop
  endfacet
  facet normal -8.819213e-01 -7.191862e-18 -4.713967e-01
    outer loop
      vertex   -8.802040e+01 -1.197982e+02 3.559438e+00
      vertex   -8.802040e+01 -1.489064e+02 3.559438e+00
      vertex   -8.876051e+01 -1.197982e+02 4.944088e+00
    endloop
  endfacet
  facet normal -8.819213e-01 -0.000000e+00 -4.713967e-01
    outer loop
      vertex   -8.876051e+01 -1.197982e+02 4.944088e+00
      vertex   -8.802040e+01 -1.489064e+02 3.559438e+00
      vertex   -8.876051e+01 -1.489064e+02 4.944088e+00
    endloop
  endfacet
  facet normal -9.569403e-01 -0.000000e+00 -2.902847e-01
    outer loop
      vertex   -8.876051e+01 -1.197982e+02 4.944088e+00
      vertex   -8.876051e+01 -1.489064e+02 4.944088e+00
      vertex   -8.921627e+01 -1.197982e+02 6.446522e+00
    endloop
  endfacet
  facet normal -9.569403e-01 -7.287955e-18 -2.902847e-01
    outer loop
      vertex   -8.921627e+01 -9.068996e+01 6.446522e+00
      vertex   -8.876051e+01 -9.068996e+01 4.944088e+00
      vertex   -8.876051e+01 -1.197982e+02 4.944088e+00
    endloop
  endfacet
  facet normal -8.819213e-01 -1.438372e-17 -4.713967e-01
    outer loop
      vertex   -8.876051e+01 -1.197982e+02 4.944088e+00
      vertex   -8.876051e+01 -9.068996e+01 4.944088e+00
      vertex   -8.802040e+01 -1.197982e+02 3.559438e+00
    endloop
  endfacet
  facet normal -9.569403e-01 -8.857453e-18 -2.902847e-01
    outer loop
      vertex   -8.921627e+01 -9.068996e+01 6.446522e+00
      vertex   -8.876051e+01 -1.197982e+02 4.944088e+00
      vertex   -8.921627e+01 -1.197982e+02 6.446522e+00
    endloop
  endfacet
  facet normal -1.077737e-02 -9.565184e-02 -9.953565e-01
    outer loop
      vertex   -7.688288e+01 -2.418466e+02 0.000000e+00
      vertex   -7.560116e+01 -2.419910e+02 0.000000e+00
      vertex   -7.674665e+01 -2.434633e+02 1.538907e-01
    endloop
  endfacet
  facet normal -7.713887e-03 -9.801422e-02 -9.951551e-01
    outer loop
      vertex   -7.674665e+01 -2.434633e+02 1.538907e-01
      vertex   -7.560116e+01 -2.419910e+02 0.000000e+00
      vertex   -7.560116e+01 -2.435535e+02 1.538907e-01
    endloop
  endfacet
  facet normal -2.283994e-02 -2.902090e-01 -9.566907e-01
    outer loop
      vertex   -7.674665e+01 -2.434633e+02 1.538907e-01
      vertex   -7.560116e+01 -2.435535e+02 1.538907e-01
      vertex   -7.560116e+01 -2.450559e+02 6.096488e-01
    endloop
  endfacet
  facet normal -2.283994e-02 -2.902090e-01 -9.566907e-01
    outer loop
      vertex   -7.674665e+01 -2.434633e+02 1.538907e-01
      vertex   -7.560116e+01 -2.450559e+02 6.096488e-01
      vertex   -7.698168e+01 -2.449473e+02 6.096488e-01
    endloop
  endfacet
  facet normal -3.707422e-02 -4.710727e-01 -8.813150e-01
    outer loop
      vertex   -7.698168e+01 -2.449473e+02 6.096488e-01
      vertex   -7.560116e+01 -2.450559e+02 6.096488e-01
      vertex   -7.560116e+01 -2.464406e+02 1.349760e+00
    endloop
  endfacet
  facet normal -3.707422e-02 -4.710727e-01 -8.813150e-01
    outer loop
      vertex   -7.698168e+01 -2.449473e+02 6.096488e-01
      vertex   -7.560116e+01 -2.464406e+02 1.349760e+00
      vertex   -7.719829e+01 -2.463149e+02 1.349760e+00
    endloop
  endfacet
  facet normal -4.986572e-02 -6.336041e-01 -7.720488e-01
    outer loop
      vertex   -7.719829e+01 -2.463149e+02 1.349760e+00
      vertex   -7.560116e+01 -2.464406e+02 1.349760e+00
      vertex   -7.560116e+01 -2.476542e+02 2.345782e+00
    endloop
  endfacet
  facet normal -4.986572e-02 -6.336041e-01 -7.720488e-01
    outer loop
      vertex   -7.719829e+01 -2.463149e+02 1.349760e+00
      vertex   -7.560116e+01 -2.476542e+02 2.345782e+00
      vertex   -7.738815e+01 -2.475136e+02 2.345782e+00
    endloop
  endfacet
  facet normal -6.072497e-02 -7.715839e-01 -6.332225e-01
    outer loop
      vertex   -7.738815e+01 -2.475136e+02 2.345782e+00
      vertex   -7.560116e+01 -2.476542e+02 2.345782e+00
      vertex   -7.560116e+01 -2.486502e+02 3.559438e+00
    endloop
  endfacet
  facet normal -6.072497e-02 -7.715839e-01 -6.332225e-01
    outer loop
      vertex   -7.738815e+01 -2.475136e+02 2.345782e+00
      vertex   -7.560116e+01 -2.486502e+02 3.559438e+00
      vertex   -7.754396e+01 -2.484973e+02 3.559438e+00
    endloop
  endfacet
  facet normal -6.924212e-02 -8.798046e-01 -4.702653e-01
    outer loop
      vertex   -7.754396e+01 -2.484973e+02 3.559438e+00
      vertex   -7.560116e+01 -2.486502e+02 3.559438e+00
      vertex   -7.560116e+01 -2.493904e+02 4.944088e+00
    endloop
  endfacet
  facet normal -6.924212e-02 -8.798046e-01 -4.702653e-01
    outer loop
      vertex   -7.754396e+01 -2.484973e+02 3.559438e+00
      vertex   -7.560116e+01 -2.493904e+02 4.944088e+00
      vertex   -7.765974e+01 -2.492283e+02 4.944088e+00
    endloop
  endfacet
  facet normal -7.510015e-02 -9.542379e-01 -2.894649e-01
    outer loop
      vertex   -7.765974e+01 -2.492283e+02 4.944088e+00
      vertex   -7.560116e+01 -2.493904e+02 4.944088e+00
      vertex   -7.560116e+01 -2.498461e+02 6.446522e+00
    endloop
  endfacet
  facet normal -7.510015e-02 -9.542379e-01 -2.894649e-01
    outer loop
      vertex   -7.765974e+01 -2.492283e+02 4.944088e+00
      vertex   -7.560116e+01 -2.498461e+02 6.446522e+00
      vertex   -7.773103e+01 -2.496785e+02 6.446522e+00
    endloop
  endfacet
  facet normal -7.808360e-02 -9.921462e-01 -9.771788e-02
    outer loop
      vertex   -7.773103e+01 -2.496785e+02 6.446522e+00
      vertex   -7.560116e+01 -2.498461e+02 6.446522e+00
      vertex   -7.560116e+01 -2.500000e+02 8.009000e+00
    endloop
  endfacet
  facet normal -7.808360e-02 -9.921462e-01 -9.771788e-02
    outer loop
      vertex   -7.773103e+01 -2.496785e+02 6.446522e+00
      vertex   -7.560116e+01 -2.500000e+02 8.009000e+00
      vertex   -7.775511e+01 -2.498305e+02 8.009000e+00
    endloop
  endfacet
  facet normal -2.323281e-01 -9.677163e-01 -9.771788e-02
    outer loop
      vertex   -7.773103e+01 -2.496785e+02 6.446522e+00
      vertex   -7.775511e+01 -2.498305e+02 8.009000e+00
      vertex   -7.980846e+01 -2.491797e+02 6.446522e+00
    endloop
  endfacet
  facet normal -2.323281e-01 -9.677163e-01 -9.771788e-02
    outer loop
      vertex   -7.980846e+01 -2.491797e+02 6.446522e+00
      vertex   -7.775511e+01 -2.498305e+02 8.009000e+00
      vertex   -7.985602e+01 -2.493261e+02 8.009000e+00
    endloop
  endfacet
  facet normal -3.808520e-01 -9.194580e-01 -9.771788e-02
    outer loop
      vertex   -7.980846e+01 -2.491797e+02 6.446522e+00
      vertex   -7.985602e+01 -2.493261e+02 8.009000e+00
      vertex   -8.178229e+01 -2.483622e+02 6.446522e+00
    endloop
  endfacet
  facet normal -3.808520e-01 -9.194580e-01 -9.771788e-02
    outer loop
      vertex   -8.178229e+01 -2.483622e+02 6.446522e+00
      vertex   -7.985602e+01 -2.493261e+02 8.009000e+00
      vertex   -8.185216e+01 -2.484993e+02 8.009000e+00
    endloop
  endfacet
  facet normal -5.199980e-01 -8.485596e-01 -9.771788e-02
    outer loop
      vertex   -8.178229e+01 -2.483622e+02 6.446522e+00
      vertex   -8.185216e+01 -2.484993e+02 8.009000e+00
      vertex   -8.360392e+01 -2.472459e+02 6.446522e+00
    endloop
  endfacet
  facet normal -5.199980e-01 -8.485596e-01 -9.771788e-02
    outer loop
      vertex   -8.360392e+01 -2.472459e+02 6.446522e+00
      vertex   -8.185216e+01 -2.484993e+02 8.009000e+00
      vertex   -8.369438e+01 -2.473704e+02 8.009000e+00
    endloop
  endfacet
  facet normal -6.463399e-01 -7.567668e-01 -9.771788e-02
    outer loop
      vertex   -8.360392e+01 -2.472459e+02 6.446522e+00
      vertex   -8.369438e+01 -2.473704e+02 8.009000e+00
      vertex   -8.522850e+01 -2.458583e+02 6.446522e+00
    endloop
  endfacet
  facet normal -6.463399e-01 -7.567668e-01 -9.771788e-02
    outer loop
      vertex   -8.522850e+01 -2.458583e+02 6.446522e+00
      vertex   -8.369438e+01 -2.473704e+02 8.009000e+00
      vertex   -8.533731e+01 -2.459672e+02 8.009000e+00
    endloop
  endfacet
  facet normal -7.567668e-01 -6.463399e-01 -9.771788e-02
    outer loop
      vertex   -8.522850e+01 -2.458583e+02 6.446522e+00
      vertex   -8.533731e+01 -2.459672e+02 8.009000e+00
      vertex   -8.661602e+01 -2.442338e+02 6.446522e+00
    endloop
  endfacet
  facet normal -7.567668e-01 -6.463399e-01 -9.771788e-02
    outer loop
      vertex   -8.661602e+01 -2.442338e+02 6.446522e+00
      vertex   -8.533731e+01 -2.459672e+02 8.009000e+00
      vertex   -8.674052e+01 -2.443242e+02 8.009000e+00
    endloop
  endfacet
  facet normal -8.485596e-01 -5.199980e-01 -9.771788e-02
    outer loop
      vertex   -8.661602e+01 -2.442338e+02 6.446522e+00
      vertex   -8.674052e+01 -2.443242e+02 8.009000e+00
      vertex   -8.773231e+01 -2.424121e+02 6.446522e+00
    endloop
  endfacet
  facet normal -8.485596e-01 -5.199980e-01 -9.771788e-02
    outer loop
      vertex   -8.773231e+01 -2.424121e+02 6.446522e+00
      vertex   -8.674052e+01 -2.443242e+02 8.009000e+00
      vertex   -8.786943e+01 -2.424820e+02 8.009000e+00
    endloop
  endfacet
  facet normal -9.194580e-01 -3.808520e-01 -9.771788e-02
    outer loop
      vertex   -8.773231e+01 -2.424121e+02 6.446522e+00
      vertex   -8.786943e+01 -2.424820e+02 8.009000e+00
      vertex   -8.854990e+01 -2.404383e+02 6.446522e+00
    endloop
  endfacet
  facet normal -9.194580e-01 -3.808520e-01 -9.771788e-02
    outer loop
      vertex   -8.854990e+01 -2.404383e+02 6.446522e+00
      vertex   -8.786943e+01 -2.424820e+02 8.009000e+00
      vertex   -8.869626e+01 -2.404859e+02 8.009000e+00
    endloop
  endfacet
  facet normal -9.677163e-01 -2.323281e-01 -9.771788e-02
    outer loop
      vertex   -8.854990e+01 -2.404383e+02 6.446522e+00
      vertex   -8.869626e+01 -2.404859e+02 8.009000e+00
      vertex   -8.904865e+01 -2.383609e+02 6.446522e+00
    endloop
  endfacet
  facet normal -9.677163e-01 -2.323281e-01 -9.771788e-02
    outer loop
      vertex   -8.904865e+01 -2.383609e+02 6.446522e+00
      vertex   -8.869626e+01 -2.404859e+02 8.009000e+00
      vertex   -8.920064e+01 -2.383849e+02 8.009000e+00
    endloop
  endfacet
  facet normal -9.921462e-01 -7.808360e-02 -9.771788e-02
    outer loop
      vertex   -8.904865e+01 -2.383609e+02 6.446522e+00
      vertex   -8.920064e+01 -2.383849e+02 8.009000e+00
      vertex   -8.921627e+01 -2.362310e+02 6.446522e+00
    endloop
  endfacet
  facet normal -9.921462e-01 -7.808360e-02 -9.771788e-02
    outer loop
      vertex   -8.921627e+01 -2.362310e+02 6.446522e+00
      vertex   -8.920064e+01 -2.383849e+02 8.009000e+00
      vertex   -8.937016e+01 -2.362310e+02 8.009000e+00
    endloop
  endfacet
  facet normal -9.542379e-01 -7.510015e-02 -2.894649e-01
    outer loop
      vertex   -8.921627e+01 -2.362310e+02 6.446522e+00
      vertex   -8.876051e+01 -2.362310e+02 4.944088e+00
      vertex   -8.904865e+01 -2.383609e+02 6.446522e+00
    endloop
  endfacet
  facet normal -9.542379e-01 -7.510015e-02 -2.894649e-01
    outer loop
      vertex   -8.904865e+01 -2.383609e+02 6.446522e+00
      vertex   -8.876051e+01 -2.362310e+02 4.944088e+00
      vertex   -8.859850e+01 -2.382896e+02 4.944088e+00
    endloop
  endfacet
  facet normal -9.307414e-01 -2.234512e-01 -2.894649e-01
    outer loop
      vertex   -8.904865e+01 -2.383609e+02 6.446522e+00
      vertex   -8.859850e+01 -2.382896e+02 4.944088e+00
      vertex   -8.854990e+01 -2.404383e+02 6.446522e+00
    endloop
  endfacet
  facet normal -9.307414e-01 -2.234512e-01 -2.894649e-01
    outer loop
      vertex   -8.854990e+01 -2.404383e+02 6.446522e+00
      vertex   -8.859850e+01 -2.382896e+02 4.944088e+00
      vertex   -8.811645e+01 -2.402975e+02 4.944088e+00
    endloop
  endfacet
  facet normal -8.843270e-01 -3.663002e-01 -2.894649e-01
    outer loop
      vertex   -8.854990e+01 -2.404383e+02 6.446522e+00
      vertex   -8.811645e+01 -2.402975e+02 4.944088e+00
      vertex   -8.773231e+01 -2.424121e+02 6.446522e+00
    endloop
  endfacet
  facet normal -8.843270e-01 -3.663002e-01 -2.894649e-01
    outer loop
      vertex   -8.773231e+01 -2.424121e+02 6.446522e+00
      vertex   -8.811645e+01 -2.402975e+02 4.944088e+00
      vertex   -8.732623e+01 -2.422052e+02 4.944088e+00
    endloop
  endfacet
  facet normal -8.161375e-01 -5.001297e-01 -2.894649e-01
    outer loop
      vertex   -8.773231e+01 -2.424121e+02 6.446522e+00
      vertex   -8.732623e+01 -2.422052e+02 4.944088e+00
      vertex   -8.661602e+01 -2.442338e+02 6.446522e+00
    endloop
  endfacet
  facet normal -8.161375e-01 -5.001297e-01 -2.894649e-01
    outer loop
      vertex   -8.661602e+01 -2.442338e+02 6.446522e+00
      vertex   -8.732623e+01 -2.422052e+02 4.944088e+00
      vertex   -8.624730e+01 -2.439659e+02 4.944088e+00
    endloop
  endfacet
  facet normal -7.278519e-01 -6.216443e-01 -2.894649e-01
    outer loop
      vertex   -8.661602e+01 -2.442338e+02 6.446522e+00
      vertex   -8.624730e+01 -2.439659e+02 4.944088e+00
      vertex   -8.522850e+01 -2.458583e+02 6.446522e+00
    endloop
  endfacet
  facet normal -7.278519e-01 -6.216443e-01 -2.894649e-01
    outer loop
      vertex   -8.522850e+01 -2.458583e+02 6.446522e+00
      vertex   -8.624730e+01 -2.439659e+02 4.944088e+00
      vertex   -8.490623e+01 -2.455361e+02 4.944088e+00
    endloop
  endfacet
  facet normal -6.216443e-01 -7.278519e-01 -2.894649e-01
    outer loop
      vertex   -8.522850e+01 -2.458583e+02 6.446522e+00
      vertex   -8.490623e+01 -2.455361e+02 4.944088e+00
      vertex   -8.360392e+01 -2.472459e+02 6.446522e+00
    endloop
  endfacet
  facet normal -6.216443e-01 -7.278519e-01 -2.894649e-01
    outer loop
      vertex   -8.360392e+01 -2.472459e+02 6.446522e+00
      vertex   -8.490623e+01 -2.455361e+02 4.944088e+00
      vertex   -8.333603e+01 -2.468771e+02 4.944088e+00
    endloop
  endfacet
  facet normal -5.001297e-01 -8.161375e-01 -2.894649e-01
    outer loop
      vertex   -8.360392e+01 -2.472459e+02 6.446522e+00
      vertex   -8.333603e+01 -2.468771e+02 4.944088e+00
      vertex   -8.178229e+01 -2.483622e+02 6.446522e+00
    endloop
  endfacet
  facet normal -5.001297e-01 -8.161375e-01 -2.894649e-01
    outer loop
      vertex   -8.178229e+01 -2.483622e+02 6.446522e+00
      vertex   -8.333603e+01 -2.468771e+02 4.944088e+00
      vertex   -8.157538e+01 -2.479561e+02 4.944088e+00
    endloop
  endfacet
  facet normal -3.663002e-01 -8.843270e-01 -2.894649e-01
    outer loop
      vertex   -8.178229e+01 -2.483622e+02 6.446522e+00
      vertex   -8.157538e+01 -2.479561e+02 4.944088e+00
      vertex   -7.980846e+01 -2.491797e+02 6.446522e+00
    endloop
  endfacet
  facet normal -3.663002e-01 -8.843270e-01 -2.894649e-01
    outer loop
      vertex   -7.980846e+01 -2.491797e+02 6.446522e+00
      vertex   -8.157538e+01 -2.479561e+02 4.944088e+00
      vertex   -7.966762e+01 -2.487463e+02 4.944088e+00
    endloop
  endfacet
  facet normal -2.234512e-01 -9.307414e-01 -2.894649e-01
    outer loop
      vertex   -7.980846e+01 -2.491797e+02 6.446522e+00
      vertex   -7.966762e+01 -2.487463e+02 4.944088e+00
      vertex   -7.773103e+01 -2.496785e+02 6.446522e+00
    endloop
  endfacet
  facet normal -2.234512e-01 -9.307414e-01 -2.894649e-01
    outer loop
      vertex   -7.773103e+01 -2.496785e+02 6.446522e+00
      vertex   -7.966762e+01 -2.487463e+02 4.944088e+00
      vertex   -7.765974e+01 -2.492283e+02 4.944088e+00
    endloop
  endfacet
  facet normal -8.798046e-01 -6.924212e-02 -4.702653e-01
    outer loop
      vertex   -8.876051e+01 -2.362310e+02 4.944088e+00
      vertex   -8.802040e+01 -2.362310e+02 3.559438e+00
      vertex   -8.859850e+01 -2.382896e+02 4.944088e+00
    endloop
  endfacet
  facet normal -8.798046e-01 -6.924212e-02 -4.702653e-01
    outer loop
      vertex   -8.859850e+01 -2.382896e+02 4.944088e+00
      vertex   -8.802040e+01 -2.362310e+02 3.559438e+00
      vertex   -8.786750e+01 -2.381738e+02 3.559438e+00
    endloop
  endfacet
  facet normal -8.581408e-01 -2.060214e-01 -4.702653e-01
    outer loop
      vertex   -8.859850e+01 -2.382896e+02 4.944088e+00
      vertex   -8.786750e+01 -2.381738e+02 3.559438e+00
      vertex   -8.811645e+01 -2.402975e+02 4.944088e+00
    endloop
  endfacet
  facet normal -8.581408e-01 -2.060214e-01 -4.702653e-01
    outer loop
      vertex   -8.811645e+01 -2.402975e+02 4.944088e+00
      vertex   -8.786750e+01 -2.381738e+02 3.559438e+00
      vertex   -8.741256e+01 -2.400688e+02 3.559438e+00
    endloop
  endfacet
  facet normal -8.153469e-01 -3.377277e-01 -4.702653e-01
    outer loop
      vertex   -8.811645e+01 -2.402975e+02 4.944088e+00
      vertex   -8.741256e+01 -2.400688e+02 3.559438e+00
      vertex   -8.732623e+01 -2.422052e+02 4.944088e+00
    endloop
  endfacet
  facet normal -8.153469e-01 -3.377277e-01 -4.702653e-01
    outer loop
      vertex   -8.732623e+01 -2.422052e+02 4.944088e+00
      vertex   -8.741256e+01 -2.400688e+02 3.559438e+00
      vertex   -8.666679e+01 -2.418692e+02 3.559438e+00
    endloop
  endfacet
  facet normal -7.524763e-01 -4.611181e-01 -4.702653e-01
    outer loop
      vertex   -8.732623e+01 -2.422052e+02 4.944088e+00
      vertex   -8.666679e+01 -2.418692e+02 3.559438e+00
      vertex   -8.624730e+01 -2.439659e+02 4.944088e+00
    endloop
  endfacet
  facet normal -7.524763e-01 -4.611181e-01 -4.702653e-01
    outer loop
      vertex   -8.624730e+01 -2.439659e+02 4.944088e+00
      vertex   -8.666679e+01 -2.418692e+02 3.559438e+00
      vertex   -8.564854e+01 -2.435308e+02 3.559438e+00
    endloop
  endfacet
  facet normal -6.710773e-01 -5.731542e-01 -4.702653e-01
    outer loop
      vertex   -8.624730e+01 -2.439659e+02 4.944088e+00
      vertex   -8.564854e+01 -2.435308e+02 3.559438e+00
      vertex   -8.490623e+01 -2.455361e+02 4.944088e+00
    endloop
  endfacet
  facet normal -6.710773e-01 -5.731542e-01 -4.702653e-01
    outer loop
      vertex   -8.490623e+01 -2.455361e+02 4.944088e+00
      vertex   -8.564854e+01 -2.435308e+02 3.559438e+00
      vertex   -8.438289e+01 -2.450127e+02 3.559438e+00
    endloop
  endfacet
  facet normal -5.731542e-01 -6.710773e-01 -4.702653e-01
    outer loop
      vertex   -8.490623e+01 -2.455361e+02 4.944088e+00
      vertex   -8.438289e+01 -2.450127e+02 3.559438e+00
      vertex   -8.333603e+01 -2.468771e+02 4.944088e+00
    endloop
  endfacet
  facet normal -5.731542e-01 -6.710773e-01 -4.702653e-01
    outer loop
      vertex   -8.333603e+01 -2.468771e+02 4.944088e+00
      vertex   -8.438289e+01 -2.450127e+02 3.559438e+00
      vertex   -8.290101e+01 -2.462784e+02 3.559438e+00
    endloop
  endfacet
  facet normal -4.611181e-01 -7.524763e-01 -4.702653e-01
    outer loop
      vertex   -8.333603e+01 -2.468771e+02 4.944088e+00
      vertex   -8.290101e+01 -2.462784e+02 3.559438e+00
      vertex   -8.157538e+01 -2.479561e+02 4.944088e+00
    endloop
  endfacet
  facet normal -4.611181e-01 -7.524763e-01 -4.702653e-01
    outer loop
      vertex   -8.157538e+01 -2.479561e+02 4.944088e+00
      vertex   -8.290101e+01 -2.462784e+02 3.559438e+00
      vertex   -8.123938e+01 -2.472966e+02 3.559438e+00
    endloop
  endfacet
  facet normal -3.377277e-01 -8.153469e-01 -4.702653e-01
    outer loop
      vertex   -8.157538e+01 -2.479561e+02 4.944088e+00
      vertex   -8.123938e+01 -2.472966e+02 3.559438e+00
      vertex   -7.966762e+01 -2.487463e+02 4.944088e+00
    endloop
  endfacet
  facet normal -3.377277e-01 -8.153469e-01 -4.702653e-01
    outer loop
      vertex   -7.966762e+01 -2.487463e+02 4.944088e+00
      vertex   -8.123938e+01 -2.472966e+02 3.559438e+00
      vertex   -7.943892e+01 -2.480424e+02 3.559438e+00
    endloop
  endfacet
  facet normal -2.060214e-01 -8.581408e-01 -4.702653e-01
    outer loop
      vertex   -7.966762e+01 -2.487463e+02 4.944088e+00
      vertex   -7.943892e+01 -2.480424e+02 3.559438e+00
      vertex   -7.765974e+01 -2.492283e+02 4.944088e+00
    endloop
  endfacet
  facet normal -2.060214e-01 -8.581408e-01 -4.702653e-01
    outer loop
      vertex   -7.765974e+01 -2.492283e+02 4.944088e+00
      vertex   -7.943892e+01 -2.480424e+02 3.559438e+00
      vertex   -7.754396e+01 -2.484973e+02 3.559438e+00
    endloop
  endfacet
  facet normal -7.715839e-01 -6.072497e-02 -6.332225e-01
    outer loop
      vertex   -8.802040e+01 -2.362310e+02 3.559438e+00
      vertex   -8.702438e+01 -2.362310e+02 2.345782e+00
      vertex   -8.786750e+01 -2.381738e+02 3.559438e+00
    endloop
  endfacet
  facet normal -7.715839e-01 -6.072497e-02 -6.332225e-01
    outer loop
      vertex   -8.786750e+01 -2.381738e+02 3.559438e+00
      vertex   -8.702438e+01 -2.362310e+02 2.345782e+00
      vertex   -8.688374e+01 -2.380180e+02 2.345782e+00
    endloop
  endfacet
  facet normal -7.525849e-01 -1.806797e-01 -6.332225e-01
    outer loop
      vertex   -8.786750e+01 -2.381738e+02 3.559438e+00
      vertex   -8.688374e+01 -2.380180e+02 2.345782e+00
      vertex   -8.741256e+01 -2.400688e+02 3.559438e+00
    endloop
  endfacet
  facet normal -7.525849e-01 -1.806797e-01 -6.332225e-01
    outer loop
      vertex   -8.741256e+01 -2.400688e+02 3.559438e+00
      vertex   -8.688374e+01 -2.380180e+02 2.345782e+00
      vertex   -8.646529e+01 -2.397610e+02 2.345782e+00
    endloop
  endfacet
  facet normal -7.150548e-01 -2.961854e-01 -6.332225e-01
    outer loop
      vertex   -8.741256e+01 -2.400688e+02 3.559438e+00
      vertex   -8.646529e+01 -2.397610e+02 2.345782e+00
      vertex   -8.666679e+01 -2.418692e+02 3.559438e+00
    endloop
  endfacet
  facet normal -7.150548e-01 -2.961854e-01 -6.332225e-01
    outer loop
      vertex   -8.666679e+01 -2.418692e+02 3.559438e+00
      vertex   -8.646529e+01 -2.397610e+02 2.345782e+00
      vertex   -8.577932e+01 -2.414170e+02 2.345782e+00
    endloop
  endfacet
  facet normal -6.599177e-01 -4.043981e-01 -6.332225e-01
    outer loop
      vertex   -8.666679e+01 -2.418692e+02 3.559438e+00
      vertex   -8.577932e+01 -2.414170e+02 2.345782e+00
      vertex   -8.564854e+01 -2.435308e+02 3.559438e+00
    endloop
  endfacet
  facet normal -6.599177e-01 -4.043981e-01 -6.332225e-01
    outer loop
      vertex   -8.564854e+01 -2.435308e+02 3.559438e+00
      vertex   -8.577932e+01 -2.414170e+02 2.345782e+00
      vertex   -8.484274e+01 -2.429454e+02 2.345782e+00
    endloop
  endfacet
  facet normal -5.885312e-01 -5.026532e-01 -6.332225e-01
    outer loop
      vertex   -8.564854e+01 -2.435308e+02 3.559438e+00
      vertex   -8.484274e+01 -2.429454e+02 2.345782e+00
      vertex   -8.438289e+01 -2.450127e+02 3.559438e+00
    endloop
  endfacet
  facet normal -5.885312e-01 -5.026532e-01 -6.332225e-01
    outer loop
      vertex   -8.438289e+01 -2.450127e+02 3.559438e+00
      vertex   -8.484274e+01 -2.429454e+02 2.345782e+00
      vertex   -8.367860e+01 -2.443084e+02 2.345782e+00
    endloop
  endfacet
  facet normal -5.026532e-01 -5.885312e-01 -6.332225e-01
    outer loop
      vertex   -8.438289e+01 -2.450127e+02 3.559438e+00
      vertex   -8.367860e+01 -2.443084e+02 2.345782e+00
      vertex   -8.290101e+01 -2.462784e+02 3.559438e+00
    endloop
  endfacet
  facet normal -5.026532e-01 -5.885312e-01 -6.332225e-01
    outer loop
      vertex   -8.290101e+01 -2.462784e+02 3.559438e+00
      vertex   -8.367860e+01 -2.443084e+02 2.345782e+00
      vertex   -8.231556e+01 -2.454726e+02 2.345782e+00
    endloop
  endfacet
  facet normal -4.043981e-01 -6.599177e-01 -6.332225e-01
    outer loop
      vertex   -8.290101e+01 -2.462784e+02 3.559438e+00
      vertex   -8.231556e+01 -2.454726e+02 2.345782e+00
      vertex   -8.123938e+01 -2.472966e+02 3.559438e+00
    endloop
  endfacet
  facet normal -4.043981e-01 -6.599177e-01 -6.332225e-01
    outer loop
      vertex   -8.123938e+01 -2.472966e+02 3.559438e+00
      vertex   -8.231556e+01 -2.454726e+02 2.345782e+00
      vertex   -8.078719e+01 -2.464092e+02 2.345782e+00
    endloop
  endfacet
  facet normal -2.961854e-01 -7.150548e-01 -6.332225e-01
    outer loop
      vertex   -8.123938e+01 -2.472966e+02 3.559438e+00
      vertex   -8.078719e+01 -2.464092e+02 2.345782e+00
      vertex   -7.943892e+01 -2.480424e+02 3.559438e+00
    endloop
  endfacet
  facet normal -2.961854e-01 -7.150548e-01 -6.332225e-01
    outer loop
      vertex   -7.943892e+01 -2.480424e+02 3.559438e+00
      vertex   -8.078719e+01 -2.464092e+02 2.345782e+00
      vertex   -7.913113e+01 -2.470951e+02 2.345782e+00
    endloop
  endfacet
  facet normal -1.806797e-01 -7.525849e-01 -6.332225e-01
    outer loop
      vertex   -7.943892e+01 -2.480424e+02 3.559438e+00
      vertex   -7.913113e+01 -2.470951e+02 2.345782e+00
      vertex   -7.754396e+01 -2.484973e+02 3.559438e+00
    endloop
  endfacet
  facet normal -1.806797e-01 -7.525849e-01 -6.332225e-01
    outer loop
      vertex   -7.754396e+01 -2.484973e+02 3.559438e+00
      vertex   -7.913113e+01 -2.470951e+02 2.345782e+00
      vertex   -7.738815e+01 -2.475136e+02 2.345782e+00
    endloop
  endfacet
  facet normal -6.336041e-01 -4.986572e-02 -7.720488e-01
    outer loop
      vertex   -8.702438e+01 -2.362310e+02 2.345782e+00
      vertex   -8.581072e+01 -2.362310e+02 1.349760e+00
      vertex   -8.688374e+01 -2.380180e+02 2.345782e+00
    endloop
  endfacet
  facet normal -6.336041e-01 -4.986572e-02 -7.720488e-01
    outer loop
      vertex   -8.688374e+01 -2.380180e+02 2.345782e+00
      vertex   -8.581072e+01 -2.362310e+02 1.349760e+00
      vertex   -8.568503e+01 -2.378281e+02 1.349760e+00
    endloop
  endfacet
  facet normal -6.180026e-01 -1.483693e-01 -7.720488e-01
    outer loop
      vertex   -8.688374e+01 -2.380180e+02 2.345782e+00
      vertex   -8.568503e+01 -2.378281e+02 1.349760e+00
      vertex   -8.646529e+01 -2.397610e+02 2.345782e+00
    endloop
  endfacet
  facet normal -6.180026e-01 -1.483693e-01 -7.720488e-01
    outer loop
      vertex   -8.646529e+01 -2.397610e+02 2.345782e+00
      vertex   -8.568503e+01 -2.378281e+02 1.349760e+00
      vertex   -8.531103e+01 -2.393859e+02 1.349760e+00
    endloop
  endfacet
  facet normal -5.871839e-01 -2.432195e-01 -7.720488e-01
    outer loop
      vertex   -8.646529e+01 -2.397610e+02 2.345782e+00
      vertex   -8.531103e+01 -2.393859e+02 1.349760e+00
      vertex   -8.577932e+01 -2.414170e+02 2.345782e+00
    endloop
  endfacet
  facet normal -5.871839e-01 -2.432195e-01 -7.720488e-01
    outer loop
      vertex   -8.577932e+01 -2.414170e+02 2.345782e+00
      vertex   -8.531103e+01 -2.393859e+02 1.349760e+00
      vertex   -8.469795e+01 -2.408660e+02 1.349760e+00
    endloop
  endfacet
  facet normal -5.419068e-01 -3.320809e-01 -7.720488e-01
    outer loop
      vertex   -8.577932e+01 -2.414170e+02 2.345782e+00
      vertex   -8.469795e+01 -2.408660e+02 1.349760e+00
      vertex   -8.484274e+01 -2.429454e+02 2.345782e+00
    endloop
  endfacet
  facet normal -5.419068e-01 -3.320809e-01 -7.720488e-01
    outer loop
      vertex   -8.484274e+01 -2.429454e+02 2.345782e+00
      vertex   -8.469795e+01 -2.408660e+02 1.349760e+00
      vertex   -8.386087e+01 -2.422320e+02 1.349760e+00
    endloop
  endfacet
  facet normal -4.832861e-01 -4.127653e-01 -7.720488e-01
    outer loop
      vertex   -8.484274e+01 -2.429454e+02 2.345782e+00
      vertex   -8.386087e+01 -2.422320e+02 1.349760e+00
      vertex   -8.367860e+01 -2.443084e+02 2.345782e+00
    endloop
  endfacet
  facet normal -4.832861e-01 -4.127653e-01 -7.720488e-01
    outer loop
      vertex   -8.367860e+01 -2.443084e+02 2.345782e+00
      vertex   -8.386087e+01 -2.422320e+02 1.349760e+00
      vertex   -8.282041e+01 -2.434503e+02 1.349760e+00
    endloop
  endfacet
  facet normal -4.127653e-01 -4.832861e-01 -7.720488e-01
    outer loop
      vertex   -8.367860e+01 -2.443084e+02 2.345782e+00
      vertex   -8.282041e+01 -2.434503e+02 1.349760e+00
      vertex   -8.231556e+01 -2.454726e+02 2.345782e+00
    endloop
  endfacet
  facet normal -4.127653e-01 -4.832861e-01 -7.720488e-01
    outer loop
      vertex   -8.231556e+01 -2.454726e+02 2.345782e+00
      vertex   -8.282041e+01 -2.434503e+02 1.349760e+00
      vertex   -8.160219e+01 -2.444907e+02 1.349760e+00
    endloop
  endfacet
  facet normal -3.320809e-01 -5.419068e-01 -7.720488e-01
    outer loop
      vertex   -8.231556e+01 -2.454726e+02 2.345782e+00
      vertex   -8.160219e+01 -2.444907e+02 1.349760e+00
      vertex   -8.078719e+01 -2.464092e+02 2.345782e+00
    endloop
  endfacet
  facet normal -3.320809e-01 -5.419068e-01 -7.720488e-01
    outer loop
      vertex   -8.078719e+01 -2.464092e+02 2.345782e+00
      vertex   -8.160219e+01 -2.444907e+02 1.349760e+00
      vertex   -8.023621e+01 -2.453278e+02 1.349760e+00
    endloop
  endfacet
  facet normal -2.432195e-01 -5.871839e-01 -7.720488e-01
    outer loop
      vertex   -8.078719e+01 -2.464092e+02 2.345782e+00
      vertex   -8.023621e+01 -2.453278e+02 1.349760e+00
      vertex   -7.913113e+01 -2.470951e+02 2.345782e+00
    endloop
  endfacet
  facet normal -2.432195e-01 -5.871839e-01 -7.720488e-01
    outer loop
      vertex   -7.913113e+01 -2.470951e+02 2.345782e+00
      vertex   -8.023621e+01 -2.453278e+02 1.349760e+00
      vertex   -7.875609e+01 -2.459409e+02 1.349760e+00
    endloop
  endfacet
  facet normal -1.483693e-01 -6.180026e-01 -7.720488e-01
    outer loop
      vertex   -7.913113e+01 -2.470951e+02 2.345782e+00
      vertex   -7.875609e+01 -2.459409e+02 1.349760e+00
      vertex   -7.738815e+01 -2.475136e+02 2.345782e+00
    endloop
  endfacet
  facet normal -1.483693e-01 -6.180026e-01 -7.720488e-01
    outer loop
      vertex   -7.738815e+01 -2.475136e+02 2.345782e+00
      vertex   -7.875609e+01 -2.459409e+02 1.349760e+00
      vertex   -7.719829e+01 -2.463149e+02 1.349760e+00
    endloop
  endfacet
  facet normal -4.710727e-01 -3.707422e-02 -8.813150e-01
    outer loop
      vertex   -8.581072e+01 -2.362310e+02 1.349760e+00
      vertex   -8.442607e+01 -2.362310e+02 6.096488e-01
      vertex   -8.568503e+01 -2.378281e+02 1.349760e+00
    endloop
  endfacet
  facet normal -4.710727e-01 -3.707422e-02 -8.813150e-01
    outer loop
      vertex   -8.568503e+01 -2.378281e+02 1.349760e+00
      vertex   -8.442607e+01 -2.362310e+02 6.096488e-01
      vertex   -8.431742e+01 -2.376115e+02 6.096488e-01
    endloop
  endfacet
  facet normal -4.594733e-01 -1.103098e-01 -8.813150e-01
    outer loop
      vertex   -8.568503e+01 -2.378281e+02 1.349760e+00
      vertex   -8.431742e+01 -2.376115e+02 6.096488e-01
      vertex   -8.531103e+01 -2.393859e+02 1.349760e+00
    endloop
  endfacet
  facet normal -4.594733e-01 -1.103098e-01 -8.813150e-01
    outer loop
      vertex   -8.531103e+01 -2.393859e+02 1.349760e+00
      vertex   -8.431742e+01 -2.376115e+02 6.096488e-01
      vertex   -8.399415e+01 -2.389580e+02 6.096488e-01
    endloop
  endfacet
  facet normal -4.365602e-01 -1.808291e-01 -8.813150e-01
    outer loop
      vertex   -8.531103e+01 -2.393859e+02 1.349760e+00
      vertex   -8.399415e+01 -2.389580e+02 6.096488e-01
      vertex   -8.469795e+01 -2.408660e+02 1.349760e+00
    endloop
  endfacet
  facet normal -4.365602e-01 -1.808291e-01 -8.813150e-01
    outer loop
      vertex   -8.469795e+01 -2.408660e+02 1.349760e+00
      vertex   -8.399415e+01 -2.389580e+02 6.096488e-01
      vertex   -8.346422e+01 -2.402374e+02 6.096488e-01
    endloop
  endfacet
  facet normal -4.028975e-01 -2.468959e-01 -8.813150e-01
    outer loop
      vertex   -8.469795e+01 -2.408660e+02 1.349760e+00
      vertex   -8.346422e+01 -2.402374e+02 6.096488e-01
      vertex   -8.386087e+01 -2.422320e+02 1.349760e+00
    endloop
  endfacet
  facet normal -4.028975e-01 -2.468959e-01 -8.813150e-01
    outer loop
      vertex   -8.386087e+01 -2.422320e+02 1.349760e+00
      vertex   -8.346422e+01 -2.402374e+02 6.096488e-01
      vertex   -8.274066e+01 -2.414182e+02 6.096488e-01
    endloop
  endfacet
  facet normal -3.593141e-01 -3.068832e-01 -8.813150e-01
    outer loop
      vertex   -8.386087e+01 -2.422320e+02 1.349760e+00
      vertex   -8.274066e+01 -2.414182e+02 6.096488e-01
      vertex   -8.282041e+01 -2.434503e+02 1.349760e+00
    endloop
  endfacet
  facet normal -3.593141e-01 -3.068832e-01 -8.813150e-01
    outer loop
      vertex   -8.282041e+01 -2.434503e+02 1.349760e+00
      vertex   -8.274066e+01 -2.414182e+02 6.096488e-01
      vertex   -8.184132e+01 -2.424712e+02 6.096488e-01
    endloop
  endfacet
  facet normal -3.068832e-01 -3.593141e-01 -8.813150e-01
    outer loop
      vertex   -8.282041e+01 -2.434503e+02 1.349760e+00
      vertex   -8.184132e+01 -2.424712e+02 6.096488e-01
      vertex   -8.160219e+01 -2.444907e+02 1.349760e+00
    endloop
  endfacet
  facet normal -3.068832e-01 -3.593141e-01 -8.813150e-01
    outer loop
      vertex   -8.160219e+01 -2.444907e+02 1.349760e+00
      vertex   -8.184132e+01 -2.424712e+02 6.096488e-01
      vertex   -8.078831e+01 -2.433705e+02 6.096488e-01
    endloop
  endfacet
  facet normal -2.468959e-01 -4.028975e-01 -8.813150e-01
    outer loop
      vertex   -8.160219e+01 -2.444907e+02 1.349760e+00
      vertex   -8.078831e+01 -2.433705e+02 6.096488e-01
      vertex   -8.023621e+01 -2.453278e+02 1.349760e+00
    endloop
  endfacet
  facet normal -2.468959e-01 -4.028975e-01 -8.813150e-01
    outer loop
      vertex   -8.023621e+01 -2.453278e+02 1.349760e+00
      vertex   -8.078831e+01 -2.433705e+02 6.096488e-01
      vertex   -7.960759e+01 -2.440941e+02 6.096488e-01
    endloop
  endfacet
  facet normal -1.808291e-01 -4.365602e-01 -8.813150e-01
    outer loop
      vertex   -8.023621e+01 -2.453278e+02 1.349760e+00
      vertex   -7.960759e+01 -2.440941e+02 6.096488e-01
      vertex   -7.875609e+01 -2.459409e+02 1.349760e+00
    endloop
  endfacet
  facet normal -1.808291e-01 -4.365602e-01 -8.813150e-01
    outer loop
      vertex   -7.875609e+01 -2.459409e+02 1.349760e+00
      vertex   -7.960759e+01 -2.440941e+02 6.096488e-01
      vertex   -7.832821e+01 -2.446240e+02 6.096488e-01
    endloop
  endfacet
  facet normal -1.103098e-01 -4.594733e-01 -8.813150e-01
    outer loop
      vertex   -7.875609e+01 -2.459409e+02 1.349760e+00
      vertex   -7.832821e+01 -2.446240e+02 6.096488e-01
      vertex   -7.719829e+01 -2.463149e+02 1.349760e+00
    endloop
  endfacet
  facet normal -1.103098e-01 -4.594733e-01 -8.813150e-01
    outer loop
      vertex   -7.719829e+01 -2.463149e+02 1.349760e+00
      vertex   -7.832821e+01 -2.446240e+02 6.096488e-01
      vertex   -7.698168e+01 -2.449473e+02 6.096488e-01
    endloop
  endfacet
  facet normal -2.902090e-01 -2.283994e-02 -9.566907e-01
    outer loop
      vertex   -8.442607e+01 -2.362310e+02 6.096488e-01
      vertex   -8.292364e+01 -2.362310e+02 1.538907e-01
      vertex   -8.431742e+01 -2.376115e+02 6.096488e-01
    endloop
  endfacet
  facet normal -2.902090e-01 -2.283994e-02 -9.566907e-01
    outer loop
      vertex   -8.431742e+01 -2.376115e+02 6.096488e-01
      vertex   -8.292364e+01 -2.362310e+02 1.538907e-01
      vertex   -8.283349e+01 -2.373765e+02 1.538907e-01
    endloop
  endfacet
  facet normal -2.830630e-01 -6.795742e-02 -9.566907e-01
    outer loop
      vertex   -8.431742e+01 -2.376115e+02 6.096488e-01
      vertex   -8.283349e+01 -2.373765e+02 1.538907e-01
      vertex   -8.399415e+01 -2.389580e+02 6.096488e-01
    endloop
  endfacet
  facet normal -2.830630e-01 -6.795742e-02 -9.566907e-01
    outer loop
      vertex   -8.399415e+01 -2.389580e+02 6.096488e-01
      vertex   -8.283349e+01 -2.373765e+02 1.538907e-01
      vertex   -8.256525e+01 -2.384938e+02 1.538907e-01
    endloop
  endfacet
  facet normal -2.689472e-01 -1.114016e-01 -9.566907e-01
    outer loop
      vertex   -8.399415e+01 -2.389580e+02 6.096488e-01
      vertex   -8.256525e+01 -2.384938e+02 1.538907e-01
      vertex   -8.346422e+01 -2.402374e+02 6.096488e-01
    endloop
  endfacet
  facet normal -2.689472e-01 -1.114016e-01 -9.566907e-01
    outer loop
      vertex   -8.346422e+01 -2.402374e+02 6.096488e-01
      vertex   -8.256525e+01 -2.384938e+02 1.538907e-01
      vertex   -8.212554e+01 -2.395553e+02 1.538907e-01
    endloop
  endfacet
  facet normal -2.482090e-01 -1.521026e-01 -9.566907e-01
    outer loop
      vertex   -8.346422e+01 -2.402374e+02 6.096488e-01
      vertex   -8.212554e+01 -2.395553e+02 1.538907e-01
      vertex   -8.274066e+01 -2.414182e+02 6.096488e-01
    endloop
  endfacet
  facet normal -2.482090e-01 -1.521026e-01 -9.566907e-01
    outer loop
      vertex   -8.274066e+01 -2.414182e+02 6.096488e-01
      vertex   -8.212554e+01 -2.395553e+02 1.538907e-01
      vertex   -8.152517e+01 -2.405350e+02 1.538907e-01
    endloop
  endfacet
  facet normal -2.213590e-01 -1.890584e-01 -9.566907e-01
    outer loop
      vertex   -8.274066e+01 -2.414182e+02 6.096488e-01
      vertex   -8.152517e+01 -2.405350e+02 1.538907e-01
      vertex   -8.184132e+01 -2.424712e+02 6.096488e-01
    endloop
  endfacet
  facet normal -2.213590e-01 -1.890584e-01 -9.566907e-01
    outer loop
      vertex   -8.184132e+01 -2.424712e+02 6.096488e-01
      vertex   -8.152517e+01 -2.405350e+02 1.538907e-01
      vertex   -8.077894e+01 -2.414088e+02 1.538907e-01
    endloop
  endfacet
  facet normal -1.890584e-01 -2.213590e-01 -9.566907e-01
    outer loop
      vertex   -8.184132e+01 -2.424712e+02 6.096488e-01
      vertex   -8.077894e+01 -2.414088e+02 1.538907e-01
      vertex   -8.078831e+01 -2.433705e+02 6.096488e-01
    endloop
  endfacet
  facet normal -1.890584e-01 -2.213590e-01 -9.566907e-01
    outer loop
      vertex   -8.078831e+01 -2.433705e+02 6.096488e-01
      vertex   -8.077894e+01 -2.414088e+02 1.538907e-01
      vertex   -7.990521e+01 -2.421550e+02 1.538907e-01
    endloop
  endfacet
  facet normal -1.521026e-01 -2.482090e-01 -9.566907e-01
    outer loop
      vertex   -8.078831e+01 -2.433705e+02 6.096488e-01
      vertex   -7.990521e+01 -2.421550e+02 1.538907e-01
      vertex   -7.960759e+01 -2.440941e+02 6.096488e-01
    endloop
  endfacet
  facet normal -1.521026e-01 -2.482090e-01 -9.566907e-01
    outer loop
      vertex   -7.960759e+01 -2.440941e+02 6.096488e-01
      vertex   -7.990521e+01 -2.421550e+02 1.538907e-01
      vertex   -7.892550e+01 -2.427554e+02 1.538907e-01
    endloop
  endfacet
  facet normal -1.114016e-01 -2.689472e-01 -9.566907e-01
    outer loop
      vertex   -7.960759e+01 -2.440941e+02 6.096488e-01
      vertex   -7.892550e+01 -2.427554e+02 1.538907e-01
      vertex   -7.832821e+01 -2.446240e+02 6.096488e-01
    endloop
  endfacet
  facet normal -1.114016e-01 -2.689472e-01 -9.566907e-01
    outer loop
      vertex   -7.832821e+01 -2.446240e+02 6.096488e-01
      vertex   -7.892550e+01 -2.427554e+02 1.538907e-01
      vertex   -7.786393e+01 -2.431951e+02 1.538907e-01
    endloop
  endfacet
  facet normal -6.795742e-02 -2.830630e-01 -9.566907e-01
    outer loop
      vertex   -7.832821e+01 -2.446240e+02 6.096488e-01
      vertex   -7.786393e+01 -2.431951e+02 1.538907e-01
      vertex   -7.698168e+01 -2.449473e+02 6.096488e-01
    endloop
  endfacet
  facet normal -6.795742e-02 -2.830630e-01 -9.566907e-01
    outer loop
      vertex   -7.698168e+01 -2.449473e+02 6.096488e-01
      vertex   -7.786393e+01 -2.431951e+02 1.538907e-01
      vertex   -7.674665e+01 -2.434633e+02 1.538907e-01
    endloop
  endfacet
  facet normal -9.801422e-02 -7.713887e-03 -9.951551e-01
    outer loop
      vertex   -8.292364e+01 -2.362310e+02 1.538907e-01
      vertex   -8.136116e+01 -2.362310e+02 0.000000e+00
      vertex   -8.283349e+01 -2.373765e+02 1.538907e-01
    endloop
  endfacet
  facet normal -9.565184e-02 -1.077737e-02 -9.953565e-01
    outer loop
      vertex   -8.283349e+01 -2.373765e+02 1.538907e-01
      vertex   -8.136116e+01 -2.362310e+02 0.000000e+00
      vertex   -8.121675e+01 -2.375127e+02 0.000000e+00
    endloop
  endfacet
  facet normal -9.666976e-02 -2.320836e-02 -9.950459e-01
    outer loop
      vertex   -8.283349e+01 -2.373765e+02 1.538907e-01
      vertex   -8.121675e+01 -2.375127e+02 0.000000e+00
      vertex   -8.256525e+01 -2.384938e+02 1.538907e-01
    endloop
  endfacet
  facet normal -9.054374e-02 -3.168262e-02 -9.953884e-01
    outer loop
      vertex   -8.256525e+01 -2.384938e+02 1.538907e-01
      vertex   -8.121675e+01 -2.375127e+02 0.000000e+00
      vertex   -8.079074e+01 -2.387302e+02 0.000000e+00
    endloop
  endfacet
  facet normal -9.133824e-02 -3.783354e-02 -9.951010e-01
    outer loop
      vertex   -8.256525e+01 -2.384938e+02 1.538907e-01
      vertex   -8.079074e+01 -2.387302e+02 0.000000e+00
      vertex   -8.212554e+01 -2.395553e+02 1.538907e-01
    endloop
  endfacet
  facet normal -8.321627e-02 -5.099500e-02 -9.952259e-01
    outer loop
      vertex   -8.212554e+01 -2.395553e+02 1.538907e-01
      vertex   -8.079074e+01 -2.387302e+02 0.000000e+00
      vertex   -8.152517e+01 -2.405350e+02 1.538907e-01
    endloop
  endfacet
  facet normal -8.197339e-02 -5.150729e-02 -9.953026e-01
    outer loop
      vertex   -8.079074e+01 -2.387302e+02 0.000000e+00
      vertex   -8.010451e+01 -2.398223e+02 0.000000e+00
      vertex   -8.152517e+01 -2.405350e+02 1.538907e-01
    endloop
  endfacet
  facet normal -7.545634e-02 -6.444580e-02 -9.950644e-01
    outer loop
      vertex   -8.152517e+01 -2.405350e+02 1.538907e-01
      vertex   -8.010451e+01 -2.398223e+02 0.000000e+00
      vertex   -8.077894e+01 -2.414088e+02 1.538907e-01
    endloop
  endfacet
  facet normal -6.775301e-02 -6.775301e-02 -9.953989e-01
    outer loop
      vertex   -8.010451e+01 -2.398223e+02 0.000000e+00
      vertex   -7.919246e+01 -2.407343e+02 0.000000e+00
      vertex   -8.077894e+01 -2.414088e+02 1.538907e-01
    endloop
  endfacet
  facet normal -6.444580e-02 -7.545634e-02 -9.950644e-01
    outer loop
      vertex   -8.077894e+01 -2.414088e+02 1.538907e-01
      vertex   -7.919246e+01 -2.407343e+02 0.000000e+00
      vertex   -7.990521e+01 -2.421550e+02 1.538907e-01
    endloop
  endfacet
  facet normal -5.150729e-02 -8.197339e-02 -9.953026e-01
    outer loop
      vertex   -7.919246e+01 -2.407343e+02 0.000000e+00
      vertex   -7.810033e+01 -2.414206e+02 0.000000e+00
      vertex   -7.990521e+01 -2.421550e+02 1.538907e-01
    endloop
  endfacet
  facet normal -5.099500e-02 -8.321627e-02 -9.952259e-01
    outer loop
      vertex   -7.990521e+01 -2.421550e+02 1.538907e-01
      vertex   -7.810033e+01 -2.414206e+02 0.000000e+00
      vertex   -7.892550e+01 -2.427554e+02 1.538907e-01
    endloop
  endfacet
  facet normal -3.783354e-02 -9.133824e-02 -9.951010e-01
    outer loop
      vertex   -7.892550e+01 -2.427554e+02 1.538907e-01
      vertex   -7.810033e+01 -2.414206e+02 0.000000e+00
      vertex   -7.786393e+01 -2.431951e+02 1.538907e-01
    endloop
  endfacet
  facet normal -3.168262e-02 -9.054374e-02 -9.953884e-01
    outer loop
      vertex   -7.786393e+01 -2.431951e+02 1.538907e-01
      vertex   -7.810033e+01 -2.414206e+02 0.000000e+00
      vertex   -7.688288e+01 -2.418466e+02 0.000000e+00
    endloop
  endfacet
  facet normal -2.320836e-02 -9.666976e-02 -9.950459e-01
    outer loop
      vertex   -7.786393e+01 -2.431951e+02 1.538907e-01
      vertex   -7.688288e+01 -2.418466e+02 0.000000e+00
      vertex   -7.674665e+01 -2.434633e+02 1.538907e-01
    endloop
  endfacet
  facet normal -4.592808e-15 -9.979967e-01 -6.326599e-02
    outer loop
      vertex   -5.569763e+01 -2.500000e+02 8.009000e+00
      vertex   -5.718073e+01 -2.499359e+02 6.998248e+00
      vertex   -4.949725e+01 -2.500000e+02 8.009000e+00
    endloop
  endfacet
  facet normal 4.594871e-03 -9.951742e-01 -9.801611e-02
    outer loop
      vertex   -4.949725e+01 -2.500000e+02 8.009000e+00
      vertex   -5.718073e+01 -2.499359e+02 6.998248e+00
      vertex   -4.949725e+01 -2.498461e+02 6.446522e+00
    endloop
  endfacet
  facet normal -7.865046e-04 -9.852122e-01 -1.713367e-01
    outer loop
      vertex   -4.949725e+01 -2.498461e+02 6.446522e+00
      vertex   -5.718073e+01 -2.499359e+02 6.998248e+00
      vertex   -5.883040e+01 -2.498042e+02 6.248396e+00
    endloop
  endfacet
  facet normal 1.003087e-03 -9.677413e-01 -2.519442e-01
    outer loop
      vertex   -4.949725e+01 -2.498461e+02 6.446522e+00
      vertex   -5.883040e+01 -2.498042e+02 6.248396e+00
      vertex   -6.057613e+01 -2.496880e+02 5.794964e+00
    endloop
  endfacet
  facet normal 3.412081e-03 -9.569348e-01 -2.902830e-01
    outer loop
      vertex   -4.949725e+01 -2.498461e+02 6.446522e+00
      vertex   -6.057613e+01 -2.496880e+02 5.794964e+00
      vertex   -4.949725e+01 -2.493904e+02 4.944088e+00
    endloop
  endfacet
  facet normal 1.955783e-03 -9.515867e-01 -3.073742e-01
    outer loop
      vertex   -4.949725e+01 -2.493904e+02 4.944088e+00
      vertex   -6.057613e+01 -2.496880e+02 5.794964e+00
      vertex   -6.233271e+01 -2.496438e+02 5.646923e+00
    endloop
  endfacet
  facet normal 2.654276e-16 -9.407234e-01 -3.391748e-01
    outer loop
      vertex   -4.949725e+01 -2.493904e+02 4.944088e+00
      vertex   -6.233271e+01 -2.496438e+02 5.646923e+00
      vertex   -7.560116e+01 -2.493904e+02 4.944088e+00
    endloop
  endfacet
  facet normal -1.916865e-03 -9.517227e-01 -3.069530e-01
    outer loop
      vertex   -7.560116e+01 -2.493904e+02 4.944088e+00
      vertex   -6.233271e+01 -2.496438e+02 5.646923e+00
      vertex   -6.408928e+01 -2.496880e+02 5.794964e+00
    endloop
  endfacet
  facet normal -3.283742e-03 -9.569352e-01 -2.902831e-01
    outer loop
      vertex   -7.560116e+01 -2.493904e+02 4.944088e+00
      vertex   -6.408928e+01 -2.496880e+02 5.794964e+00
      vertex   -7.560116e+01 -2.498461e+02 6.446522e+00
    endloop
  endfacet
  facet normal -9.548900e-04 -9.677866e-01 -2.517702e-01
    outer loop
      vertex   -7.560116e+01 -2.498461e+02 6.446522e+00
      vertex   -6.408928e+01 -2.496880e+02 5.794964e+00
      vertex   -6.583501e+01 -2.498042e+02 6.248396e+00
    endloop
  endfacet
  facet normal 7.499940e-04 -9.851987e-01 -1.714146e-01
    outer loop
      vertex   -7.560116e+01 -2.498461e+02 6.446522e+00
      vertex   -6.583501e+01 -2.498042e+02 6.248396e+00
      vertex   -6.748468e+01 -2.499359e+02 6.998248e+00
    endloop
  endfacet
  facet normal 4.293007e-15 -9.979967e-01 -6.326599e-02
    outer loop
      vertex   -6.896778e+01 -2.500000e+02 8.009000e+00
      vertex   -7.560116e+01 -2.500000e+02 8.009000e+00
      vertex   -6.748468e+01 -2.499359e+02 6.998248e+00
    endloop
  endfacet
  facet normal -4.349747e-03 -9.951753e-01 -9.801621e-02
    outer loop
      vertex   -6.748468e+01 -2.499359e+02 6.998248e+00
      vertex   -7.560116e+01 -2.500000e+02 8.009000e+00
      vertex   -7.560116e+01 -2.498461e+02 6.446522e+00
    endloop
  endfacet
  facet normal 3.689003e-16 -8.819213e-01 -4.713967e-01
    outer loop
      vertex   -4.949725e+01 -2.493904e+02 4.944088e+00
      vertex   -7.560116e+01 -2.493904e+02 4.944088e+00
      vertex   -4.949725e+01 -2.486502e+02 3.559438e+00
    endloop
  endfacet
  facet normal 5.212722e-16 -8.819213e-01 -4.713967e-01
    outer loop
      vertex   -4.949725e+01 -2.486502e+02 3.559438e+00
      vertex   -7.560116e+01 -2.493904e+02 4.944088e+00
      vertex   -7.560116e+01 -2.486502e+02 3.559438e+00
    endloop
  endfacet
  facet normal 7.015144e-16 -7.730105e-01 -6.343933e-01
    outer loop
      vertex   -4.949725e+01 -2.486502e+02 3.559438e+00
      vertex   -7.560116e+01 -2.486502e+02 3.559438e+00
      vertex   -4.949725e+01 -2.476542e+02 2.345782e+00
    endloop
  endfacet
  facet normal 8.634023e-16 -7.730105e-01 -6.343933e-01
    outer loop
      vertex   -4.949725e+01 -2.476542e+02 2.345782e+00
      vertex   -7.560116e+01 -2.486502e+02 3.559438e+00
      vertex   -7.560116e+01 -2.476542e+02 2.345782e+00
    endloop
  endfacet
  facet normal 1.052059e-15 -6.343933e-01 -7.730105e-01
    outer loop
      vertex   -4.949725e+01 -2.476542e+02 2.345782e+00
      vertex   -7.560116e+01 -2.476542e+02 2.345782e+00
      vertex   -4.949725e+01 -2.464406e+02 1.349760e+00
    endloop
  endfacet
  facet normal 5.257211e-16 -6.343933e-01 -7.730105e-01
    outer loop
      vertex   -4.949725e+01 -2.464406e+02 1.349760e+00
      vertex   -7.560116e+01 -2.476542e+02 2.345782e+00
      vertex   -7.560116e+01 -2.464406e+02 1.349760e+00
    endloop
  endfacet
  facet normal 8.745771e-16 -4.713967e-01 -8.819213e-01
    outer loop
      vertex   -4.949725e+01 -2.464406e+02 1.349760e+00
      vertex   -7.560116e+01 -2.464406e+02 1.349760e+00
      vertex   -4.949725e+01 -2.450559e+02 6.096488e-01
    endloop
  endfacet
  facet normal 1.024613e-15 -4.713967e-01 -8.819213e-01
    outer loop
      vertex   -4.949725e+01 -2.450559e+02 6.096488e-01
      vertex   -7.560116e+01 -2.464406e+02 1.349760e+00
      vertex   -7.560116e+01 -2.450559e+02 6.096488e-01
    endloop
  endfacet
  facet normal 1.352622e-15 -2.902847e-01 -9.569403e-01
    outer loop
      vertex   -4.949725e+01 -2.450559e+02 6.096488e-01
      vertex   -7.560116e+01 -2.450559e+02 6.096488e-01
      vertex   -4.949725e+01 -2.435535e+02 1.538907e-01
    endloop
  endfacet
  facet normal 1.790780e-15 -2.902847e-01 -9.569403e-01
    outer loop
      vertex   -4.949725e+01 -2.435535e+02 1.538907e-01
      vertex   -7.560116e+01 -2.450559e+02 6.096488e-01
      vertex   -7.560116e+01 -2.435535e+02 1.538907e-01
    endloop
  endfacet
  facet normal 1.862349e-15 -9.801714e-02 -9.951847e-01
    outer loop
      vertex   -4.949725e+01 -2.435535e+02 1.538907e-01
      vertex   -7.560116e+01 -2.435535e+02 1.538907e-01
      vertex   -4.949725e+01 -2.419910e+02 0.000000e+00
    endloop
  endfacet
  facet normal -1.067202e-16 -9.801714e-02 -9.951847e-01
    outer loop
      vertex   -4.949725e+01 -2.419910e+02 0.000000e+00
      vertex   -7.560116e+01 -2.435535e+02 1.538907e-01
      vertex   -7.560116e+01 -2.419910e+02 0.000000e+00
    endloop
  endfacet
  facet normal -9.401456e-01 3.407732e-01 0.000000e+00
    outer loop
      vertex   -8.485576e+01 -3.806728e+01 9.074029e+01
      vertex   -8.485576e+01 -3.806728e+01 8.009000e+00
      vertex   -8.622363e+01 -4.184103e+01 9.074029e+01
    endloop
  endfacet
  facet normal -9.401456e-01 3.407732e-01 8.780253e-17
    outer loop
      vertex   -8.622363e+01 -4.184103e+01 9.074029e+01
      vertex   -8.485576e+01 -3.806728e+01 8.009000e+00
      vertex   -8.622363e+01 -4.184103e+01 8.009000e+00
    endloop
  endfacet
  facet normal -9.597982e-01 2.806909e-01 7.232192e-17
    outer loop
      vertex   -8.622363e+01 -4.184103e+01 9.074029e+01
      vertex   -8.622363e+01 -4.184103e+01 8.009000e+00
      vertex   -8.735033e+01 -4.569367e+01 9.074029e+01
    endloop
  endfacet
  facet normal -9.597982e-01 2.806909e-01 0.000000e+00
    outer loop
      vertex   -8.735033e+01 -4.569367e+01 9.074029e+01
      vertex   -8.622363e+01 -4.184103e+01 8.009000e+00
      vertex   -8.735033e+01 -4.569367e+01 8.009000e+00
    endloop
  endfacet
  facet normal -9.756154e-01 2.194869e-01 0.000000e+00
    outer loop
      vertex   -8.735033e+01 -4.569367e+01 9.074029e+01
      vertex   -8.735033e+01 -4.569367e+01 8.009000e+00
      vertex   -8.823135e+01 -4.960981e+01 9.074029e+01
    endloop
  endfacet
  facet normal -9.756154e-01 2.194869e-01 5.655231e-17
    outer loop
      vertex   -8.823135e+01 -4.960981e+01 9.074029e+01
      vertex   -8.735033e+01 -4.569367e+01 8.009000e+00
      vertex   -8.823135e+01 -4.960981e+01 8.009000e+00
    endloop
  endfacet
  facet normal -9.875340e-01 1.574059e-01 4.055671e-17
    outer loop
      vertex   -8.823135e+01 -4.960981e+01 9.074029e+01
      vertex   -8.823135e+01 -4.960981e+01 8.009000e+00
      vertex   -8.886318e+01 -5.357378e+01 9.074029e+01
    endloop
  endfacet
  facet normal -9.875340e-01 1.574059e-01 8.111341e-17
    outer loop
      vertex   -8.886318e+01 -5.357378e+01 9.074029e+01
      vertex   -8.823135e+01 -4.960981e+01 8.009000e+00
      vertex   -8.886318e+01 -5.357378e+01 8.009000e+00
    endloop
  endfacet
  facet normal -9.955063e-01 9.469585e-02 4.879806e-17
    outer loop
      vertex   -8.886318e+01 -5.357378e+01 9.074029e+01
      vertex   -8.886318e+01 -5.357378e+01 8.009000e+00
      vertex   -8.924329e+01 -5.756975e+01 9.074029e+01
    endloop
  endfacet
  facet normal -9.955063e-01 9.469585e-02 1.626602e-17
    outer loop
      vertex   -8.924329e+01 -5.756975e+01 9.074029e+01
      vertex   -8.886318e+01 -5.357378e+01 8.009000e+00
      vertex   -8.924329e+01 -5.756975e+01 8.009000e+00
    endloop
  endfacet
  facet normal -9.995004e-01 3.160738e-02 5.429239e-18
    outer loop
      vertex   -8.924329e+01 -5.756975e+01 9.074029e+01
      vertex   -8.924329e+01 -5.756975e+01 8.009000e+00
      vertex   -8.937016e+01 -6.158176e+01 9.074029e+01
    endloop
  endfacet
  facet normal -9.995004e-01 3.160738e-02 2.714620e-18
    outer loop
      vertex   -8.937016e+01 -6.158176e+01 9.074029e+01
      vertex   -8.924329e+01 -5.756975e+01 8.009000e+00
      vertex   -8.937016e+01 -6.158176e+01 8.009000e+00
    endloop
  endfacet
  facet normal -1.000000e+00 0.000000e+00 0.000000e+00
    outer loop
      vertex   -8.937016e+01 -6.158176e+01 8.009000e+00
      vertex   -8.937016e+01 -2.362310e+02 8.009000e+00
      vertex   -8.937016e+01 -6.158176e+01 9.074029e+01
    endloop
  endfacet
  facet normal -1.000000e+00 -0.000000e+00 0.000000e+00
    outer loop
      vertex   -8.937016e+01 -6.158176e+01 9.074029e+01
      vertex   -8.937016e+01 -2.362310e+02 8.009000e+00
      vertex   -8.937016e+01 -2.362310e+02 9.074029e+01
    endloop
  endfacet
  facet normal -9.969173e-01 -7.845910e-02 -0.000000e+00
    outer loop
      vertex   -8.937016e+01 -2.362310e+02 9.074029e+01
      vertex   -8.937016e+01 -2.362310e+02 8.009000e+00
      vertex   -8.920064e+01 -2.383849e+02 4.937464e+01
    endloop
  endfacet
  facet normal -9.969173e-01 -7.845910e-02 -0.000000e+00
    outer loop
      vertex   -8.920064e+01 -2.383849e+02 4.937464e+01
      vertex   -8.937016e+01 -2.362310e+02 8.009000e+00
      vertex   -8.920064e+01 -2.383849e+02 8.009000e+00
    endloop
  endfacet
  facet normal -9.723699e-01 -2.334454e-01 -0.000000e+00
    outer loop
      vertex   -8.920064e+01 -2.383849e+02 4.937464e+01
      vertex   -8.920064e+01 -2.383849e+02 8.009000e+00
      vertex   -8.869626e+01 -2.404859e+02 4.937464e+01
    endloop
  endfacet
  facet normal -9.723699e-01 -2.334454e-01 -3.340503e-16
    outer loop
      vertex   -8.869626e+01 -2.404859e+02 4.937464e+01
      vertex   -8.920064e+01 -2.383849e+02 8.009000e+00
      vertex   -8.869626e+01 -2.404859e+02 8.009000e+00
    endloop
  endfacet
  facet normal -9.238795e-01 -3.826834e-01 -3.173918e-16
    outer loop
      vertex   -8.869626e+01 -2.404859e+02 4.937464e+01
      vertex   -8.869626e+01 -2.404859e+02 8.009000e+00
      vertex   -8.786943e+01 -2.424820e+02 4.937464e+01
    endloop
  endfacet
  facet normal -9.238795e-01 -3.826834e-01 -0.000000e+00
    outer loop
      vertex   -8.786943e+01 -2.424820e+02 4.937464e+01
      vertex   -8.869626e+01 -2.404859e+02 8.009000e+00
      vertex   -8.786943e+01 -2.424820e+02 8.009000e+00
    endloop
  endfacet
  facet normal -8.526402e-01 -5.224986e-01 -0.000000e+00
    outer loop
      vertex   -8.786943e+01 -2.424820e+02 4.937464e+01
      vertex   -8.786943e+01 -2.424820e+02 8.009000e+00
      vertex   -8.674052e+01 -2.443242e+02 4.937464e+01
    endloop
  endfacet
  facet normal -8.526402e-01 -5.224986e-01 -0.000000e+00
    outer loop
      vertex   -8.674052e+01 -2.443242e+02 4.937464e+01
      vertex   -8.786943e+01 -2.424820e+02 8.009000e+00
      vertex   -8.674052e+01 -2.443242e+02 8.009000e+00
    endloop
  endfacet
  facet normal -7.604060e-01 -6.494480e-01 -0.000000e+00
    outer loop
      vertex   -8.674052e+01 -2.443242e+02 4.937464e+01
      vertex   -8.674052e+01 -2.443242e+02 8.009000e+00
      vertex   -8.533731e+01 -2.459672e+02 4.937464e+01
    endloop
  endfacet
  facet normal -7.604060e-01 -6.494480e-01 -0.000000e+00
    outer loop
      vertex   -8.533731e+01 -2.459672e+02 4.937464e+01
      vertex   -8.674052e+01 -2.443242e+02 8.009000e+00
      vertex   -8.533731e+01 -2.459672e+02 8.009000e+00
    endloop
  endfacet
  facet normal -6.494480e-01 -7.604060e-01 -0.000000e+00
    outer loop
      vertex   -8.533731e+01 -2.459672e+02 4.937464e+01
      vertex   -8.533731e+01 -2.459672e+02 8.009000e+00
      vertex   -8.369438e+01 -2.473704e+02 4.937464e+01
    endloop
  endfacet
  facet normal -6.494480e-01 -7.604060e-01 -9.686894e-16
    outer loop
      vertex   -8.369438e+01 -2.473704e+02 4.937464e+01
      vertex   -8.533731e+01 -2.459672e+02 8.009000e+00
      vertex   -8.369438e+01 -2.473704e+02 8.009000e+00
    endloop
  endfacet
  facet normal -5.224986e-01 -8.526402e-01 -9.448370e-16
    outer loop
      vertex   -8.369438e+01 -2.473704e+02 4.937464e+01
      vertex   -8.369438e+01 -2.473704e+02 8.009000e+00
      vertex   -8.185216e+01 -2.484993e+02 4.937464e+01
    endloop
  endfacet
  facet normal -5.224986e-01 -8.526402e-01 7.653366e-16
    outer loop
      vertex   -8.185216e+01 -2.484993e+02 4.937464e+01
      vertex   -8.369438e+01 -2.473704e+02 8.009000e+00
      vertex   -8.185216e+01 -2.484993e+02 8.009000e+00
    endloop
  endfacet
  facet normal -3.826834e-01 -9.238795e-01 7.662517e-16
    outer loop
      vertex   -8.185216e+01 -2.484993e+02 4.937464e+01
      vertex   -8.185216e+01 -2.484993e+02 8.009000e+00
      vertex   -7.985602e+01 -2.493261e+02 4.937464e+01
    endloop
  endfacet
  facet normal -3.826834e-01 -9.238795e-01 -0.000000e+00
    outer loop
      vertex   -7.985602e+01 -2.493261e+02 4.937464e+01
      vertex   -8.185216e+01 -2.484993e+02 8.009000e+00
      vertex   -7.985602e+01 -2.493261e+02 8.009000e+00
    endloop
  endfacet
  facet normal -2.334454e-01 -9.723699e-01 -0.000000e+00
    outer loop
      vertex   -7.985602e+01 -2.493261e+02 4.937464e+01
      vertex   -7.985602e+01 -2.493261e+02 8.009000e+00
      vertex   -7.775511e+01 -2.498305e+02 4.937464e+01
    endloop
  endfacet
  facet normal -2.334454e-01 -9.723699e-01 6.681007e-16
    outer loop
      vertex   -7.775511e+01 -2.498305e+02 4.937464e+01
      vertex   -7.985602e+01 -2.493261e+02 8.009000e+00
      vertex   -7.775511e+01 -2.498305e+02 8.009000e+00
    endloop
  endfacet
  facet normal -7.845910e-02 -9.969173e-01 6.849668e-16
    outer loop
      vertex   -7.775511e+01 -2.498305e+02 4.937464e+01
      vertex   -7.775511e+01 -2.498305e+02 8.009000e+00
      vertex   -7.560116e+01 -2.500000e+02 8.009000e+00
    endloop
  endfacet
  facet normal -7.845910e-02 -9.969173e-01 0.000000e+00
    outer loop
      vertex   -7.560116e+01 -2.500000e+02 8.009000e+00
      vertex   -7.560116e+01 -2.500000e+02 9.074029e+01
      vertex   -7.775511e+01 -2.498305e+02 4.937464e+01
    endloop
  endfacet
  facet normal -7.845910e-02 -9.969173e-01 -6.849668e-16
    outer loop
      vertex   -7.775511e+01 -2.498305e+02 4.937464e+01
      vertex   -7.560116e+01 -2.500000e+02 9.074029e+01
      vertex   -7.775511e+01 -2.498305e+02 9.074029e+01
    endloop
  endfacet
  facet normal -2.334454e-01 -9.723699e-01 -6.681007e-16
    outer loop
      vertex   -7.775511e+01 -2.498305e+02 4.937464e+01
      vertex   -7.775511e+01 -2.498305e+02 9.074029e+01
      vertex   -7.985602e+01 -2.493261e+02 4.937464e+01
    endloop
  endfacet
  facet normal -2.334454e-01 -9.723699e-01 0.000000e+00
    outer loop
      vertex   -7.985602e+01 -2.493261e+02 4.937464e+01
      vertex   -7.775511e+01 -2.498305e+02 9.074029e+01
      vertex   -7.985602e+01 -2.493261e+02 9.074029e+01
    endloop
  endfacet
  facet normal -3.826834e-01 -9.238795e-01 0.000000e+00
    outer loop
      vertex   -7.985602e+01 -2.493261e+02 4.937464e+01
      vertex   -7.985602e+01 -2.493261e+02 9.074029e+01
      vertex   -8.185216e+01 -2.484993e+02 4.937464e+01
    endloop
  endfacet
  facet normal -3.826834e-01 -9.238795e-01 -7.662517e-16
    outer loop
      vertex   -8.185216e+01 -2.484993e+02 4.937464e+01
      vertex   -7.985602e+01 -2.493261e+02 9.074029e+01
      vertex   -8.185216e+01 -2.484993e+02 9.074029e+01
    endloop
  endfacet
  facet normal -5.224986e-01 -8.526402e-01 -7.653366e-16
    outer loop
      vertex   -8.185216e+01 -2.484993e+02 4.937464e+01
      vertex   -8.185216e+01 -2.484993e+02 9.074029e+01
      vertex   -8.369438e+01 -2.473704e+02 4.937464e+01
    endloop
  endfacet
  facet normal -5.224986e-01 -8.526402e-01 9.448370e-16
    outer loop
      vertex   -8.369438e+01 -2.473704e+02 4.937464e+01
      vertex   -8.185216e+01 -2.484993e+02 9.074029e+01
      vertex   -8.369438e+01 -2.473704e+02 9.074029e+01
    endloop
  endfacet
  facet normal -6.494480e-01 -7.604060e-01 9.686894e-16
    outer loop
      vertex   -8.369438e+01 -2.473704e+02 4.937464e+01
      vertex   -8.369438e+01 -2.473704e+02 9.074029e+01
      vertex   -8.533731e+01 -2.459672e+02 4.937464e+01
    endloop
  endfacet
  facet normal -6.494480e-01 -7.604060e-01 0.000000e+00
    outer loop
      vertex   -8.533731e+01 -2.459672e+02 4.937464e+01
      vertex   -8.369438e+01 -2.473704e+02 9.074029e+01
      vertex   -8.533731e+01 -2.459672e+02 9.074029e+01
    endloop
  endfacet
  facet normal -7.604060e-01 -6.494480e-01 0.000000e+00
    outer loop
      vertex   -8.533731e+01 -2.459672e+02 4.937464e+01
      vertex   -8.533731e+01 -2.459672e+02 9.074029e+01
      vertex   -8.674052e+01 -2.443242e+02 4.937464e+01
    endloop
  endfacet
  facet normal -7.604060e-01 -6.494480e-01 0.000000e+00
    outer loop
      vertex   -8.674052e+01 -2.443242e+02 4.937464e+01
      vertex   -8.533731e+01 -2.459672e+02 9.074029e+01
      vertex   -8.674052e+01 -2.443242e+02 9.074029e+01
    endloop
  endfacet
  facet normal -8.526402e-01 -5.224986e-01 0.000000e+00
    outer loop
      vertex   -8.674052e+01 -2.443242e+02 4.937464e+01
      vertex   -8.674052e+01 -2.443242e+02 9.074029e+01
      vertex   -8.786943e+01 -2.424820e+02 4.937464e+01
    endloop
  endfacet
  facet normal -8.526402e-01 -5.224986e-01 0.000000e+00
    outer loop
      vertex   -8.786943e+01 -2.424820e+02 4.937464e+01
      vertex   -8.674052e+01 -2.443242e+02 9.074029e+01
      vertex   -8.786943e+01 -2.424820e+02 9.074029e+01
    endloop
  endfacet
  facet normal -9.238795e-01 -3.826834e-01 0.000000e+00
    outer loop
      vertex   -8.786943e+01 -2.424820e+02 4.937464e+01
      vertex   -8.786943e+01 -2.424820e+02 9.074029e+01
      vertex   -8.869626e+01 -2.404859e+02 4.937464e+01
    endloop
  endfacet
  facet normal -9.238795e-01 -3.826834e-01 3.173918e-16
    outer loop
      vertex   -8.869626e+01 -2.404859e+02 4.937464e+01
      vertex   -8.786943e+01 -2.424820e+02 9.074029e+01
      vertex   -8.869626e+01 -2.404859e+02 9.074029e+01
    endloop
  endfacet
  facet normal -9.723699e-01 -2.334454e-01 3.340503e-16
    outer loop
      vertex   -8.869626e+01 -2.404859e+02 4.937464e+01
      vertex   -8.869626e+01 -2.404859e+02 9.074029e+01
      vertex   -8.920064e+01 -2.383849e+02 4.937464e+01
    endloop
  endfacet
  facet normal -9.723699e-01 -2.334454e-01 0.000000e+00
    outer loop
      vertex   -8.920064e+01 -2.383849e+02 4.937464e+01
      vertex   -8.869626e+01 -2.404859e+02 9.074029e+01
      vertex   -8.920064e+01 -2.383849e+02 9.074029e+01
    endloop
  endfacet
  facet normal -9.969173e-01 -7.845910e-02 0.000000e+00
    outer loop
      vertex   -8.920064e+01 -2.383849e+02 4.937464e+01
      vertex   -8.920064e+01 -2.383849e+02 9.074029e+01
      vertex   -8.937016e+01 -2.362310e+02 9.074029e+01
    endloop
  endfacet
  facet normal 7.845910e-02 -9.969173e-01 0.000000e+00
    outer loop
      vertex   -4.949725e+01 -2.500000e+02 9.074029e+01
      vertex   -4.949725e+01 -2.500000e+02 8.009000e+00
      vertex   -4.741010e+01 -2.498357e+02 4.937464e+01
    endloop
  endfacet
  facet normal 7.845910e-02 -9.969173e-01 0.000000e+00
    outer loop
      vertex   -4.741010e+01 -2.498357e+02 4.937464e+01
      vertex   -4.949725e+01 -2.500000e+02 8.009000e+00
      vertex   -4.741010e+01 -2.498357e+02 8.009000e+00
    endloop
  endfacet
  facet normal 2.334454e-01 -9.723699e-01 0.000000e+00
    outer loop
      vertex   -4.741010e+01 -2.498357e+02 4.937464e+01
      vertex   -4.741010e+01 -2.498357e+02 8.009000e+00
      vertex   -4.537435e+01 -2.493470e+02 4.937464e+01
    endloop
  endfacet
  facet normal 2.334454e-01 -9.723699e-01 0.000000e+00
    outer loop
      vertex   -4.537435e+01 -2.493470e+02 4.937464e+01
      vertex   -4.741010e+01 -2.498357e+02 8.009000e+00
      vertex   -4.537435e+01 -2.493470e+02 8.009000e+00
    endloop
  endfacet
  facet normal 3.826834e-01 -9.238795e-01 0.000000e+00
    outer loop
      vertex   -4.537435e+01 -2.493470e+02 4.937464e+01
      vertex   -4.537435e+01 -2.493470e+02 8.009000e+00
      vertex   -4.344011e+01 -2.485458e+02 4.937464e+01
    endloop
  endfacet
  facet normal 3.826834e-01 -9.238795e-01 1.335301e-15
    outer loop
      vertex   -4.344011e+01 -2.485458e+02 4.937464e+01
      vertex   -4.537435e+01 -2.493470e+02 8.009000e+00
      vertex   -4.344011e+01 -2.485458e+02 8.009000e+00
    endloop
  endfacet
  facet normal 5.224986e-01 -8.526402e-01 1.261423e-15
    outer loop
      vertex   -4.344011e+01 -2.485458e+02 4.937464e+01
      vertex   -4.344011e+01 -2.485458e+02 8.009000e+00
      vertex   -4.165502e+01 -2.474519e+02 4.937464e+01
    endloop
  endfacet
  facet normal 5.224986e-01 -8.526402e-01 8.975022e-17
    outer loop
      vertex   -4.165502e+01 -2.474519e+02 4.937464e+01
      vertex   -4.344011e+01 -2.485458e+02 8.009000e+00
      vertex   -4.165502e+01 -2.474519e+02 8.009000e+00
    endloop
  endfacet
  facet normal 6.494480e-01 -7.604060e-01 1.115565e-16
    outer loop
      vertex   -4.165502e+01 -2.474519e+02 4.937464e+01
      vertex   -4.165502e+01 -2.474519e+02 8.009000e+00
      vertex   -4.006303e+01 -2.460922e+02 4.937464e+01
    endloop
  endfacet
  facet normal 6.494480e-01 -7.604060e-01 1.115565e-16
    outer loop
      vertex   -4.006303e+01 -2.460922e+02 4.937464e+01
      vertex   -4.165502e+01 -2.474519e+02 8.009000e+00
      vertex   -4.006303e+01 -2.460922e+02 8.009000e+00
    endloop
  endfacet
  facet normal 7.604060e-01 -6.494480e-01 1.306159e-16
    outer loop
      vertex   -4.006303e+01 -2.460922e+02 4.937464e+01
      vertex   -4.006303e+01 -2.460922e+02 8.009000e+00
      vertex   -3.870335e+01 -2.445002e+02 4.937464e+01
    endloop
  endfacet
  facet normal 7.604060e-01 -6.494480e-01 0.000000e+00
    outer loop
      vertex   -3.870335e+01 -2.445002e+02 4.937464e+01
      vertex   -4.006303e+01 -2.460922e+02 8.009000e+00
      vertex   -3.870335e+01 -2.445002e+02 8.009000e+00
    endloop
  endfacet
  facet normal 8.526402e-01 -5.224986e-01 0.000000e+00
    outer loop
      vertex   -3.870335e+01 -2.445002e+02 4.937464e+01
      vertex   -3.870335e+01 -2.445002e+02 8.009000e+00
      vertex   -3.760944e+01 -2.427151e+02 4.937464e+01
    endloop
  endfacet
  facet normal 8.526402e-01 -5.224986e-01 0.000000e+00
    outer loop
      vertex   -3.760944e+01 -2.427151e+02 4.937464e+01
      vertex   -3.870335e+01 -2.445002e+02 8.009000e+00
      vertex   -3.760944e+01 -2.427151e+02 8.009000e+00
    endloop
  endfacet
  facet normal 9.238795e-01 -3.826834e-01 0.000000e+00
    outer loop
      vertex   -3.760944e+01 -2.427151e+02 4.937464e+01
      vertex   -3.760944e+01 -2.427151e+02 8.009000e+00
      vertex   -3.680825e+01 -2.407809e+02 4.937464e+01
    endloop
  endfacet
  facet normal 9.238795e-01 -3.826834e-01 0.000000e+00
    outer loop
      vertex   -3.680825e+01 -2.407809e+02 4.937464e+01
      vertex   -3.760944e+01 -2.427151e+02 8.009000e+00
      vertex   -3.680825e+01 -2.407809e+02 8.009000e+00
    endloop
  endfacet
  facet normal 9.723699e-01 -2.334454e-01 0.000000e+00
    outer loop
      vertex   -3.680825e+01 -2.407809e+02 4.937464e+01
      vertex   -3.680825e+01 -2.407809e+02 8.009000e+00
      vertex   -3.631951e+01 -2.387451e+02 4.937464e+01
    endloop
  endfacet
  facet normal 9.723699e-01 -2.334454e-01 0.000000e+00
    outer loop
      vertex   -3.631951e+01 -2.387451e+02 4.937464e+01
      vertex   -3.680825e+01 -2.407809e+02 8.009000e+00
      vertex   -3.631951e+01 -2.387451e+02 8.009000e+00
    endloop
  endfacet
  facet normal 9.969173e-01 -7.845910e-02 0.000000e+00
    outer loop
      vertex   -3.631951e+01 -2.387451e+02 4.937464e+01
      vertex   -3.631951e+01 -2.387451e+02 8.009000e+00
      vertex   -3.615525e+01 -2.366580e+02 8.009000e+00
    endloop
  endfacet
  facet normal 9.969173e-01 -7.845910e-02 0.000000e+00
    outer loop
      vertex   -3.615525e+01 -2.366580e+02 8.009000e+00
      vertex   -3.615525e+01 -2.366580e+02 9.074029e+01
      vertex   -3.631951e+01 -2.387451e+02 4.937464e+01
    endloop
  endfacet
  facet normal 9.969173e-01 -7.845910e-02 0.000000e+00
    outer loop
      vertex   -3.631951e+01 -2.387451e+02 4.937464e+01
      vertex   -3.615525e+01 -2.366580e+02 9.074029e+01
      vertex   -3.631951e+01 -2.387451e+02 9.074029e+01
    endloop
  endfacet
  facet normal 9.723699e-01 -2.334454e-01 0.000000e+00
    outer loop
      vertex   -3.631951e+01 -2.387451e+02 4.937464e+01
      vertex   -3.631951e+01 -2.387451e+02 9.074029e+01
      vertex   -3.680825e+01 -2.407809e+02 4.937464e+01
    endloop
  endfacet
  facet normal 9.723699e-01 -2.334454e-01 1.670252e-16
    outer loop
      vertex   -3.680825e+01 -2.407809e+02 4.937464e+01
      vertex   -3.631951e+01 -2.387451e+02 9.074029e+01
      vertex   -3.680825e+01 -2.407809e+02 9.074029e+01
    endloop
  endfacet
  facet normal 9.238795e-01 -3.826834e-01 1.586959e-16
    outer loop
      vertex   -3.680825e+01 -2.407809e+02 4.937464e+01
      vertex   -3.680825e+01 -2.407809e+02 9.074029e+01
      vertex   -3.760944e+01 -2.427151e+02 4.937464e+01
    endloop
  endfacet
  facet normal 9.238795e-01 -3.826834e-01 1.586959e-16
    outer loop
      vertex   -3.760944e+01 -2.427151e+02 4.937464e+01
      vertex   -3.680825e+01 -2.407809e+02 9.074029e+01
      vertex   -3.760944e+01 -2.427151e+02 9.074029e+01
    endloop
  endfacet
  facet normal 8.526402e-01 -5.224986e-01 1.464590e-16
    outer loop
      vertex   -3.760944e+01 -2.427151e+02 4.937464e+01
      vertex   -3.760944e+01 -2.427151e+02 9.074029e+01
      vertex   -3.870335e+01 -2.445002e+02 4.937464e+01
    endloop
  endfacet
  facet normal 8.526402e-01 -5.224986e-01 7.180017e-16
    outer loop
      vertex   -3.870335e+01 -2.445002e+02 4.937464e+01
      vertex   -3.760944e+01 -2.427151e+02 9.074029e+01
      vertex   -3.870335e+01 -2.445002e+02 9.074029e+01
    endloop
  endfacet
  facet normal 7.604060e-01 -6.494480e-01 8.924519e-16
    outer loop
      vertex   -3.870335e+01 -2.445002e+02 4.937464e+01
      vertex   -3.870335e+01 -2.445002e+02 9.074029e+01
      vertex   -4.006303e+01 -2.460922e+02 4.937464e+01
    endloop
  endfacet
  facet normal 7.604060e-01 -6.494480e-01 -1.306159e-16
    outer loop
      vertex   -4.006303e+01 -2.460922e+02 4.937464e+01
      vertex   -3.870335e+01 -2.445002e+02 9.074029e+01
      vertex   -4.006303e+01 -2.460922e+02 9.074029e+01
    endloop
  endfacet
  facet normal 6.494480e-01 -7.604060e-01 -1.115565e-16
    outer loop
      vertex   -4.006303e+01 -2.460922e+02 4.937464e+01
      vertex   -4.006303e+01 -2.460922e+02 9.074029e+01
      vertex   -4.165502e+01 -2.474519e+02 4.937464e+01
    endloop
  endfacet
  facet normal 6.494480e-01 -7.604060e-01 -1.115565e-16
    outer loop
      vertex   -4.165502e+01 -2.474519e+02 4.937464e+01
      vertex   -4.006303e+01 -2.460922e+02 9.074029e+01
      vertex   -4.165502e+01 -2.474519e+02 9.074029e+01
    endloop
  endfacet
  facet normal 5.224986e-01 -8.526402e-01 -8.975022e-17
    outer loop
      vertex   -4.165502e+01 -2.474519e+02 4.937464e+01
      vertex   -4.165502e+01 -2.474519e+02 9.074029e+01
      vertex   -4.344011e+01 -2.485458e+02 4.937464e+01
    endloop
  endfacet
  facet normal 5.224986e-01 -8.526402e-01 -1.261423e-15
    outer loop
      vertex   -4.344011e+01 -2.485458e+02 4.937464e+01
      vertex   -4.165502e+01 -2.474519e+02 9.074029e+01
      vertex   -4.344011e+01 -2.485458e+02 9.074029e+01
    endloop
  endfacet
  facet normal 3.826834e-01 -9.238795e-01 -1.335301e-15
    outer loop
      vertex   -4.344011e+01 -2.485458e+02 4.937464e+01
      vertex   -4.344011e+01 -2.485458e+02 9.074029e+01
      vertex   -4.537435e+01 -2.493470e+02 4.937464e+01
    endloop
  endfacet
  facet normal 3.826834e-01 -9.238795e-01 0.000000e+00
    outer loop
      vertex   -4.537435e+01 -2.493470e+02 4.937464e+01
      vertex   -4.344011e+01 -2.485458e+02 9.074029e+01
      vertex   -4.537435e+01 -2.493470e+02 9.074029e+01
    endloop
  endfacet
  facet normal 2.334454e-01 -9.723699e-01 0.000000e+00
    outer loop
      vertex   -4.537435e+01 -2.493470e+02 4.937464e+01
      vertex   -4.537435e+01 -2.493470e+02 9.074029e+01
      vertex   -4.741010e+01 -2.498357e+02 4.937464e+01
    endloop
  endfacet
  facet normal 2.334454e-01 -9.723699e-01 0.000000e+00
    outer loop
      vertex   -4.741010e+01 -2.498357e+02 4.937464e+01
      vertex   -4.537435e+01 -2.493470e+02 9.074029e+01
      vertex   -4.741010e+01 -2.498357e+02 9.074029e+01
    endloop
  endfacet
  facet normal 7.845910e-02 -9.969173e-01 0.000000e+00
    outer loop
      vertex   -4.741010e+01 -2.498357e+02 4.937464e+01
      vertex   -4.741010e+01 -2.498357e+02 9.074029e+01
      vertex   -4.949725e+01 -2.500000e+02 9.074029e+01
    endloop
  endfacet
  facet normal -0.000000e+00 0.000000e+00 -1.000000e+00
    outer loop
      vertex   -4.429796e+01 -2.378447e+02 0.000000e+00
      vertex   -4.469238e+01 -2.389719e+02 0.000000e+00
      vertex   -4.416425e+01 -2.366580e+02 0.000000e+00
    endloop
  endfacet
  facet normal 0.000000e+00 0.000000e+00 -1.000000e+00
    outer loop
      vertex   -4.416425e+01 -2.366580e+02 0.000000e+00
      vertex   -4.469238e+01 -2.389719e+02 0.000000e+00
      vertex   -4.532774e+01 -2.399831e+02 0.000000e+00
    endloop
  endfacet
  facet normal 0.000000e+00 0.000000e+00 -1.000000e+00
    outer loop
      vertex   -4.416425e+01 -2.366580e+02 0.000000e+00
      vertex   -4.532774e+01 -2.399831e+02 0.000000e+00
      vertex   -4.617218e+01 -2.408275e+02 0.000000e+00
    endloop
  endfacet
  facet normal -0.000000e+00 0.000000e+00 -1.000000e+00
    outer loop
      vertex   -4.617218e+01 -2.408275e+02 0.000000e+00
      vertex   -4.718335e+01 -2.414629e+02 0.000000e+00
      vertex   -4.416425e+01 -2.366580e+02 0.000000e+00
    endloop
  endfacet
  facet normal 0.000000e+00 0.000000e+00 -1.000000e+00
    outer loop
      vertex   -4.416425e+01 -2.366580e+02 0.000000e+00
      vertex   -4.718335e+01 -2.414629e+02 0.000000e+00
      vertex   -4.831055e+01 -2.418573e+02 0.000000e+00
    endloop
  endfacet
  facet normal -0.000000e+00 0.000000e+00 -1.000000e+00
    outer loop
      vertex   -4.416425e+01 -2.366580e+02 0.000000e+00
      vertex   -4.831055e+01 -2.418573e+02 0.000000e+00
      vertex   -4.416425e+01 -6.177613e+01 0.000000e+00
    endloop
  endfacet
  facet normal 0.000000e+00 0.000000e+00 -1.000000e+00
    outer loop
      vertex   -4.416425e+01 -6.177613e+01 0.000000e+00
      vertex   -4.831055e+01 -2.418573e+02 0.000000e+00
      vertex   -4.949725e+01 -2.419910e+02 0.000000e+00
    endloop
  endfacet
  facet normal -0.000000e+00 0.000000e+00 -1.000000e+00
    outer loop
      vertex   -4.416425e+01 -6.177613e+01 0.000000e+00
      vertex   -4.949725e+01 -2.419910e+02 0.000000e+00
      vertex   -4.926254e+01 -3.615316e+01 0.000000e+00
    endloop
  endfacet
  facet normal -0.000000e+00 0.000000e+00 -1.000000e+00
    outer loop
      vertex   -4.926254e+01 -3.615316e+01 0.000000e+00
      vertex   -4.949725e+01 -2.419910e+02 0.000000e+00
      vertex   -5.939132e+01 -1.170827e+01 0.000000e+00
    endloop
  endfacet
  facet normal -0.000000e+00 -0.000000e+00 -1.000000e+00
    outer loop
      vertex   -5.939132e+01 -1.170827e+01 0.000000e+00
      vertex   -4.949725e+01 -2.419910e+02 0.000000e+00
      vertex   -6.258131e+01 -9.592561e+00 0.000000e+00
    endloop
  endfacet
  facet normal 0.000000e+00 0.000000e+00 -1.000000e+00
    outer loop
      vertex   -5.939132e+01 -1.170827e+01 0.000000e+00
      vertex   -6.258131e+01 -9.592561e+00 0.000000e+00
      vertex   -6.177602e+01 -9.682919e+00 0.000000e+00
    endloop
  endfacet
  facet normal 0.000000e+00 -0.000000e+00 -1.000000e+00
    outer loop
      vertex   -6.258131e+01 -9.592561e+00 0.000000e+00
      vertex   -4.949725e+01 -2.419910e+02 0.000000e+00
      vertex   -6.574251e+01 -1.175103e+01 0.000000e+00
    endloop
  endfacet
  facet normal 0.000000e+00 -0.000000e+00 -1.000000e+00
    outer loop
      vertex   -6.574251e+01 -1.175103e+01 0.000000e+00
      vertex   -4.949725e+01 -2.419910e+02 0.000000e+00
      vertex   -7.560116e+01 -2.419910e+02 0.000000e+00
    endloop
  endfacet
  facet normal 0.000000e+00 0.000000e+00 -1.000000e+00
    outer loop
      vertex   -6.574251e+01 -1.175103e+01 0.000000e+00
      vertex   -7.560116e+01 -2.419910e+02 0.000000e+00
      vertex   -7.741616e+01 -4.103316e+01 0.000000e+00
    endloop
  endfacet
  facet normal 0.000000e+00 -0.000000e+00 -1.000000e+00
    outer loop
      vertex   -7.741616e+01 -4.103316e+01 0.000000e+00
      vertex   -7.560116e+01 -2.419910e+02 0.000000e+00
      vertex   -8.136116e+01 -6.158176e+01 0.000000e+00
    endloop
  endfacet
  facet normal 0.000000e+00 0.000000e+00 -1.000000e+00
    outer loop
      vertex   -7.741616e+01 -4.103316e+01 0.000000e+00
      vertex   -8.136116e+01 -6.158176e+01 0.000000e+00
      vertex   -7.882542e+01 -4.499918e+01 0.000000e+00
    endloop
  endfacet
  facet normal 0.000000e+00 0.000000e+00 -1.000000e+00
    outer loop
      vertex   -7.882542e+01 -4.499918e+01 0.000000e+00
      vertex   -8.136116e+01 -6.158176e+01 0.000000e+00
      vertex   -7.993000e+01 -4.906062e+01 0.000000e+00
    endloop
  endfacet
  facet normal 0.000000e+00 0.000000e+00 -1.000000e+00
    outer loop
      vertex   -7.993000e+01 -4.906062e+01 0.000000e+00
      vertex   -8.136116e+01 -6.158176e+01 0.000000e+00
      vertex   -8.072356e+01 -5.319409e+01 0.000000e+00
    endloop
  endfacet
  facet normal 0.000000e+00 0.000000e+00 -1.000000e+00
    outer loop
      vertex   -8.072356e+01 -5.319409e+01 0.000000e+00
      vertex   -8.136116e+01 -6.158176e+01 0.000000e+00
      vertex   -8.120153e+01 -5.737582e+01 0.000000e+00
    endloop
  endfacet
  facet normal 0.000000e+00 0.000000e+00 -1.000000e+00
    outer loop
      vertex   -7.560116e+01 -2.419910e+02 0.000000e+00
      vertex   -7.688288e+01 -2.418466e+02 0.000000e+00
      vertex   -8.136116e+01 -6.158176e+01 0.000000e+00
    endloop
  endfacet
  facet normal 0.000000e+00 0.000000e+00 -1.000000e+00
    outer loop
      vertex   -8.136116e+01 -6.158176e+01 0.000000e+00
      vertex   -7.688288e+01 -2.418466e+02 0.000000e+00
      vertex   -8.136116e+01 -2.362310e+02 0.000000e+00
    endloop
  endfacet
  facet normal 0.000000e+00 0.000000e+00 -1.000000e+00
    outer loop
      vertex   -8.136116e+01 -2.362310e+02 0.000000e+00
      vertex   -7.688288e+01 -2.418466e+02 0.000000e+00
      vertex   -7.810033e+01 -2.414206e+02 0.000000e+00
    endloop
  endfacet
  facet normal 0.000000e+00 0.000000e+00 -1.000000e+00
    outer loop
      vertex   -8.136116e+01 -2.362310e+02 0.000000e+00
      vertex   -7.810033e+01 -2.414206e+02 0.000000e+00
      vertex   -7.919246e+01 -2.407343e+02 0.000000e+00
    endloop
  endfacet
  facet normal 0.000000e+00 0.000000e+00 -1.000000e+00
    outer loop
      vertex   -7.919246e+01 -2.407343e+02 0.000000e+00
      vertex   -8.010451e+01 -2.398223e+02 0.000000e+00
      vertex   -8.136116e+01 -2.362310e+02 0.000000e+00
    endloop
  endfacet
  facet normal 0.000000e+00 0.000000e+00 -1.000000e+00
    outer loop
      vertex   -8.136116e+01 -2.362310e+02 0.000000e+00
      vertex   -8.010451e+01 -2.398223e+02 0.000000e+00
      vertex   -8.079074e+01 -2.387302e+02 0.000000e+00
    endloop
  endfacet
  facet normal 0.000000e+00 0.000000e+00 -1.000000e+00
    outer loop
      vertex   -8.136116e+01 -2.362310e+02 0.000000e+00
      vertex   -8.079074e+01 -2.387302e+02 0.000000e+00
      vertex   -8.121675e+01 -2.375127e+02 0.000000e+00
    endloop
  endfacet
  facet normal 0.000000e+00 -0.000000e+00 -1.000000e+00
    outer loop
      vertex   -6.535556e+01 -1.103905e+01 0.000000e+00
      vertex   -6.481230e+01 -1.043778e+01 0.000000e+00
      vertex   -6.574251e+01 -1.175103e+01 0.000000e+00
    endloop
  endfacet
  facet normal 0.000000e+00 0.000000e+00 -1.000000e+00
    outer loop
      vertex   -6.574251e+01 -1.175103e+01 0.000000e+00
      vertex   -6.481230e+01 -1.043778e+01 0.000000e+00
      vertex   -6.414308e+01 -9.980842e+00 0.000000e+00
    endloop
  endfacet
  facet normal 0.000000e+00 0.000000e+00 -1.000000e+00
    outer loop
      vertex   -6.574251e+01 -1.175103e+01 0.000000e+00
      vertex   -6.414308e+01 -9.980842e+00 0.000000e+00
      vertex   -6.338530e+01 -9.693753e+00 0.000000e+00
    endloop
  endfacet
  facet normal 0.000000e+00 -0.000000e+00 -1.000000e+00
    outer loop
      vertex   -6.338530e+01 -9.693753e+00 0.000000e+00
      vertex   -6.258131e+01 -9.592561e+00 0.000000e+00
      vertex   -6.574251e+01 -1.175103e+01 0.000000e+00
    endloop
  endfacet
  facet normal 0.000000e+00 0.000000e+00 -1.000000e+00
    outer loop
      vertex   -6.177602e+01 -9.682919e+00 0.000000e+00
      vertex   -6.101444e+01 -9.959778e+00 0.000000e+00
      vertex   -5.939132e+01 -1.170827e+01 0.000000e+00
    endloop
  endfacet
  facet normal 0.000000e+00 0.000000e+00 -1.000000e+00
    outer loop
      vertex   -5.939132e+01 -1.170827e+01 0.000000e+00
      vertex   -6.101444e+01 -9.959778e+00 0.000000e+00
      vertex   -6.033913e+01 -1.040767e+01 0.000000e+00
    endloop
  endfacet
  facet normal 0.000000e+00 0.000000e+00 -1.000000e+00
    outer loop
      vertex   -5.939132e+01 -1.170827e+01 0.000000e+00
      vertex   -6.033913e+01 -1.040767e+01 0.000000e+00
      vertex   -5.978782e+01 -1.100156e+01 0.000000e+00
    endloop
  endfacet
  facet normal 0.000000e+00 0.000000e+00 -1.000000e+00
    outer loop
      vertex   -4.926254e+01 -3.615316e+01 0.000000e+00
      vertex   -4.771870e+01 -4.025371e+01 0.000000e+00
      vertex   -4.416425e+01 -6.177613e+01 0.000000e+00
    endloop
  endfacet
  facet normal 0.000000e+00 0.000000e+00 -1.000000e+00
    outer loop
      vertex   -4.416425e+01 -6.177613e+01 0.000000e+00
      vertex   -4.771870e+01 -4.025371e+01 0.000000e+00
      vertex   -4.644643e+01 -4.444648e+01 0.000000e+00
    endloop
  endfacet
  facet normal 0.000000e+00 0.000000e+00 -1.000000e+00
    outer loop
      vertex   -4.416425e+01 -6.177613e+01 0.000000e+00
      vertex   -4.644643e+01 -4.444648e+01 0.000000e+00
      vertex   -4.545120e+01 -4.871350e+01 0.000000e+00
    endloop
  endfacet
  facet normal 0.000000e+00 0.000000e+00 -1.000000e+00
    outer loop
      vertex   -4.545120e+01 -4.871350e+01 0.000000e+00
      vertex   -4.473725e+01 -5.303649e+01 0.000000e+00
      vertex   -4.416425e+01 -6.177613e+01 0.000000e+00
    endloop
  endfacet
  facet normal 0.000000e+00 0.000000e+00 -1.000000e+00
    outer loop
      vertex   -4.416425e+01 -6.177613e+01 0.000000e+00
      vertex   -4.473725e+01 -5.303649e+01 0.000000e+00
      vertex   -4.430765e+01 -5.739692e+01 0.000000e+00
    endloop
  endfacet
  facet normal -8.715574e-02 9.961947e-01 0.000000e+00
    outer loop
      vertex   -4.770138e+01 -2.468429e+02 9.074029e+01
      vertex   -4.770138e+01 -2.468429e+02 6.149353e+01
      vertex   -4.949725e+01 -2.470000e+02 9.074029e+01
    endloop
  endfacet
  facet normal -8.715574e-02 9.961947e-01 0.000000e+00
    outer loop
      vertex   -4.949725e+01 -2.470000e+02 9.074029e+01
      vertex   -4.770138e+01 -2.468429e+02 6.149353e+01
      vertex   -4.770138e+01 -2.468429e+02 3.224676e+01
    endloop
  endfacet
  facet normal -8.715574e-02 9.961947e-01 0.000000e+00
    outer loop
      vertex   -4.949725e+01 -2.470000e+02 9.074029e+01
      vertex   -4.770138e+01 -2.468429e+02 3.224676e+01
      vertex   -4.949725e+01 -2.470000e+02 3.000000e+00
    endloop
  endfacet
  facet normal -8.715574e-02 9.961947e-01 0.000000e+00
    outer loop
      vertex   -4.949725e+01 -2.470000e+02 3.000000e+00
      vertex   -4.770138e+01 -2.468429e+02 3.224676e+01
      vertex   -4.770138e+01 -2.468429e+02 3.000000e+00
    endloop
  endfacet
  facet normal -2.588190e-01 9.659258e-01 0.000000e+00
    outer loop
      vertex   -4.770138e+01 -2.468429e+02 3.000000e+00
      vertex   -4.770138e+01 -2.468429e+02 3.224676e+01
      vertex   -4.596008e+01 -2.463763e+02 3.000000e+00
    endloop
  endfacet
  facet normal -2.588190e-01 9.659258e-01 -2.003113e-15
    outer loop
      vertex   -4.596008e+01 -2.463763e+02 3.000000e+00
      vertex   -4.770138e+01 -2.468429e+02 3.224676e+01
      vertex   -4.596008e+01 -2.463763e+02 3.224676e+01
    endloop
  endfacet
  facet normal -4.226183e-01 9.063078e-01 -1.966830e-15
    outer loop
      vertex   -4.596008e+01 -2.463763e+02 3.000000e+00
      vertex   -4.596008e+01 -2.463763e+02 3.224676e+01
      vertex   -4.432625e+01 -2.456144e+02 3.000000e+00
    endloop
  endfacet
  facet normal -4.226183e-01 9.063078e-01 1.026740e-16
    outer loop
      vertex   -4.432625e+01 -2.456144e+02 3.000000e+00
      vertex   -4.596008e+01 -2.463763e+02 3.224676e+01
      vertex   -4.432625e+01 -2.456144e+02 3.224676e+01
    endloop
  endfacet
  facet normal -5.735764e-01 8.191520e-01 1.393489e-16
    outer loop
      vertex   -4.432625e+01 -2.456144e+02 3.000000e+00
      vertex   -4.432625e+01 -2.456144e+02 3.224676e+01
      vertex   -4.284954e+01 -2.445804e+02 3.000000e+00
    endloop
  endfacet
  facet normal -5.735764e-01 8.191520e-01 0.000000e+00
    outer loop
      vertex   -4.284954e+01 -2.445804e+02 3.000000e+00
      vertex   -4.432625e+01 -2.456144e+02 3.224676e+01
      vertex   -4.284954e+01 -2.445804e+02 3.224676e+01
    endloop
  endfacet
  facet normal -7.071068e-01 7.071068e-01 0.000000e+00
    outer loop
      vertex   -4.284954e+01 -2.445804e+02 3.000000e+00
      vertex   -4.284954e+01 -2.445804e+02 3.224676e+01
      vertex   -4.157482e+01 -2.433057e+02 3.000000e+00
    endloop
  endfacet
  facet normal -7.071068e-01 7.071068e-01 1.717898e-16
    outer loop
      vertex   -4.157482e+01 -2.433057e+02 3.000000e+00
      vertex   -4.284954e+01 -2.445804e+02 3.224676e+01
      vertex   -4.157482e+01 -2.433057e+02 3.224676e+01
    endloop
  endfacet
  facet normal -8.191520e-01 5.735764e-01 1.990109e-16
    outer loop
      vertex   -4.157482e+01 -2.433057e+02 3.000000e+00
      vertex   -4.157482e+01 -2.433057e+02 3.224676e+01
      vertex   -4.054082e+01 -2.418290e+02 3.000000e+00
    endloop
  endfacet
  facet normal -8.191520e-01 5.735764e-01 -5.970328e-16
    outer loop
      vertex   -4.054082e+01 -2.418290e+02 3.000000e+00
      vertex   -4.157482e+01 -2.433057e+02 3.224676e+01
      vertex   -4.054082e+01 -2.418290e+02 3.224676e+01
    endloop
  endfacet
  facet normal -9.063078e-01 4.226183e-01 -6.605556e-16
    outer loop
      vertex   -4.054082e+01 -2.418290e+02 3.000000e+00
      vertex   -4.054082e+01 -2.418290e+02 3.224676e+01
      vertex   -3.977895e+01 -2.401952e+02 3.000000e+00
    endloop
  endfacet
  facet normal -9.063078e-01 4.226183e-01 -2.201852e-16
    outer loop
      vertex   -3.977895e+01 -2.401952e+02 3.000000e+00
      vertex   -4.054082e+01 -2.418290e+02 3.224676e+01
      vertex   -3.977895e+01 -2.401952e+02 3.224676e+01
    endloop
  endfacet
  facet normal -9.659258e-01 2.588190e-01 -2.346692e-16
    outer loop
      vertex   -3.977895e+01 -2.401952e+02 3.000000e+00
      vertex   -3.977895e+01 -2.401952e+02 3.224676e+01
      vertex   -3.931237e+01 -2.384539e+02 3.000000e+00
    endloop
  endfacet
  facet normal -9.659258e-01 2.588190e-01 -2.346692e-16
    outer loop
      vertex   -3.931237e+01 -2.384539e+02 3.000000e+00
      vertex   -3.977895e+01 -2.401952e+02 3.224676e+01
      vertex   -3.931237e+01 -2.384539e+02 3.224676e+01
    endloop
  endfacet
  facet normal -9.961947e-01 8.715574e-02 -2.420230e-16
    outer loop
      vertex   -3.931237e+01 -2.384539e+02 3.000000e+00
      vertex   -3.931237e+01 -2.384539e+02 3.224676e+01
      vertex   -3.915525e+01 -2.366580e+02 3.000000e+00
    endloop
  endfacet
  facet normal -9.961947e-01 8.715574e-02 0.000000e+00
    outer loop
      vertex   -3.915525e+01 -2.366580e+02 3.000000e+00
      vertex   -3.931237e+01 -2.384539e+02 3.224676e+01
      vertex   -3.931237e+01 -2.384539e+02 6.149353e+01
    endloop
  endfacet
  facet normal -9.961947e-01 8.715574e-02 0.000000e+00
    outer loop
      vertex   -3.915525e+01 -2.366580e+02 3.000000e+00
      vertex   -3.931237e+01 -2.384539e+02 6.149353e+01
      vertex   -3.915525e+01 -2.366580e+02 9.074029e+01
    endloop
  endfacet
  facet normal -9.961947e-01 8.715574e-02 2.421585e-16
    outer loop
      vertex   -3.915525e+01 -2.366580e+02 9.074029e+01
      vertex   -3.931237e+01 -2.384539e+02 6.149353e+01
      vertex   -3.931237e+01 -2.384539e+02 9.074029e+01
    endloop
  endfacet
  facet normal -9.659258e-01 2.588190e-01 2.346692e-16
    outer loop
      vertex   -3.931237e+01 -2.384539e+02 9.074029e+01
      vertex   -3.931237e+01 -2.384539e+02 6.149353e+01
      vertex   -3.977895e+01 -2.401952e+02 9.074029e+01
    endloop
  endfacet
  facet normal -9.659258e-01 2.588190e-01 2.346692e-16
    outer loop
      vertex   -3.977895e+01 -2.401952e+02 9.074029e+01
      vertex   -3.931237e+01 -2.384539e+02 6.149353e+01
      vertex   -3.977895e+01 -2.401952e+02 6.149353e+01
    endloop
  endfacet
  facet normal -9.063078e-01 4.226183e-01 2.201852e-16
    outer loop
      vertex   -3.977895e+01 -2.401952e+02 9.074029e+01
      vertex   -3.977895e+01 -2.401952e+02 6.149353e+01
      vertex   -4.054082e+01 -2.418290e+02 9.074029e+01
    endloop
  endfacet
  facet normal -9.063078e-01 4.226183e-01 6.605556e-16
    outer loop
      vertex   -4.054082e+01 -2.418290e+02 9.074029e+01
      vertex   -3.977895e+01 -2.401952e+02 6.149353e+01
      vertex   -4.054082e+01 -2.418290e+02 6.149353e+01
    endloop
  endfacet
  facet normal -8.191520e-01 5.735764e-01 5.970328e-16
    outer loop
      vertex   -4.054082e+01 -2.418290e+02 9.074029e+01
      vertex   -4.054082e+01 -2.418290e+02 6.149353e+01
      vertex   -4.157482e+01 -2.433057e+02 9.074029e+01
    endloop
  endfacet
  facet normal -8.191520e-01 5.735764e-01 -1.990109e-16
    outer loop
      vertex   -4.157482e+01 -2.433057e+02 9.074029e+01
      vertex   -4.054082e+01 -2.418290e+02 6.149353e+01
      vertex   -4.157482e+01 -2.433057e+02 6.149353e+01
    endloop
  endfacet
  facet normal -7.071068e-01 7.071068e-01 -1.717898e-16
    outer loop
      vertex   -4.157482e+01 -2.433057e+02 9.074029e+01
      vertex   -4.157482e+01 -2.433057e+02 6.149353e+01
      vertex   -4.284954e+01 -2.445804e+02 9.074029e+01
    endloop
  endfacet
  facet normal -7.071068e-01 7.071068e-01 0.000000e+00
    outer loop
      vertex   -4.284954e+01 -2.445804e+02 9.074029e+01
      vertex   -4.157482e+01 -2.433057e+02 6.149353e+01
      vertex   -4.284954e+01 -2.445804e+02 6.149353e+01
    endloop
  endfacet
  facet normal -5.735764e-01 8.191520e-01 0.000000e+00
    outer loop
      vertex   -4.284954e+01 -2.445804e+02 9.074029e+01
      vertex   -4.284954e+01 -2.445804e+02 6.149353e+01
      vertex   -4.432625e+01 -2.456144e+02 9.074029e+01
    endloop
  endfacet
  facet normal -5.735764e-01 8.191520e-01 -1.393489e-16
    outer loop
      vertex   -4.432625e+01 -2.456144e+02 9.074029e+01
      vertex   -4.284954e+01 -2.445804e+02 6.149353e+01
      vertex   -4.432625e+01 -2.456144e+02 6.149353e+01
    endloop
  endfacet
  facet normal -4.226183e-01 9.063078e-01 -1.026740e-16
    outer loop
      vertex   -4.432625e+01 -2.456144e+02 9.074029e+01
      vertex   -4.432625e+01 -2.456144e+02 6.149353e+01
      vertex   -4.596008e+01 -2.463763e+02 9.074029e+01
    endloop
  endfacet
  facet normal -4.226183e-01 9.063078e-01 1.966830e-15
    outer loop
      vertex   -4.596008e+01 -2.463763e+02 9.074029e+01
      vertex   -4.432625e+01 -2.456144e+02 6.149353e+01
      vertex   -4.596008e+01 -2.463763e+02 6.149353e+01
    endloop
  endfacet
  facet normal -2.588190e-01 9.659258e-01 2.003113e-15
    outer loop
      vertex   -4.596008e+01 -2.463763e+02 9.074029e+01
      vertex   -4.596008e+01 -2.463763e+02 6.149353e+01
      vertex   -4.770138e+01 -2.468429e+02 9.074029e+01
    endloop
  endfacet
  facet normal -2.588190e-01 9.659258e-01 0.000000e+00
    outer loop
      vertex   -4.770138e+01 -2.468429e+02 9.074029e+01
      vertex   -4.596008e+01 -2.463763e+02 6.149353e+01
      vertex   -4.770138e+01 -2.468429e+02 6.149353e+01
    endloop
  endfacet
  facet normal -2.588190e-01 9.659258e-01 0.000000e+00
    outer loop
      vertex   -4.596008e+01 -2.463763e+02 3.224676e+01
      vertex   -4.770138e+01 -2.468429e+02 3.224676e+01
      vertex   -4.770138e+01 -2.468429e+02 6.149353e+01
    endloop
  endfacet
  facet normal -2.588190e-01 9.659258e-01 0.000000e+00
    outer loop
      vertex   -4.596008e+01 -2.463763e+02 3.224676e+01
      vertex   -4.770138e+01 -2.468429e+02 6.149353e+01
      vertex   -4.596008e+01 -2.463763e+02 6.149353e+01
    endloop
  endfacet
  facet normal -4.226183e-01 9.063078e-01 0.000000e+00
    outer loop
      vertex   -4.432625e+01 -2.456144e+02 3.224676e+01
      vertex   -4.596008e+01 -2.463763e+02 3.224676e+01
      vertex   -4.596008e+01 -2.463763e+02 6.149353e+01
    endloop
  endfacet
  facet normal -4.226183e-01 9.063078e-01 0.000000e+00
    outer loop
      vertex   -4.432625e+01 -2.456144e+02 3.224676e+01
      vertex   -4.596008e+01 -2.463763e+02 6.149353e+01
      vertex   -4.432625e+01 -2.456144e+02 6.149353e+01
    endloop
  endfacet
  facet normal -5.735764e-01 8.191520e-01 0.000000e+00
    outer loop
      vertex   -4.284954e+01 -2.445804e+02 3.224676e+01
      vertex   -4.432625e+01 -2.456144e+02 3.224676e+01
      vertex   -4.432625e+01 -2.456144e+02 6.149353e+01
    endloop
  endfacet
  facet normal -5.735764e-01 8.191520e-01 0.000000e+00
    outer loop
      vertex   -4.284954e+01 -2.445804e+02 3.224676e+01
      vertex   -4.432625e+01 -2.456144e+02 6.149353e+01
      vertex   -4.284954e+01 -2.445804e+02 6.149353e+01
    endloop
  endfacet
  facet normal -7.071068e-01 7.071068e-01 0.000000e+00
    outer loop
      vertex   -4.157482e+01 -2.433057e+02 3.224676e+01
      vertex   -4.284954e+01 -2.445804e+02 3.224676e+01
      vertex   -4.284954e+01 -2.445804e+02 6.149353e+01
    endloop
  endfacet
  facet normal -7.071068e-01 7.071068e-01 0.000000e+00
    outer loop
      vertex   -4.157482e+01 -2.433057e+02 3.224676e+01
      vertex   -4.284954e+01 -2.445804e+02 6.149353e+01
      vertex   -4.157482e+01 -2.433057e+02 6.149353e+01
    endloop
  endfacet
  facet normal -8.191520e-01 5.735764e-01 0.000000e+00
    outer loop
      vertex   -4.054082e+01 -2.418290e+02 3.224676e+01
      vertex   -4.157482e+01 -2.433057e+02 3.224676e+01
      vertex   -4.157482e+01 -2.433057e+02 6.149353e+01
    endloop
  endfacet
  facet normal -8.191520e-01 5.735764e-01 0.000000e+00
    outer loop
      vertex   -4.054082e+01 -2.418290e+02 3.224676e+01
      vertex   -4.157482e+01 -2.433057e+02 6.149353e+01
      vertex   -4.054082e+01 -2.418290e+02 6.149353e+01
    endloop
  endfacet
  facet normal -9.063078e-01 4.226183e-01 0.000000e+00
    outer loop
      vertex   -3.977895e+01 -2.401952e+02 3.224676e+01
      vertex   -4.054082e+01 -2.418290e+02 3.224676e+01
      vertex   -4.054082e+01 -2.418290e+02 6.149353e+01
    endloop
  endfacet
  facet normal -9.063078e-01 4.226183e-01 0.000000e+00
    outer loop
      vertex   -3.977895e+01 -2.401952e+02 3.224676e+01
      vertex   -4.054082e+01 -2.418290e+02 6.149353e+01
      vertex   -3.977895e+01 -2.401952e+02 6.149353e+01
    endloop
  endfacet
  facet normal -9.659258e-01 2.588190e-01 0.000000e+00
    outer loop
      vertex   -3.931237e+01 -2.384539e+02 3.224676e+01
      vertex   -3.977895e+01 -2.401952e+02 3.224676e+01
      vertex   -3.977895e+01 -2.401952e+02 6.149353e+01
    endloop
  endfacet
  facet normal -9.659258e-01 2.588190e-01 0.000000e+00
    outer loop
      vertex   -3.931237e+01 -2.384539e+02 3.224676e+01
      vertex   -3.977895e+01 -2.401952e+02 6.149353e+01
      vertex   -3.931237e+01 -2.384539e+02 6.149353e+01
    endloop
  endfacet
  facet normal 0.000000e+00 -0.000000e+00 1.000000e+00
    outer loop
      vertex   -4.949725e+01 -2.470000e+02 3.000000e+00
      vertex   -4.770138e+01 -2.468429e+02 3.000000e+00
      vertex   -7.560116e+01 -2.470000e+02 3.000000e+00
    endloop
  endfacet
  facet normal 0.000000e+00 -0.000000e+00 1.000000e+00
    outer loop
      vertex   -7.560116e+01 -2.470000e+02 3.000000e+00
      vertex   -4.770138e+01 -2.468429e+02 3.000000e+00
      vertex   -7.747118e+01 -2.468364e+02 3.000000e+00
    endloop
  endfacet
  facet normal -0.000000e+00 0.000000e+00 1.000000e+00
    outer loop
      vertex   -7.747118e+01 -2.468364e+02 3.000000e+00
      vertex   -4.770138e+01 -2.468429e+02 3.000000e+00
      vertex   -4.596008e+01 -2.463763e+02 3.000000e+00
    endloop
  endfacet
  facet normal 0.000000e+00 -0.000000e+00 1.000000e+00
    outer loop
      vertex   -7.747118e+01 -2.468364e+02 3.000000e+00
      vertex   -4.596008e+01 -2.463763e+02 3.000000e+00
      vertex   -7.928438e+01 -2.463505e+02 3.000000e+00
    endloop
  endfacet
  facet normal -0.000000e+00 0.000000e+00 1.000000e+00
    outer loop
      vertex   -7.928438e+01 -2.463505e+02 3.000000e+00
      vertex   -4.596008e+01 -2.463763e+02 3.000000e+00
      vertex   -4.432625e+01 -2.456144e+02 3.000000e+00
    endloop
  endfacet
  facet normal 0.000000e+00 -0.000000e+00 1.000000e+00
    outer loop
      vertex   -7.928438e+01 -2.463505e+02 3.000000e+00
      vertex   -4.432625e+01 -2.456144e+02 3.000000e+00
      vertex   -8.098566e+01 -2.455572e+02 3.000000e+00
    endloop
  endfacet
  facet normal -4.313257e-20 -2.764015e-17 1.000000e+00
    outer loop
      vertex   -8.098566e+01 -2.455572e+02 3.000000e+00
      vertex   -4.432625e+01 -2.456144e+02 3.000000e+00
      vertex   -6.261503e+01 -4.583674e+00 3.000000e+00
    endloop
  endfacet
  facet normal 2.949897e-18 -2.786833e-17 1.000000e+00
    outer loop
      vertex   -8.098566e+01 -2.455572e+02 3.000000e+00
      vertex   -6.261503e+01 -4.583674e+00 3.000000e+00
      vertex   -6.426899e+01 -4.758748e+00 3.000000e+00
    endloop
  endfacet
  facet normal 0.000000e+00 -0.000000e+00 1.000000e+00
    outer loop
      vertex   -4.284954e+01 -2.445804e+02 3.000000e+00
      vertex   -3.915525e+01 -2.366580e+02 3.000000e+00
      vertex   -4.432625e+01 -2.456144e+02 3.000000e+00
    endloop
  endfacet
  facet normal -1.319494e-17 7.618100e-18 1.000000e+00
    outer loop
      vertex   -4.432625e+01 -2.456144e+02 3.000000e+00
      vertex   -3.915525e+01 -2.366580e+02 3.000000e+00
      vertex   -3.915525e+01 -6.177613e+01 3.000000e+00
    endloop
  endfacet
  facet normal 3.191063e-17 6.349372e-18 1.000000e+00
    outer loop
      vertex   -4.432625e+01 -2.456144e+02 3.000000e+00
      vertex   -3.915525e+01 -6.177613e+01 3.000000e+00
      vertex   -4.463506e+01 -3.423575e+01 3.000000e+00
    endloop
  endfacet
  facet normal 1.135175e-15 2.258699e-16 1.000000e+00
    outer loop
      vertex   -4.463506e+01 -3.423575e+01 3.000000e+00
      vertex   -3.915525e+01 -6.177613e+01 3.000000e+00
      vertex   -4.297569e+01 -3.864315e+01 3.000000e+00
    endloop
  endfacet
  facet normal 2.776333e-16 8.424592e-17 1.000000e+00
    outer loop
      vertex   -4.297569e+01 -3.864315e+01 3.000000e+00
      vertex   -3.915525e+01 -6.177613e+01 3.000000e+00
      vertex   -4.160821e+01 -4.314967e+01 3.000000e+00
    endloop
  endfacet
  facet normal 4.695714e-16 1.095227e-16 1.000000e+00
    outer loop
      vertex   -4.160821e+01 -4.314967e+01 3.000000e+00
      vertex   -3.915525e+01 -6.177613e+01 3.000000e+00
      vertex   -4.053850e+01 -4.773600e+01 3.000000e+00
    endloop
  endfacet
  facet normal 9.494231e-16 1.567983e-16 1.000000e+00
    outer loop
      vertex   -4.053850e+01 -4.773600e+01 3.000000e+00
      vertex   -3.915525e+01 -6.177613e+01 3.000000e+00
      vertex   -3.977113e+01 -5.238249e+01 3.000000e+00
    endloop
  endfacet
  facet normal 2.868838e-15 2.826412e-16 1.000000e+00
    outer loop
      vertex   -3.977113e+01 -5.238249e+01 3.000000e+00
      vertex   -3.915525e+01 -6.177613e+01 3.000000e+00
      vertex   -3.930938e+01 -5.706922e+01 3.000000e+00
    endloop
  endfacet
  facet normal 0.000000e+00 0.000000e+00 1.000000e+00
    outer loop
      vertex   -4.284954e+01 -2.445804e+02 3.000000e+00
      vertex   -4.157482e+01 -2.433057e+02 3.000000e+00
      vertex   -3.915525e+01 -2.366580e+02 3.000000e+00
    endloop
  endfacet
  facet normal 0.000000e+00 0.000000e+00 1.000000e+00
    outer loop
      vertex   -3.915525e+01 -2.366580e+02 3.000000e+00
      vertex   -4.157482e+01 -2.433057e+02 3.000000e+00
      vertex   -4.054082e+01 -2.418290e+02 3.000000e+00
    endloop
  endfacet
  facet normal 0.000000e+00 0.000000e+00 1.000000e+00
    outer loop
      vertex   -3.915525e+01 -2.366580e+02 3.000000e+00
      vertex   -4.054082e+01 -2.418290e+02 3.000000e+00
      vertex   -3.977895e+01 -2.401952e+02 3.000000e+00
    endloop
  endfacet
  facet normal 0.000000e+00 0.000000e+00 1.000000e+00
    outer loop
      vertex   -3.977895e+01 -2.401952e+02 3.000000e+00
      vertex   -3.931237e+01 -2.384539e+02 3.000000e+00
      vertex   -3.915525e+01 -2.366580e+02 3.000000e+00
    endloop
  endfacet
  facet normal 4.552593e-16 6.967849e-18 1.000000e+00
    outer loop
      vertex   -4.463506e+01 -3.423575e+01 3.000000e+00
      vertex   -5.476384e+01 -9.790865e+00 3.000000e+00
      vertex   -4.432625e+01 -2.456144e+02 3.000000e+00
    endloop
  endfacet
  facet normal 5.838050e-16 1.265730e-17 1.000000e+00
    outer loop
      vertex   -4.432625e+01 -2.456144e+02 3.000000e+00
      vertex   -5.476384e+01 -9.790865e+00 3.000000e+00
      vertex   -6.095886e+01 -4.736462e+00 3.000000e+00
    endloop
  endfacet
  facet normal -2.567582e-18 -2.783170e-17 1.000000e+00
    outer loop
      vertex   -4.432625e+01 -2.456144e+02 3.000000e+00
      vertex   -6.095886e+01 -4.736462e+00 3.000000e+00
      vertex   -6.261503e+01 -4.583674e+00 3.000000e+00
    endloop
  endfacet
  facet normal -8.404915e-15 -6.922689e-15 1.000000e+00
    outer loop
      vertex   -5.554884e+01 -8.324580e+00 3.000000e+00
      vertex   -5.660624e+01 -7.040782e+00 3.000000e+00
      vertex   -5.476384e+01 -9.790865e+00 3.000000e+00
    endloop
  endfacet
  facet normal -2.324636e-15 -2.849236e-15 1.000000e+00
    outer loop
      vertex   -5.476384e+01 -9.790865e+00 3.000000e+00
      vertex   -5.660624e+01 -7.040782e+00 3.000000e+00
      vertex   -5.789494e+01 -5.989360e+00 3.000000e+00
    endloop
  endfacet
  facet normal -8.773107e-16 -1.657150e-15 1.000000e+00
    outer loop
      vertex   -5.476384e+01 -9.790865e+00 3.000000e+00
      vertex   -5.789494e+01 -5.989360e+00 3.000000e+00
      vertex   -5.936485e+01 -5.211173e+00 3.000000e+00
    endloop
  endfacet
  facet normal -3.296590e-16 -1.106948e-15 1.000000e+00
    outer loop
      vertex   -5.936485e+01 -5.211173e+00 3.000000e+00
      vertex   -6.095886e+01 -4.736462e+00 3.000000e+00
      vertex   -5.476384e+01 -9.790865e+00 3.000000e+00
    endloop
  endfacet
  facet normal -5.911152e-16 1.337277e-17 1.000000e+00
    outer loop
      vertex   -8.098566e+01 -2.455572e+02 3.000000e+00
      vertex   -6.426899e+01 -4.758748e+00 3.000000e+00
      vertex   -7.039540e+01 -9.896106e+00 3.000000e+00
    endloop
  endfacet
  facet normal 3.445338e-16 -1.102409e-15 1.000000e+00
    outer loop
      vertex   -7.039540e+01 -9.896106e+00 3.000000e+00
      vertex   -6.426899e+01 -4.758748e+00 3.000000e+00
      vertex   -6.585646e+01 -5.254879e+00 3.000000e+00
    endloop
  endfacet
  facet normal 8.995442e-16 -1.645187e-15 1.000000e+00
    outer loop
      vertex   -7.039540e+01 -9.896106e+00 3.000000e+00
      vertex   -6.585646e+01 -5.254879e+00 3.000000e+00
      vertex   -6.731577e+01 -6.052787e+00 3.000000e+00
    endloop
  endfacet
  facet normal 2.362789e-15 -2.817677e-15 1.000000e+00
    outer loop
      vertex   -6.731577e+01 -6.052787e+00 3.000000e+00
      vertex   -6.859019e+01 -7.121466e+00 3.000000e+00
      vertex   -7.039540e+01 -9.896106e+00 3.000000e+00
    endloop
  endfacet
  facet normal 8.497365e-15 -6.808892e-15 1.000000e+00
    outer loop
      vertex   -7.039540e+01 -9.896106e+00 3.000000e+00
      vertex   -6.859019e+01 -7.121466e+00 3.000000e+00
      vertex   -6.963020e+01 -8.419385e+00 3.000000e+00
    endloop
  endfacet
  facet normal -3.914583e-16 4.400481e-18 1.000000e+00
    outer loop
      vertex   -7.039540e+01 -9.896106e+00 3.000000e+00
      vertex   -8.206905e+01 -3.917823e+01 3.000000e+00
      vertex   -8.098566e+01 -2.455572e+02 3.000000e+00
    endloop
  endfacet
  facet normal -3.272998e-17 6.283626e-18 1.000000e+00
    outer loop
      vertex   -8.098566e+01 -2.455572e+02 3.000000e+00
      vertex   -8.206905e+01 -3.917823e+01 3.000000e+00
      vertex   -8.637016e+01 -6.158176e+01 3.000000e+00
    endloop
  endfacet
  facet normal 1.321251e-17 7.628247e-18 1.000000e+00
    outer loop
      vertex   -8.098566e+01 -2.455572e+02 3.000000e+00
      vertex   -8.637016e+01 -6.158176e+01 3.000000e+00
      vertex   -8.637016e+01 -2.362310e+02 3.000000e+00
    endloop
  endfacet
  facet normal -1.448972e-15 2.781791e-16 1.000000e+00
    outer loop
      vertex   -8.206905e+01 -3.917823e+01 3.000000e+00
      vertex   -8.337229e+01 -4.277369e+01 3.000000e+00
      vertex   -8.637016e+01 -6.158176e+01 3.000000e+00
    endloop
  endfacet
  facet normal -3.549157e-16 1.037943e-16 1.000000e+00
    outer loop
      vertex   -8.637016e+01 -6.158176e+01 3.000000e+00
      vertex   -8.337229e+01 -4.277369e+01 3.000000e+00
      vertex   -8.444575e+01 -4.644432e+01 3.000000e+00
    endloop
  endfacet
  facet normal -5.996724e-16 1.349100e-16 1.000000e+00
    outer loop
      vertex   -8.637016e+01 -6.158176e+01 3.000000e+00
      vertex   -8.444575e+01 -4.644432e+01 3.000000e+00
      vertex   -8.528515e+01 -5.017543e+01 3.000000e+00
    endloop
  endfacet
  facet normal -1.211571e-15 1.931158e-16 1.000000e+00
    outer loop
      vertex   -8.528515e+01 -5.017543e+01 3.000000e+00
      vertex   -8.588713e+01 -5.395212e+01 3.000000e+00
      vertex   -8.637016e+01 -6.158176e+01 3.000000e+00
    endloop
  endfacet
  facet normal -3.659174e-15 3.480728e-16 1.000000e+00
    outer loop
      vertex   -8.637016e+01 -6.158176e+01 3.000000e+00
      vertex   -8.588713e+01 -5.395212e+01 3.000000e+00
      vertex   -8.624928e+01 -5.775930e+01 3.000000e+00
    endloop
  endfacet
  facet normal -0.000000e+00 -0.000000e+00 1.000000e+00
    outer loop
      vertex   -8.620656e+01 -2.381010e+02 3.000000e+00
      vertex   -8.572071e+01 -2.399142e+02 3.000000e+00
      vertex   -8.637016e+01 -2.362310e+02 3.000000e+00
    endloop
  endfacet
  facet normal 0.000000e+00 0.000000e+00 1.000000e+00
    outer loop
      vertex   -8.637016e+01 -2.362310e+02 3.000000e+00
      vertex   -8.572071e+01 -2.399142e+02 3.000000e+00
      vertex   -8.492739e+01 -2.416155e+02 3.000000e+00
    endloop
  endfacet
  facet normal 0.000000e+00 0.000000e+00 1.000000e+00
    outer loop
      vertex   -8.637016e+01 -2.362310e+02 3.000000e+00
      vertex   -8.492739e+01 -2.416155e+02 3.000000e+00
      vertex   -8.385069e+01 -2.431532e+02 3.000000e+00
    endloop
  endfacet
  facet normal -0.000000e+00 -0.000000e+00 1.000000e+00
    outer loop
      vertex   -8.385069e+01 -2.431532e+02 3.000000e+00
      vertex   -8.252334e+01 -2.444805e+02 3.000000e+00
      vertex   -8.637016e+01 -2.362310e+02 3.000000e+00
    endloop
  endfacet
  facet normal 0.000000e+00 0.000000e+00 1.000000e+00
    outer loop
      vertex   -8.637016e+01 -2.362310e+02 3.000000e+00
      vertex   -8.252334e+01 -2.444805e+02 3.000000e+00
      vertex   -8.098566e+01 -2.455572e+02 3.000000e+00
    endloop
  endfacet
  facet normal 0.000000e+00 1.000000e+00 -0.000000e+00
    outer loop
      vertex   -6.420755e+01 -2.470000e+02 2.647818e+01
      vertex   -7.560116e+01 -2.470000e+02 9.074029e+01
      vertex   -6.233271e+01 -2.470000e+02 2.664692e+01
    endloop
  endfacet
  facet normal 0.000000e+00 1.000000e+00 -0.000000e+00
    outer loop
      vertex   -6.233271e+01 -2.470000e+02 2.664692e+01
      vertex   -7.560116e+01 -2.470000e+02 9.074029e+01
      vertex   -4.949725e+01 -2.470000e+02 9.074029e+01
    endloop
  endfacet
  facet normal -0.000000e+00 1.000000e+00 0.000000e+00
    outer loop
      vertex   -6.233271e+01 -2.470000e+02 2.664692e+01
      vertex   -4.949725e+01 -2.470000e+02 9.074029e+01
      vertex   -6.045786e+01 -2.470000e+02 2.647818e+01
    endloop
  endfacet
  facet normal -0.000000e+00 1.000000e+00 0.000000e+00
    outer loop
      vertex   -6.045786e+01 -2.470000e+02 2.647818e+01
      vertex   -4.949725e+01 -2.470000e+02 9.074029e+01
      vertex   -5.864327e+01 -2.470000e+02 2.597739e+01
    endloop
  endfacet
  facet normal -0.000000e+00 1.000000e+00 0.000000e+00
    outer loop
      vertex   -5.864327e+01 -2.470000e+02 2.597739e+01
      vertex   -4.949725e+01 -2.470000e+02 9.074029e+01
      vertex   -5.694726e+01 -2.470000e+02 2.516064e+01
    endloop
  endfacet
  facet normal -0.000000e+00 1.000000e+00 0.000000e+00
    outer loop
      vertex   -5.694726e+01 -2.470000e+02 2.516064e+01
      vertex   -4.949725e+01 -2.470000e+02 9.074029e+01
      vertex   -5.542435e+01 -2.470000e+02 2.405417e+01
    endloop
  endfacet
  facet normal -0.000000e+00 1.000000e+00 0.000000e+00
    outer loop
      vertex   -5.542435e+01 -2.470000e+02 2.405417e+01
      vertex   -4.949725e+01 -2.470000e+02 9.074029e+01
      vertex   -5.412347e+01 -2.470000e+02 2.269357e+01
    endloop
  endfacet
  facet normal -0.000000e+00 1.000000e+00 0.000000e+00
    outer loop
      vertex   -5.412347e+01 -2.470000e+02 2.269357e+01
      vertex   -4.949725e+01 -2.470000e+02 9.074029e+01
      vertex   -5.308645e+01 -2.470000e+02 2.112254e+01
    endloop
  endfacet
  facet normal -0.000000e+00 1.000000e+00 0.000000e+00
    outer loop
      vertex   -5.308645e+01 -2.470000e+02 2.112254e+01
      vertex   -4.949725e+01 -2.470000e+02 9.074029e+01
      vertex   -5.234661e+01 -2.470000e+02 1.939160e+01
    endloop
  endfacet
  facet normal -0.000000e+00 1.000000e+00 0.000000e+00
    outer loop
      vertex   -5.234661e+01 -2.470000e+02 1.939160e+01
      vertex   -4.949725e+01 -2.470000e+02 9.074029e+01
      vertex   -5.192773e+01 -2.470000e+02 1.755637e+01
    endloop
  endfacet
  facet normal -0.000000e+00 1.000000e+00 0.000000e+00
    outer loop
      vertex   -5.192773e+01 -2.470000e+02 1.755637e+01
      vertex   -4.949725e+01 -2.470000e+02 9.074029e+01
      vertex   -4.949725e+01 -2.470000e+02 3.000000e+00
    endloop
  endfacet
  facet normal 0.000000e+00 1.000000e+00 0.000000e+00
    outer loop
      vertex   -5.192773e+01 -2.470000e+02 1.755637e+01
      vertex   -4.949725e+01 -2.470000e+02 3.000000e+00
      vertex   -5.184328e+01 -2.470000e+02 1.567584e+01
    endloop
  endfacet
  facet normal 0.000000e+00 1.000000e+00 0.000000e+00
    outer loop
      vertex   -5.184328e+01 -2.470000e+02 1.567584e+01
      vertex   -4.949725e+01 -2.470000e+02 3.000000e+00
      vertex   -5.209596e+01 -2.470000e+02 1.381045e+01
    endloop
  endfacet
  facet normal 0.000000e+00 1.000000e+00 0.000000e+00
    outer loop
      vertex   -5.209596e+01 -2.470000e+02 1.381045e+01
      vertex   -4.949725e+01 -2.470000e+02 3.000000e+00
      vertex   -5.267766e+01 -2.470000e+02 1.202016e+01
    endloop
  endfacet
  facet normal 0.000000e+00 1.000000e+00 0.000000e+00
    outer loop
      vertex   -5.267766e+01 -2.470000e+02 1.202016e+01
      vertex   -4.949725e+01 -2.470000e+02 3.000000e+00
      vertex   -5.356969e+01 -2.470000e+02 1.036250e+01
    endloop
  endfacet
  facet normal 0.000000e+00 1.000000e+00 0.000000e+00
    outer loop
      vertex   -5.356969e+01 -2.470000e+02 1.036250e+01
      vertex   -4.949725e+01 -2.470000e+02 3.000000e+00
      vertex   -5.474336e+01 -2.470000e+02 8.890765e+00
    endloop
  endfacet
  facet normal 0.000000e+00 1.000000e+00 0.000000e+00
    outer loop
      vertex   -5.474336e+01 -2.470000e+02 8.890765e+00
      vertex   -4.949725e+01 -2.470000e+02 3.000000e+00
      vertex   -5.616096e+01 -2.470000e+02 7.652244e+00
    endloop
  endfacet
  facet normal 0.000000e+00 1.000000e+00 0.000000e+00
    outer loop
      vertex   -5.616096e+01 -2.470000e+02 7.652244e+00
      vertex   -4.949725e+01 -2.470000e+02 3.000000e+00
      vertex   -5.777693e+01 -2.470000e+02 6.686750e+00
    endloop
  endfacet
  facet normal 0.000000e+00 1.000000e+00 0.000000e+00
    outer loop
      vertex   -5.777693e+01 -2.470000e+02 6.686750e+00
      vertex   -4.949725e+01 -2.470000e+02 3.000000e+00
      vertex   -5.953932e+01 -2.470000e+02 6.025313e+00
    endloop
  endfacet
  facet normal 0.000000e+00 1.000000e+00 0.000000e+00
    outer loop
      vertex   -5.953932e+01 -2.470000e+02 6.025313e+00
      vertex   -4.949725e+01 -2.470000e+02 3.000000e+00
      vertex   -6.139149e+01 -2.470000e+02 5.689193e+00
    endloop
  endfacet
  facet normal 0.000000e+00 1.000000e+00 0.000000e+00
    outer loop
      vertex   -6.139149e+01 -2.470000e+02 5.689193e+00
      vertex   -4.949725e+01 -2.470000e+02 3.000000e+00
      vertex   -6.327392e+01 -2.470000e+02 5.689193e+00
    endloop
  endfacet
  facet normal 0.000000e+00 1.000000e+00 0.000000e+00
    outer loop
      vertex   -6.327392e+01 -2.470000e+02 5.689193e+00
      vertex   -4.949725e+01 -2.470000e+02 3.000000e+00
      vertex   -7.560116e+01 -2.470000e+02 3.000000e+00
    endloop
  endfacet
  facet normal 0.000000e+00 1.000000e+00 0.000000e+00
    outer loop
      vertex   -6.327392e+01 -2.470000e+02 5.689193e+00
      vertex   -7.560116e+01 -2.470000e+02 3.000000e+00
      vertex   -6.512609e+01 -2.470000e+02 6.025313e+00
    endloop
  endfacet
  facet normal 0.000000e+00 1.000000e+00 0.000000e+00
    outer loop
      vertex   -6.512609e+01 -2.470000e+02 6.025313e+00
      vertex   -7.560116e+01 -2.470000e+02 3.000000e+00
      vertex   -6.688848e+01 -2.470000e+02 6.686750e+00
    endloop
  endfacet
  facet normal 0.000000e+00 1.000000e+00 0.000000e+00
    outer loop
      vertex   -6.688848e+01 -2.470000e+02 6.686750e+00
      vertex   -7.560116e+01 -2.470000e+02 3.000000e+00
      vertex   -6.850445e+01 -2.470000e+02 7.652244e+00
    endloop
  endfacet
  facet normal 0.000000e+00 1.000000e+00 0.000000e+00
    outer loop
      vertex   -6.850445e+01 -2.470000e+02 7.652244e+00
      vertex   -7.560116e+01 -2.470000e+02 3.000000e+00
      vertex   -6.992205e+01 -2.470000e+02 8.890765e+00
    endloop
  endfacet
  facet normal 0.000000e+00 1.000000e+00 0.000000e+00
    outer loop
      vertex   -6.992205e+01 -2.470000e+02 8.890765e+00
      vertex   -7.560116e+01 -2.470000e+02 3.000000e+00
      vertex   -7.109572e+01 -2.470000e+02 1.036250e+01
    endloop
  endfacet
  facet normal 0.000000e+00 1.000000e+00 0.000000e+00
    outer loop
      vertex   -7.109572e+01 -2.470000e+02 1.036250e+01
      vertex   -7.560116e+01 -2.470000e+02 3.000000e+00
      vertex   -7.198775e+01 -2.470000e+02 1.202016e+01
    endloop
  endfacet
  facet normal 0.000000e+00 1.000000e+00 0.000000e+00
    outer loop
      vertex   -7.198775e+01 -2.470000e+02 1.202016e+01
      vertex   -7.560116e+01 -2.470000e+02 3.000000e+00
      vertex   -7.256945e+01 -2.470000e+02 1.381045e+01
    endloop
  endfacet
  facet normal 0.000000e+00 1.000000e+00 0.000000e+00
    outer loop
      vertex   -7.256945e+01 -2.470000e+02 1.381045e+01
      vertex   -7.560116e+01 -2.470000e+02 3.000000e+00
      vertex   -7.282213e+01 -2.470000e+02 1.567584e+01
    endloop
  endfacet
  facet normal 0.000000e+00 1.000000e+00 -0.000000e+00
    outer loop
      vertex   -7.282213e+01 -2.470000e+02 1.567584e+01
      vertex   -7.560116e+01 -2.470000e+02 3.000000e+00
      vertex   -7.273768e+01 -2.470000e+02 1.755637e+01
    endloop
  endfacet
  facet normal 0.000000e+00 1.000000e+00 0.000000e+00
    outer loop
      vertex   -7.273768e+01 -2.470000e+02 1.755637e+01
      vertex   -7.560116e+01 -2.470000e+02 3.000000e+00
      vertex   -7.560116e+01 -2.470000e+02 9.074029e+01
    endloop
  endfacet
  facet normal 0.000000e+00 1.000000e+00 -0.000000e+00
    outer loop
      vertex   -7.273768e+01 -2.470000e+02 1.755637e+01
      vertex   -7.560116e+01 -2.470000e+02 9.074029e+01
      vertex   -7.231880e+01 -2.470000e+02 1.939160e+01
    endloop
  endfacet
  facet normal 0.000000e+00 1.000000e+00 -0.000000e+00
    outer loop
      vertex   -7.231880e+01 -2.470000e+02 1.939160e+01
      vertex   -7.560116e+01 -2.470000e+02 9.074029e+01
      vertex   -7.157896e+01 -2.470000e+02 2.112254e+01
    endloop
  endfacet
  facet normal 0.000000e+00 1.000000e+00 -0.000000e+00
    outer loop
      vertex   -7.157896e+01 -2.470000e+02 2.112254e+01
      vertex   -7.560116e+01 -2.470000e+02 9.074029e+01
      vertex   -7.054194e+01 -2.470000e+02 2.269357e+01
    endloop
  endfacet
  facet normal 0.000000e+00 1.000000e+00 -0.000000e+00
    outer loop
      vertex   -7.054194e+01 -2.470000e+02 2.269357e+01
      vertex   -7.560116e+01 -2.470000e+02 9.074029e+01
      vertex   -6.924106e+01 -2.470000e+02 2.405417e+01
    endloop
  endfacet
  facet normal 0.000000e+00 1.000000e+00 -0.000000e+00
    outer loop
      vertex   -6.924106e+01 -2.470000e+02 2.405417e+01
      vertex   -7.560116e+01 -2.470000e+02 9.074029e+01
      vertex   -6.771815e+01 -2.470000e+02 2.516064e+01
    endloop
  endfacet
  facet normal 0.000000e+00 1.000000e+00 -0.000000e+00
    outer loop
      vertex   -6.771815e+01 -2.470000e+02 2.516064e+01
      vertex   -7.560116e+01 -2.470000e+02 9.074029e+01
      vertex   -6.602214e+01 -2.470000e+02 2.597739e+01
    endloop
  endfacet
  facet normal 0.000000e+00 1.000000e+00 -0.000000e+00
    outer loop
      vertex   -6.602214e+01 -2.470000e+02 2.597739e+01
      vertex   -7.560116e+01 -2.470000e+02 9.074029e+01
      vertex   -6.420755e+01 -2.470000e+02 2.647818e+01
    endloop
  endfacet
  facet normal 9.961947e-01 8.715574e-02 0.000000e+00
    outer loop
      vertex   -8.620656e+01 -2.381010e+02 9.074029e+01
      vertex   -8.620656e+01 -2.381010e+02 6.149353e+01
      vertex   -8.637016e+01 -2.362310e+02 9.074029e+01
    endloop
  endfacet
  facet normal 9.961947e-01 8.715574e-02 0.000000e+00
    outer loop
      vertex   -8.637016e+01 -2.362310e+02 9.074029e+01
      vertex   -8.620656e+01 -2.381010e+02 6.149353e+01
      vertex   -8.620656e+01 -2.381010e+02 3.224676e+01
    endloop
  endfacet
  facet normal 9.961947e-01 8.715574e-02 0.000000e+00
    outer loop
      vertex   -8.637016e+01 -2.362310e+02 9.074029e+01
      vertex   -8.620656e+01 -2.381010e+02 3.224676e+01
      vertex   -8.637016e+01 -2.362310e+02 3.000000e+00
    endloop
  endfacet
  facet normal 9.961947e-01 8.715574e-02 0.000000e+00
    outer loop
      vertex   -8.637016e+01 -2.362310e+02 3.000000e+00
      vertex   -8.620656e+01 -2.381010e+02 3.224676e+01
      vertex   -8.620656e+01 -2.381010e+02 3.000000e+00
    endloop
  endfacet
  facet normal 9.659258e-01 2.588190e-01 -0.000000e+00
    outer loop
      vertex   -8.620656e+01 -2.381010e+02 3.000000e+00
      vertex   -8.620656e+01 -2.381010e+02 3.224676e+01
      vertex   -8.572071e+01 -2.399142e+02 3.000000e+00
    endloop
  endfacet
  facet normal 9.659258e-01 2.588190e-01 -0.000000e+00
    outer loop
      vertex   -8.572071e+01 -2.399142e+02 3.000000e+00
      vertex   -8.620656e+01 -2.381010e+02 3.224676e+01
      vertex   -8.572071e+01 -2.399142e+02 3.224676e+01
    endloop
  endfacet
  facet normal 9.063078e-01 4.226183e-01 -0.000000e+00
    outer loop
      vertex   -8.572071e+01 -2.399142e+02 3.000000e+00
      vertex   -8.572071e+01 -2.399142e+02 3.224676e+01
      vertex   -8.492739e+01 -2.416155e+02 3.000000e+00
    endloop
  endfacet
  facet normal 9.063078e-01 4.226183e-01 -0.000000e+00
    outer loop
      vertex   -8.492739e+01 -2.416155e+02 3.000000e+00
      vertex   -8.572071e+01 -2.399142e+02 3.224676e+01
      vertex   -8.492739e+01 -2.416155e+02 3.224676e+01
    endloop
  endfacet
  facet normal 8.191520e-01 5.735764e-01 -0.000000e+00
    outer loop
      vertex   -8.492739e+01 -2.416155e+02 3.000000e+00
      vertex   -8.492739e+01 -2.416155e+02 3.224676e+01
      vertex   -8.385069e+01 -2.431532e+02 3.000000e+00
    endloop
  endfacet
  facet normal 8.191520e-01 5.735764e-01 3.980218e-16
    outer loop
      vertex   -8.385069e+01 -2.431532e+02 3.000000e+00
      vertex   -8.492739e+01 -2.416155e+02 3.224676e+01
      vertex   -8.385069e+01 -2.431532e+02 3.224676e+01
    endloop
  endfacet
  facet normal 7.071068e-01 7.071068e-01 3.435796e-16
    outer loop
      vertex   -8.385069e+01 -2.431532e+02 3.000000e+00
      vertex   -8.385069e+01 -2.431532e+02 3.224676e+01
      vertex   -8.252334e+01 -2.444805e+02 3.000000e+00
    endloop
  endfacet
  facet normal 7.071068e-01 7.071068e-01 -0.000000e+00
    outer loop
      vertex   -8.252334e+01 -2.444805e+02 3.000000e+00
      vertex   -8.385069e+01 -2.431532e+02 3.224676e+01
      vertex   -8.252334e+01 -2.444805e+02 3.224676e+01
    endloop
  endfacet
  facet normal 5.735764e-01 8.191520e-01 -0.000000e+00
    outer loop
      vertex   -8.252334e+01 -2.444805e+02 3.000000e+00
      vertex   -8.252334e+01 -2.444805e+02 3.224676e+01
      vertex   -8.098566e+01 -2.455572e+02 3.000000e+00
    endloop
  endfacet
  facet normal 5.735764e-01 8.191520e-01 -0.000000e+00
    outer loop
      vertex   -8.098566e+01 -2.455572e+02 3.000000e+00
      vertex   -8.252334e+01 -2.444805e+02 3.224676e+01
      vertex   -8.098566e+01 -2.455572e+02 3.224676e+01
    endloop
  endfacet
  facet normal 4.226183e-01 9.063078e-01 -0.000000e+00
    outer loop
      vertex   -8.098566e+01 -2.455572e+02 3.000000e+00
      vertex   -8.098566e+01 -2.455572e+02 3.224676e+01
      vertex   -7.928438e+01 -2.463505e+02 3.000000e+00
    endloop
  endfacet
  facet normal 4.226183e-01 9.063078e-01 -0.000000e+00
    outer loop
      vertex   -7.928438e+01 -2.463505e+02 3.000000e+00
      vertex   -8.098566e+01 -2.455572e+02 3.224676e+01
      vertex   -7.928438e+01 -2.463505e+02 3.224676e+01
    endloop
  endfacet
  facet normal 2.588190e-01 9.659258e-01 -0.000000e+00
    outer loop
      vertex   -7.928438e+01 -2.463505e+02 3.000000e+00
      vertex   -7.928438e+01 -2.463505e+02 3.224676e+01
      vertex   -7.747118e+01 -2.468364e+02 3.000000e+00
    endloop
  endfacet
  facet normal 2.588190e-01 9.659258e-01 -0.000000e+00
    outer loop
      vertex   -7.747118e+01 -2.468364e+02 3.000000e+00
      vertex   -7.928438e+01 -2.463505e+02 3.224676e+01
      vertex   -7.747118e+01 -2.468364e+02 3.224676e+01
    endloop
  endfacet
  facet normal 8.715574e-02 9.961947e-01 -0.000000e+00
    outer loop
      vertex   -7.747118e+01 -2.468364e+02 3.000000e+00
      vertex   -7.747118e+01 -2.468364e+02 3.224676e+01
      vertex   -7.560116e+01 -2.470000e+02 3.000000e+00
    endloop
  endfacet
  facet normal 8.715574e-02 9.961947e-01 0.000000e+00
    outer loop
      vertex   -7.560116e+01 -2.470000e+02 3.000000e+00
      vertex   -7.747118e+01 -2.468364e+02 3.224676e+01
      vertex   -7.747118e+01 -2.468364e+02 6.149353e+01
    endloop
  endfacet
  facet normal 8.715574e-02 9.961947e-01 -0.000000e+00
    outer loop
      vertex   -7.560116e+01 -2.470000e+02 3.000000e+00
      vertex   -7.747118e+01 -2.468364e+02 6.149353e+01
      vertex   -7.560116e+01 -2.470000e+02 9.074029e+01
    endloop
  endfacet
  facet normal 8.715574e-02 9.961947e-01 0.000000e+00
    outer loop
      vertex   -7.560116e+01 -2.470000e+02 9.074029e+01
      vertex   -7.747118e+01 -2.468364e+02 6.149353e+01
      vertex   -7.747118e+01 -2.468364e+02 9.074029e+01
    endloop
  endfacet
  facet normal 2.588190e-01 9.659258e-01 0.000000e+00
    outer loop
      vertex   -7.747118e+01 -2.468364e+02 9.074029e+01
      vertex   -7.747118e+01 -2.468364e+02 6.149353e+01
      vertex   -7.928438e+01 -2.463505e+02 9.074029e+01
    endloop
  endfacet
  facet normal 2.588190e-01 9.659258e-01 0.000000e+00
    outer loop
      vertex   -7.928438e+01 -2.463505e+02 9.074029e+01
      vertex   -7.747118e+01 -2.468364e+02 6.149353e+01
      vertex   -7.928438e+01 -2.463505e+02 6.149353e+01
    endloop
  endfacet
  facet normal 4.226183e-01 9.063078e-01 0.000000e+00
    outer loop
      vertex   -7.928438e+01 -2.463505e+02 9.074029e+01
      vertex   -7.928438e+01 -2.463505e+02 6.149353e+01
      vertex   -8.098566e+01 -2.455572e+02 9.074029e+01
    endloop
  endfacet
  facet normal 4.226183e-01 9.063078e-01 0.000000e+00
    outer loop
      vertex   -8.098566e+01 -2.455572e+02 9.074029e+01
      vertex   -7.928438e+01 -2.463505e+02 6.149353e+01
      vertex   -8.098566e+01 -2.455572e+02 6.149353e+01
    endloop
  endfacet
  facet normal 5.735764e-01 8.191520e-01 0.000000e+00
    outer loop
      vertex   -8.098566e+01 -2.455572e+02 9.074029e+01
      vertex   -8.098566e+01 -2.455572e+02 6.149353e+01
      vertex   -8.252334e+01 -2.444805e+02 9.074029e+01
    endloop
  endfacet
  facet normal 5.735764e-01 8.191520e-01 0.000000e+00
    outer loop
      vertex   -8.252334e+01 -2.444805e+02 9.074029e+01
      vertex   -8.098566e+01 -2.455572e+02 6.149353e+01
      vertex   -8.252334e+01 -2.444805e+02 6.149353e+01
    endloop
  endfacet
  facet normal 7.071068e-01 7.071068e-01 0.000000e+00
    outer loop
      vertex   -8.252334e+01 -2.444805e+02 9.074029e+01
      vertex   -8.252334e+01 -2.444805e+02 6.149353e+01
      vertex   -8.385069e+01 -2.431532e+02 9.074029e+01
    endloop
  endfacet
  facet normal 7.071068e-01 7.071068e-01 -3.435796e-16
    outer loop
      vertex   -8.385069e+01 -2.431532e+02 9.074029e+01
      vertex   -8.252334e+01 -2.444805e+02 6.149353e+01
      vertex   -8.385069e+01 -2.431532e+02 6.149353e+01
    endloop
  endfacet
  facet normal 8.191520e-01 5.735764e-01 -3.980218e-16
    outer loop
      vertex   -8.385069e+01 -2.431532e+02 9.074029e+01
      vertex   -8.385069e+01 -2.431532e+02 6.149353e+01
      vertex   -8.492739e+01 -2.416155e+02 9.074029e+01
    endloop
  endfacet
  facet normal 8.191520e-01 5.735764e-01 0.000000e+00
    outer loop
      vertex   -8.492739e+01 -2.416155e+02 9.074029e+01
      vertex   -8.385069e+01 -2.431532e+02 6.149353e+01
      vertex   -8.492739e+01 -2.416155e+02 6.149353e+01
    endloop
  endfacet
  facet normal 9.063078e-01 4.226183e-01 0.000000e+00
    outer loop
      vertex   -8.492739e+01 -2.416155e+02 9.074029e+01
      vertex   -8.492739e+01 -2.416155e+02 6.149353e+01
      vertex   -8.572071e+01 -2.399142e+02 9.074029e+01
    endloop
  endfacet
  facet normal 9.063078e-01 4.226183e-01 0.000000e+00
    outer loop
      vertex   -8.572071e+01 -2.399142e+02 9.074029e+01
      vertex   -8.492739e+01 -2.416155e+02 6.149353e+01
      vertex   -8.572071e+01 -2.399142e+02 6.149353e+01
    endloop
  endfacet
  facet normal 9.659258e-01 2.588190e-01 0.000000e+00
    outer loop
      vertex   -8.572071e+01 -2.399142e+02 9.074029e+01
      vertex   -8.572071e+01 -2.399142e+02 6.149353e+01
      vertex   -8.620656e+01 -2.381010e+02 9.074029e+01
    endloop
  endfacet
  facet normal 9.659258e-01 2.588190e-01 0.000000e+00
    outer loop
      vertex   -8.620656e+01 -2.381010e+02 9.074029e+01
      vertex   -8.572071e+01 -2.399142e+02 6.149353e+01
      vertex   -8.620656e+01 -2.381010e+02 6.149353e+01
    endloop
  endfacet
  facet normal 9.659258e-01 2.588190e-01 0.000000e+00
    outer loop
      vertex   -8.572071e+01 -2.399142e+02 3.224676e+01
      vertex   -8.620656e+01 -2.381010e+02 3.224676e+01
      vertex   -8.620656e+01 -2.381010e+02 6.149353e+01
    endloop
  endfacet
  facet normal 9.659258e-01 2.588190e-01 -0.000000e+00
    outer loop
      vertex   -8.572071e+01 -2.399142e+02 3.224676e+01
      vertex   -8.620656e+01 -2.381010e+02 6.149353e+01
      vertex   -8.572071e+01 -2.399142e+02 6.149353e+01
    endloop
  endfacet
  facet normal 9.063078e-01 4.226183e-01 0.000000e+00
    outer loop
      vertex   -8.492739e+01 -2.416155e+02 3.224676e+01
      vertex   -8.572071e+01 -2.399142e+02 3.224676e+01
      vertex   -8.572071e+01 -2.399142e+02 6.149353e+01
    endloop
  endfacet
  facet normal 9.063078e-01 4.226183e-01 -0.000000e+00
    outer loop
      vertex   -8.492739e+01 -2.416155e+02 3.224676e+01
      vertex   -8.572071e+01 -2.399142e+02 6.149353e+01
      vertex   -8.492739e+01 -2.416155e+02 6.149353e+01
    endloop
  endfacet
  facet normal 8.191520e-01 5.735764e-01 0.000000e+00
    outer loop
      vertex   -8.385069e+01 -2.431532e+02 3.224676e+01
      vertex   -8.492739e+01 -2.416155e+02 3.224676e+01
      vertex   -8.492739e+01 -2.416155e+02 6.149353e+01
    endloop
  endfacet
  facet normal 8.191520e-01 5.735764e-01 -0.000000e+00
    outer loop
      vertex   -8.385069e+01 -2.431532e+02 3.224676e+01
      vertex   -8.492739e+01 -2.416155e+02 6.149353e+01
      vertex   -8.385069e+01 -2.431532e+02 6.149353e+01
    endloop
  endfacet
  facet normal 7.071068e-01 7.071068e-01 0.000000e+00
    outer loop
      vertex   -8.252334e+01 -2.444805e+02 3.224676e+01
      vertex   -8.385069e+01 -2.431532e+02 3.224676e+01
      vertex   -8.385069e+01 -2.431532e+02 6.149353e+01
    endloop
  endfacet
  facet normal 7.071068e-01 7.071068e-01 -0.000000e+00
    outer loop
      vertex   -8.252334e+01 -2.444805e+02 3.224676e+01
      vertex   -8.385069e+01 -2.431532e+02 6.149353e+01
      vertex   -8.252334e+01 -2.444805e+02 6.149353e+01
    endloop
  endfacet
  facet normal 5.735764e-01 8.191520e-01 0.000000e+00
    outer loop
      vertex   -8.098566e+01 -2.455572e+02 3.224676e+01
      vertex   -8.252334e+01 -2.444805e+02 3.224676e+01
      vertex   -8.252334e+01 -2.444805e+02 6.149353e+01
    endloop
  endfacet
  facet normal 5.735764e-01 8.191520e-01 -0.000000e+00
    outer loop
      vertex   -8.098566e+01 -2.455572e+02 3.224676e+01
      vertex   -8.252334e+01 -2.444805e+02 6.149353e+01
      vertex   -8.098566e+01 -2.455572e+02 6.149353e+01
    endloop
  endfacet
  facet normal 4.226183e-01 9.063078e-01 0.000000e+00
    outer loop
      vertex   -7.928438e+01 -2.463505e+02 3.224676e+01
      vertex   -8.098566e+01 -2.455572e+02 3.224676e+01
      vertex   -8.098566e+01 -2.455572e+02 6.149353e+01
    endloop
  endfacet
  facet normal 4.226183e-01 9.063078e-01 -0.000000e+00
    outer loop
      vertex   -7.928438e+01 -2.463505e+02 3.224676e+01
      vertex   -8.098566e+01 -2.455572e+02 6.149353e+01
      vertex   -7.928438e+01 -2.463505e+02 6.149353e+01
    endloop
  endfacet
  facet normal 2.588190e-01 9.659258e-01 0.000000e+00
    outer loop
      vertex   -7.747118e+01 -2.468364e+02 3.224676e+01
      vertex   -7.928438e+01 -2.463505e+02 3.224676e+01
      vertex   -7.928438e+01 -2.463505e+02 6.149353e+01
    endloop
  endfacet
  facet normal 2.588190e-01 9.659258e-01 -0.000000e+00
    outer loop
      vertex   -7.747118e+01 -2.468364e+02 3.224676e+01
      vertex   -7.928438e+01 -2.463505e+02 6.149353e+01
      vertex   -7.747118e+01 -2.468364e+02 6.149353e+01
    endloop
  endfacet
  facet normal -9.994643e-01 -3.272889e-02 0.000000e+00
    outer loop
      vertex   -3.915525e+01 -6.177613e+01 3.000000e+00
      vertex   -3.915525e+01 -6.177613e+01 9.074029e+01
      vertex   -3.930938e+01 -5.706922e+01 3.000000e+00
    endloop
  endfacet
  facet normal -9.994643e-01 -3.272889e-02 0.000000e+00
    outer loop
      vertex   -3.930938e+01 -5.706922e+01 3.000000e+00
      vertex   -3.915525e+01 -6.177613e+01 9.074029e+01
      vertex   -3.930938e+01 -5.706922e+01 9.074029e+01
    endloop
  endfacet
  facet normal -9.951818e-01 -9.804645e-02 0.000000e+00
    outer loop
      vertex   -3.930938e+01 -5.706922e+01 3.000000e+00
      vertex   -3.930938e+01 -5.706922e+01 9.074029e+01
      vertex   -3.977113e+01 -5.238249e+01 3.000000e+00
    endloop
  endfacet
  facet normal -9.951818e-01 -9.804645e-02 0.000000e+00
    outer loop
      vertex   -3.977113e+01 -5.238249e+01 3.000000e+00
      vertex   -3.930938e+01 -5.706922e+01 9.074029e+01
      vertex   -3.977113e+01 -5.238249e+01 9.074029e+01
    endloop
  endfacet
  facet normal -9.866353e-01 -1.629439e-01 0.000000e+00
    outer loop
      vertex   -3.977113e+01 -5.238249e+01 3.000000e+00
      vertex   -3.977113e+01 -5.238249e+01 9.074029e+01
      vertex   -4.053850e+01 -4.773600e+01 3.000000e+00
    endloop
  endfacet
  facet normal -9.866353e-01 -1.629439e-01 -1.319560e-17
    outer loop
      vertex   -4.053850e+01 -4.773600e+01 3.000000e+00
      vertex   -3.977113e+01 -5.238249e+01 9.074029e+01
      vertex   -4.053850e+01 -4.773600e+01 9.074029e+01
    endloop
  endfacet
  facet normal -9.738614e-01 -2.271432e-01 -1.839462e-17
    outer loop
      vertex   -4.053850e+01 -4.773600e+01 3.000000e+00
      vertex   -4.053850e+01 -4.773600e+01 9.074029e+01
      vertex   -4.160821e+01 -4.314967e+01 3.000000e+00
    endloop
  endfacet
  facet normal -9.738614e-01 -2.271432e-01 0.000000e+00
    outer loop
      vertex   -4.160821e+01 -4.314967e+01 3.000000e+00
      vertex   -4.053850e+01 -4.773600e+01 9.074029e+01
      vertex   -4.160821e+01 -4.314967e+01 9.074029e+01
    endloop
  endfacet
  facet normal -9.569147e-01 -2.903692e-01 0.000000e+00
    outer loop
      vertex   -4.160821e+01 -4.314967e+01 3.000000e+00
      vertex   -4.160821e+01 -4.314967e+01 9.074029e+01
      vertex   -4.297569e+01 -3.864315e+01 3.000000e+00
    endloop
  endfacet
  facet normal -9.569147e-01 -2.903692e-01 0.000000e+00
    outer loop
      vertex   -4.297569e+01 -3.864315e+01 3.000000e+00
      vertex   -4.160821e+01 -4.314967e+01 9.074029e+01
      vertex   -4.297569e+01 -3.864315e+01 9.074029e+01
    endloop
  endfacet
  facet normal -9.358679e-01 -3.523511e-01 0.000000e+00
    outer loop
      vertex   -4.297569e+01 -3.864315e+01 3.000000e+00
      vertex   -4.297569e+01 -3.864315e+01 9.074029e+01
      vertex   -4.463506e+01 -3.423575e+01 3.000000e+00
    endloop
  endfacet
  facet normal -9.358679e-01 -3.523511e-01 0.000000e+00
    outer loop
      vertex   -4.463506e+01 -3.423575e+01 3.000000e+00
      vertex   -4.297569e+01 -3.864315e+01 9.074029e+01
      vertex   -4.463506e+01 -3.423575e+01 9.074029e+01
    endloop
  endfacet
  facet normal -9.238344e-01 -3.827923e-01 -0.000000e+00
    outer loop
      vertex   -4.463506e+01 -3.423575e+01 9.074029e+01
      vertex   -5.476384e+01 -9.790865e+00 9.074029e+01
      vertex   -4.463506e+01 -3.423575e+01 3.000000e+00
    endloop
  endfacet
  facet normal -9.238344e-01 -3.827923e-01 0.000000e+00
    outer loop
      vertex   -4.463506e+01 -3.423575e+01 3.000000e+00
      vertex   -5.476384e+01 -9.790865e+00 9.074029e+01
      vertex   -5.476384e+01 -9.790865e+00 3.000000e+00
    endloop
  endfacet
  facet normal 9.995004e-01 -3.160738e-02 0.000000e+00
    outer loop
      vertex   -8.637016e+01 -6.158176e+01 9.074029e+01
      vertex   -8.637016e+01 -6.158176e+01 3.000000e+00
      vertex   -8.624928e+01 -5.775930e+01 9.074029e+01
    endloop
  endfacet
  facet normal 9.995004e-01 -3.160738e-02 0.000000e+00
    outer loop
      vertex   -8.624928e+01 -5.775930e+01 9.074029e+01
      vertex   -8.637016e+01 -6.158176e+01 3.000000e+00
      vertex   -8.624928e+01 -5.775930e+01 3.000000e+00
    endloop
  endfacet
  facet normal 9.955063e-01 -9.469585e-02 0.000000e+00
    outer loop
      vertex   -8.624928e+01 -5.775930e+01 9.074029e+01
      vertex   -8.624928e+01 -5.775930e+01 3.000000e+00
      vertex   -8.588713e+01 -5.395212e+01 3.000000e+00
    endloop
  endfacet
  facet normal 9.955063e-01 -9.469585e-02 -7.940774e-18
    outer loop
      vertex   -8.624928e+01 -5.775930e+01 9.074029e+01
      vertex   -8.588713e+01 -5.395212e+01 3.000000e+00
      vertex   -8.588713e+01 -5.395212e+01 9.074029e+01
    endloop
  endfacet
  facet normal 9.875340e-01 -1.574059e-01 -1.274712e-17
    outer loop
      vertex   -8.588713e+01 -5.395212e+01 9.074029e+01
      vertex   -8.588713e+01 -5.395212e+01 3.000000e+00
      vertex   -8.528515e+01 -5.017543e+01 3.000000e+00
    endloop
  endfacet
  facet normal 9.875340e-01 -1.574059e-01 0.000000e+00
    outer loop
      vertex   -8.588713e+01 -5.395212e+01 9.074029e+01
      vertex   -8.528515e+01 -5.017543e+01 3.000000e+00
      vertex   -8.528515e+01 -5.017543e+01 9.074029e+01
    endloop
  endfacet
  facet normal 9.756154e-01 -2.194869e-01 0.000000e+00
    outer loop
      vertex   -8.528515e+01 -5.017543e+01 9.074029e+01
      vertex   -8.528515e+01 -5.017543e+01 3.000000e+00
      vertex   -8.444575e+01 -4.644432e+01 3.000000e+00
    endloop
  endfacet
  facet normal 9.756154e-01 -2.194869e-01 0.000000e+00
    outer loop
      vertex   -8.528515e+01 -5.017543e+01 9.074029e+01
      vertex   -8.444575e+01 -4.644432e+01 3.000000e+00
      vertex   -8.444575e+01 -4.644432e+01 9.074029e+01
    endloop
  endfacet
  facet normal 9.597982e-01 -2.806909e-01 0.000000e+00
    outer loop
      vertex   -8.444575e+01 -4.644432e+01 9.074029e+01
      vertex   -8.444575e+01 -4.644432e+01 3.000000e+00
      vertex   -8.337229e+01 -4.277369e+01 3.000000e+00
    endloop
  endfacet
  facet normal 9.597982e-01 -2.806909e-01 0.000000e+00
    outer loop
      vertex   -8.444575e+01 -4.644432e+01 9.074029e+01
      vertex   -8.337229e+01 -4.277369e+01 3.000000e+00
      vertex   -8.337229e+01 -4.277369e+01 9.074029e+01
    endloop
  endfacet
  facet normal 9.401456e-01 -3.407732e-01 0.000000e+00
    outer loop
      vertex   -8.337229e+01 -4.277369e+01 9.074029e+01
      vertex   -8.337229e+01 -4.277369e+01 3.000000e+00
      vertex   -8.206905e+01 -3.917823e+01 9.074029e+01
    endloop
  endfacet
  facet normal 9.401456e-01 -3.407732e-01 0.000000e+00
    outer loop
      vertex   -8.206905e+01 -3.917823e+01 9.074029e+01
      vertex   -8.337229e+01 -4.277369e+01 3.000000e+00
      vertex   -8.206905e+01 -3.917823e+01 3.000000e+00
    endloop
  endfacet
  facet normal 1.000000e+00 -0.000000e+00 0.000000e+00
    outer loop
      vertex   -8.637016e+01 -2.362310e+02 3.000000e+00
      vertex   -8.637016e+01 -6.158176e+01 3.000000e+00
      vertex   -8.637016e+01 -2.362310e+02 9.074029e+01
    endloop
  endfacet
  facet normal 1.000000e+00 -0.000000e+00 0.000000e+00
    outer loop
      vertex   -8.637016e+01 -2.362310e+02 9.074029e+01
      vertex   -8.637016e+01 -6.158176e+01 3.000000e+00
      vertex   -8.637016e+01 -6.158176e+01 9.074029e+01
    endloop
  endfacet
  facet normal -8.816057e-01 -4.719867e-01 2.866699e-17
    outer loop
      vertex   -5.554884e+01 -8.324580e+00 9.074029e+01
      vertex   -5.554884e+01 -8.324580e+00 6.149353e+01
      vertex   -5.476384e+01 -9.790865e+00 9.074029e+01
    endloop
  endfacet
  facet normal -8.816057e-01 -4.719867e-01 0.000000e+00
    outer loop
      vertex   -5.476384e+01 -9.790865e+00 9.074029e+01
      vertex   -5.554884e+01 -8.324580e+00 6.149353e+01
      vertex   -5.554884e+01 -8.324580e+00 3.224676e+01
    endloop
  endfacet
  facet normal -8.816057e-01 -4.719867e-01 -0.000000e+00
    outer loop
      vertex   -5.476384e+01 -9.790865e+00 9.074029e+01
      vertex   -5.554884e+01 -8.324580e+00 3.224676e+01
      vertex   -5.476384e+01 -9.790865e+00 3.000000e+00
    endloop
  endfacet
  facet normal -8.816057e-01 -4.719867e-01 -2.738860e-17
    outer loop
      vertex   -5.476384e+01 -9.790865e+00 3.000000e+00
      vertex   -5.554884e+01 -8.324580e+00 3.224676e+01
      vertex   -5.554884e+01 -8.324580e+00 3.000000e+00
    endloop
  endfacet
  facet normal -7.718854e-01 -6.357617e-01 -3.861417e-17
    outer loop
      vertex   -5.554884e+01 -8.324580e+00 3.000000e+00
      vertex   -5.554884e+01 -8.324580e+00 3.224676e+01
      vertex   -5.660624e+01 -7.040782e+00 3.000000e+00
    endloop
  endfacet
  facet normal -7.718854e-01 -6.357617e-01 -1.930709e-17
    outer loop
      vertex   -5.660624e+01 -7.040782e+00 3.000000e+00
      vertex   -5.554884e+01 -8.324580e+00 3.224676e+01
      vertex   -5.660624e+01 -7.040782e+00 3.224676e+01
    endloop
  endfacet
  facet normal -6.321691e-01 -7.748305e-01 -2.353039e-17
    outer loop
      vertex   -5.660624e+01 -7.040782e+00 3.000000e+00
      vertex   -5.660624e+01 -7.040782e+00 3.224676e+01
      vertex   -5.789494e+01 -5.989360e+00 3.000000e+00
    endloop
  endfacet
  facet normal -6.321691e-01 -7.748305e-01 1.771143e-16
    outer loop
      vertex   -5.789494e+01 -5.989360e+00 3.000000e+00
      vertex   -5.660624e+01 -7.040782e+00 3.224676e+01
      vertex   -5.789494e+01 -5.989360e+00 3.224676e+01
    endloop
  endfacet
  facet normal -4.678862e-01 -8.837887e-01 1.405110e-16
    outer loop
      vertex   -5.789494e+01 -5.989360e+00 3.000000e+00
      vertex   -5.789494e+01 -5.989360e+00 3.224676e+01
      vertex   -5.936485e+01 -5.211173e+00 3.000000e+00
    endloop
  endfacet
  facet normal -4.678862e-01 -8.837887e-01 2.683928e-17
    outer loop
      vertex   -5.936485e+01 -5.211173e+00 3.000000e+00
      vertex   -5.789494e+01 -5.989360e+00 3.224676e+01
      vertex   -5.936485e+01 -5.211173e+00 3.224676e+01
    endloop
  endfacet
  facet normal -2.854208e-01 -9.584023e-01 2.910518e-17
    outer loop
      vertex   -5.936485e+01 -5.211173e+00 3.000000e+00
      vertex   -5.936485e+01 -5.211173e+00 3.224676e+01
      vertex   -6.095886e+01 -4.736462e+00 3.000000e+00
    endloop
  endfacet
  facet normal -2.854208e-01 -9.584023e-01 2.910518e-17
    outer loop
      vertex   -6.095886e+01 -4.736462e+00 3.000000e+00
      vertex   -5.936485e+01 -5.211173e+00 3.224676e+01
      vertex   -6.095886e+01 -4.736462e+00 3.224676e+01
    endloop
  endfacet
  facet normal -9.186376e-02 -9.957716e-01 3.024002e-17
    outer loop
      vertex   -6.095886e+01 -4.736462e+00 3.000000e+00
      vertex   -6.095886e+01 -4.736462e+00 3.224676e+01
      vertex   -6.261503e+01 -4.583674e+00 3.000000e+00
    endloop
  endfacet
  facet normal -9.186376e-02 -9.957716e-01 0.000000e+00
    outer loop
      vertex   -6.261503e+01 -4.583674e+00 3.000000e+00
      vertex   -6.095886e+01 -4.736462e+00 3.224676e+01
      vertex   -6.261503e+01 -4.583674e+00 3.224676e+01
    endloop
  endfacet
  facet normal 1.052632e-01 -9.944444e-01 0.000000e+00
    outer loop
      vertex   -6.261503e+01 -4.583674e+00 3.000000e+00
      vertex   -6.261503e+01 -4.583674e+00 3.224676e+01
      vertex   -6.426899e+01 -4.758748e+00 3.000000e+00
    endloop
  endfacet
  facet normal 1.052632e-01 -9.944444e-01 -9.059916e-17
    outer loop
      vertex   -6.426899e+01 -4.758748e+00 3.000000e+00
      vertex   -6.261503e+01 -4.583674e+00 3.224676e+01
      vertex   -6.426899e+01 -4.758748e+00 3.224676e+01
    endloop
  endfacet
  facet normal 2.982995e-01 -9.544723e-01 -8.695749e-17
    outer loop
      vertex   -6.426899e+01 -4.758748e+00 3.000000e+00
      vertex   -6.426899e+01 -4.758748e+00 3.224676e+01
      vertex   -6.585646e+01 -5.254879e+00 3.000000e+00
    endloop
  endfacet
  facet normal 2.982995e-01 -9.544723e-01 -2.898583e-17
    outer loop
      vertex   -6.585646e+01 -5.254879e+00 3.000000e+00
      vertex   -6.426899e+01 -4.758748e+00 3.224676e+01
      vertex   -6.585646e+01 -5.254879e+00 3.224676e+01
    endloop
  endfacet
  facet normal 4.797437e-01 -8.774087e-01 -2.664553e-17
    outer loop
      vertex   -6.585646e+01 -5.254879e+00 3.000000e+00
      vertex   -6.585646e+01 -5.254879e+00 3.224676e+01
      vertex   -6.731577e+01 -6.052787e+00 3.000000e+00
    endloop
  endfacet
  facet normal 4.797437e-01 -8.774087e-01 -5.329106e-17
    outer loop
      vertex   -6.731577e+01 -6.052787e+00 3.000000e+00
      vertex   -6.585646e+01 -5.254879e+00 3.224676e+01
      vertex   -6.731577e+01 -6.052787e+00 3.224676e+01
    endloop
  endfacet
  facet normal 6.425446e-01 -7.662483e-01 -4.653952e-17
    outer loop
      vertex   -6.731577e+01 -6.052787e+00 3.000000e+00
      vertex   -6.731577e+01 -6.052787e+00 3.224676e+01
      vertex   -6.859019e+01 -7.121466e+00 3.000000e+00
    endloop
  endfacet
  facet normal 6.425446e-01 -7.662483e-01 0.000000e+00
    outer loop
      vertex   -6.859019e+01 -7.121466e+00 3.000000e+00
      vertex   -6.731577e+01 -6.052787e+00 3.224676e+01
      vertex   -6.859019e+01 -7.121466e+00 3.224676e+01
    endloop
  endfacet
  facet normal 7.803758e-01 -6.253108e-01 0.000000e+00
    outer loop
      vertex   -6.859019e+01 -7.121466e+00 3.000000e+00
      vertex   -6.859019e+01 -7.121466e+00 3.224676e+01
      vertex   -6.963020e+01 -8.419385e+00 3.000000e+00
    endloop
  endfacet
  facet normal 7.803758e-01 -6.253108e-01 0.000000e+00
    outer loop
      vertex   -6.963020e+01 -8.419385e+00 3.000000e+00
      vertex   -6.859019e+01 -7.121466e+00 3.224676e+01
      vertex   -6.963020e+01 -8.419385e+00 3.224676e+01
    endloop
  endfacet
  facet normal 8.878809e-01 -4.600733e-01 0.000000e+00
    outer loop
      vertex   -6.963020e+01 -8.419385e+00 3.000000e+00
      vertex   -6.963020e+01 -8.419385e+00 3.224676e+01
      vertex   -7.039540e+01 -9.896106e+00 3.000000e+00
    endloop
  endfacet
  facet normal 8.878809e-01 -4.600733e-01 0.000000e+00
    outer loop
      vertex   -7.039540e+01 -9.896106e+00 3.000000e+00
      vertex   -6.963020e+01 -8.419385e+00 3.224676e+01
      vertex   -6.963020e+01 -8.419385e+00 6.149353e+01
    endloop
  endfacet
  facet normal 8.878809e-01 -4.600733e-01 0.000000e+00
    outer loop
      vertex   -7.039540e+01 -9.896106e+00 3.000000e+00
      vertex   -6.963020e+01 -8.419385e+00 6.149353e+01
      vertex   -7.039540e+01 -9.896106e+00 9.074029e+01
    endloop
  endfacet
  facet normal 8.878809e-01 -4.600733e-01 2.738860e-17
    outer loop
      vertex   -7.039540e+01 -9.896106e+00 9.074029e+01
      vertex   -6.963020e+01 -8.419385e+00 6.149353e+01
      vertex   -6.963020e+01 -8.419385e+00 9.074029e+01
    endloop
  endfacet
  facet normal 7.803758e-01 -6.253108e-01 3.797942e-17
    outer loop
      vertex   -6.963020e+01 -8.419385e+00 9.074029e+01
      vertex   -6.963020e+01 -8.419385e+00 6.149353e+01
      vertex   -6.859019e+01 -7.121466e+00 9.074029e+01
    endloop
  endfacet
  facet normal 7.803758e-01 -6.253108e-01 0.000000e+00
    outer loop
      vertex   -6.859019e+01 -7.121466e+00 9.074029e+01
      vertex   -6.963020e+01 -8.419385e+00 6.149353e+01
      vertex   -6.859019e+01 -7.121466e+00 6.149353e+01
    endloop
  endfacet
  facet normal 6.425446e-01 -7.662483e-01 0.000000e+00
    outer loop
      vertex   -6.859019e+01 -7.121466e+00 9.074029e+01
      vertex   -6.859019e+01 -7.121466e+00 6.149353e+01
      vertex   -6.731577e+01 -6.052787e+00 9.074029e+01
    endloop
  endfacet
  facet normal 6.425446e-01 -7.662483e-01 4.653952e-17
    outer loop
      vertex   -6.731577e+01 -6.052787e+00 9.074029e+01
      vertex   -6.859019e+01 -7.121466e+00 6.149353e+01
      vertex   -6.731577e+01 -6.052787e+00 6.149353e+01
    endloop
  endfacet
  facet normal 4.797437e-01 -8.774087e-01 5.329106e-17
    outer loop
      vertex   -6.731577e+01 -6.052787e+00 9.074029e+01
      vertex   -6.731577e+01 -6.052787e+00 6.149353e+01
      vertex   -6.585646e+01 -5.254879e+00 9.074029e+01
    endloop
  endfacet
  facet normal 4.797437e-01 -8.774087e-01 0.000000e+00
    outer loop
      vertex   -6.585646e+01 -5.254879e+00 9.074029e+01
      vertex   -6.731577e+01 -6.052787e+00 6.149353e+01
      vertex   -6.585646e+01 -5.254879e+00 6.149353e+01
    endloop
  endfacet
  facet normal 2.982995e-01 -9.544723e-01 0.000000e+00
    outer loop
      vertex   -6.585646e+01 -5.254879e+00 9.074029e+01
      vertex   -6.585646e+01 -5.254879e+00 6.149353e+01
      vertex   -6.426899e+01 -4.758748e+00 9.074029e+01
    endloop
  endfacet
  facet normal 2.982995e-01 -9.544723e-01 8.695749e-17
    outer loop
      vertex   -6.426899e+01 -4.758748e+00 9.074029e+01
      vertex   -6.585646e+01 -5.254879e+00 6.149353e+01
      vertex   -6.426899e+01 -4.758748e+00 6.149353e+01
    endloop
  endfacet
  facet normal 1.052632e-01 -9.944444e-01 9.059916e-17
    outer loop
      vertex   -6.426899e+01 -4.758748e+00 9.074029e+01
      vertex   -6.426899e+01 -4.758748e+00 6.149353e+01
      vertex   -6.261503e+01 -4.583674e+00 9.074029e+01
    endloop
  endfacet
  facet normal 1.052632e-01 -9.944444e-01 0.000000e+00
    outer loop
      vertex   -6.261503e+01 -4.583674e+00 9.074029e+01
      vertex   -6.426899e+01 -4.758748e+00 6.149353e+01
      vertex   -6.261503e+01 -4.583674e+00 6.149353e+01
    endloop
  endfacet
  facet normal -9.186376e-02 -9.957716e-01 -0.000000e+00
    outer loop
      vertex   -6.261503e+01 -4.583674e+00 9.074029e+01
      vertex   -6.261503e+01 -4.583674e+00 6.149353e+01
      vertex   -6.095886e+01 -4.736462e+00 9.074029e+01
    endloop
  endfacet
  facet normal -9.186376e-02 -9.957716e-01 -3.024002e-17
    outer loop
      vertex   -6.095886e+01 -4.736462e+00 9.074029e+01
      vertex   -6.261503e+01 -4.583674e+00 6.149353e+01
      vertex   -6.095886e+01 -4.736462e+00 6.149353e+01
    endloop
  endfacet
  facet normal -2.854208e-01 -9.584023e-01 -2.910518e-17
    outer loop
      vertex   -6.095886e+01 -4.736462e+00 9.074029e+01
      vertex   -6.095886e+01 -4.736462e+00 6.149353e+01
      vertex   -5.936485e+01 -5.211173e+00 9.074029e+01
    endloop
  endfacet
  facet normal -2.854208e-01 -9.584023e-01 -8.731553e-17
    outer loop
      vertex   -5.936485e+01 -5.211173e+00 9.074029e+01
      vertex   -6.095886e+01 -4.736462e+00 6.149353e+01
      vertex   -5.936485e+01 -5.211173e+00 6.149353e+01
    endloop
  endfacet
  facet normal -4.678862e-01 -8.837887e-01 -8.051784e-17
    outer loop
      vertex   -5.936485e+01 -5.211173e+00 9.074029e+01
      vertex   -5.936485e+01 -5.211173e+00 6.149353e+01
      vertex   -5.789494e+01 -5.989360e+00 9.074029e+01
    endloop
  endfacet
  facet normal -4.678862e-01 -8.837887e-01 -2.683928e-17
    outer loop
      vertex   -5.789494e+01 -5.989360e+00 9.074029e+01
      vertex   -5.936485e+01 -5.211173e+00 6.149353e+01
      vertex   -5.789494e+01 -5.989360e+00 6.149353e+01
    endloop
  endfacet
  facet normal -6.321691e-01 -7.748305e-01 -2.353039e-17
    outer loop
      vertex   -5.789494e+01 -5.989360e+00 9.074029e+01
      vertex   -5.789494e+01 -5.989360e+00 6.149353e+01
      vertex   -5.660624e+01 -7.040782e+00 9.074029e+01
    endloop
  endfacet
  facet normal -6.321691e-01 -7.748305e-01 2.353039e-17
    outer loop
      vertex   -5.660624e+01 -7.040782e+00 9.074029e+01
      vertex   -5.789494e+01 -5.989360e+00 6.149353e+01
      vertex   -5.660624e+01 -7.040782e+00 6.149353e+01
    endloop
  endfacet
  facet normal -7.718854e-01 -6.357617e-01 1.930709e-17
    outer loop
      vertex   -5.660624e+01 -7.040782e+00 9.074029e+01
      vertex   -5.660624e+01 -7.040782e+00 6.149353e+01
      vertex   -5.554884e+01 -8.324580e+00 9.074029e+01
    endloop
  endfacet
  facet normal -7.718854e-01 -6.357617e-01 3.861417e-17
    outer loop
      vertex   -5.554884e+01 -8.324580e+00 9.074029e+01
      vertex   -5.660624e+01 -7.040782e+00 6.149353e+01
      vertex   -5.554884e+01 -8.324580e+00 6.149353e+01
    endloop
  endfacet
  facet normal -7.718854e-01 -6.357617e-01 0.000000e+00
    outer loop
      vertex   -5.660624e+01 -7.040782e+00 3.224676e+01
      vertex   -5.554884e+01 -8.324580e+00 3.224676e+01
      vertex   -5.554884e+01 -8.324580e+00 6.149353e+01
    endloop
  endfacet
  facet normal -7.718854e-01 -6.357617e-01 0.000000e+00
    outer loop
      vertex   -5.660624e+01 -7.040782e+00 3.224676e+01
      vertex   -5.554884e+01 -8.324580e+00 6.149353e+01
      vertex   -5.660624e+01 -7.040782e+00 6.149353e+01
    endloop
  endfacet
  facet normal -6.321691e-01 -7.748305e-01 0.000000e+00
    outer loop
      vertex   -5.789494e+01 -5.989360e+00 3.224676e+01
      vertex   -5.660624e+01 -7.040782e+00 3.224676e+01
      vertex   -5.660624e+01 -7.040782e+00 6.149353e+01
    endloop
  endfacet
  facet normal -6.321691e-01 -7.748305e-01 -2.353039e-17
    outer loop
      vertex   -5.789494e+01 -5.989360e+00 3.224676e+01
      vertex   -5.660624e+01 -7.040782e+00 6.149353e+01
      vertex   -5.789494e+01 -5.989360e+00 6.149353e+01
    endloop
  endfacet
  facet normal -4.678862e-01 -8.837887e-01 -2.738860e-17
    outer loop
      vertex   -5.936485e+01 -5.211173e+00 3.224676e+01
      vertex   -5.789494e+01 -5.989360e+00 3.224676e+01
      vertex   -5.789494e+01 -5.989360e+00 6.149353e+01
    endloop
  endfacet
  facet normal -4.678862e-01 -8.837887e-01 0.000000e+00
    outer loop
      vertex   -5.936485e+01 -5.211173e+00 3.224676e+01
      vertex   -5.789494e+01 -5.989360e+00 6.149353e+01
      vertex   -5.936485e+01 -5.211173e+00 6.149353e+01
    endloop
  endfacet
  facet normal -2.854208e-01 -9.584023e-01 0.000000e+00
    outer loop
      vertex   -6.095886e+01 -4.736462e+00 3.224676e+01
      vertex   -5.936485e+01 -5.211173e+00 3.224676e+01
      vertex   -5.936485e+01 -5.211173e+00 6.149353e+01
    endloop
  endfacet
  facet normal -2.854208e-01 -9.584023e-01 0.000000e+00
    outer loop
      vertex   -6.095886e+01 -4.736462e+00 3.224676e+01
      vertex   -5.936485e+01 -5.211173e+00 6.149353e+01
      vertex   -6.095886e+01 -4.736462e+00 6.149353e+01
    endloop
  endfacet
  facet normal -9.186376e-02 -9.957716e-01 0.000000e+00
    outer loop
      vertex   -6.261503e+01 -4.583674e+00 3.224676e+01
      vertex   -6.095886e+01 -4.736462e+00 3.224676e+01
      vertex   -6.095886e+01 -4.736462e+00 6.149353e+01
    endloop
  endfacet
  facet normal -9.186376e-02 -9.957716e-01 0.000000e+00
    outer loop
      vertex   -6.261503e+01 -4.583674e+00 3.224676e+01
      vertex   -6.095886e+01 -4.736462e+00 6.149353e+01
      vertex   -6.261503e+01 -4.583674e+00 6.149353e+01
    endloop
  endfacet
  facet normal 1.052632e-01 -9.944444e-01 0.000000e+00
    outer loop
      vertex   -6.426899e+01 -4.758748e+00 3.224676e+01
      vertex   -6.261503e+01 -4.583674e+00 3.224676e+01
      vertex   -6.261503e+01 -4.583674e+00 6.149353e+01
    endloop
  endfacet
  facet normal 1.052632e-01 -9.944444e-01 0.000000e+00
    outer loop
      vertex   -6.426899e+01 -4.758748e+00 3.224676e+01
      vertex   -6.261503e+01 -4.583674e+00 6.149353e+01
      vertex   -6.426899e+01 -4.758748e+00 6.149353e+01
    endloop
  endfacet
  facet normal 2.982995e-01 -9.544723e-01 0.000000e+00
    outer loop
      vertex   -6.585646e+01 -5.254879e+00 3.224676e+01
      vertex   -6.426899e+01 -4.758748e+00 3.224676e+01
      vertex   -6.426899e+01 -4.758748e+00 6.149353e+01
    endloop
  endfacet
  facet normal 2.982995e-01 -9.544723e-01 -1.159564e-16
    outer loop
      vertex   -6.585646e+01 -5.254879e+00 3.224676e+01
      vertex   -6.426899e+01 -4.758748e+00 6.149353e+01
      vertex   -6.585646e+01 -5.254879e+00 6.149353e+01
    endloop
  endfacet
  facet normal 4.797437e-01 -8.774087e-01 -2.099793e-16
    outer loop
      vertex   -6.731577e+01 -6.052787e+00 3.224676e+01
      vertex   -6.585646e+01 -5.254879e+00 3.224676e+01
      vertex   -6.585646e+01 -5.254879e+00 6.149353e+01
    endloop
  endfacet
  facet normal 4.797437e-01 -8.774087e-01 -1.798140e-16
    outer loop
      vertex   -6.731577e+01 -6.052787e+00 3.224676e+01
      vertex   -6.585646e+01 -5.254879e+00 6.149353e+01
      vertex   -6.731577e+01 -6.052787e+00 6.149353e+01
    endloop
  endfacet
  facet normal 6.425446e-01 -7.662483e-01 -2.647565e-16
    outer loop
      vertex   -6.859019e+01 -7.121466e+00 3.224676e+01
      vertex   -6.731577e+01 -6.052787e+00 3.224676e+01
      vertex   -6.731577e+01 -6.052787e+00 6.149353e+01
    endloop
  endfacet
  facet normal 6.425446e-01 -7.662483e-01 0.000000e+00
    outer loop
      vertex   -6.859019e+01 -7.121466e+00 3.224676e+01
      vertex   -6.731577e+01 -6.052787e+00 6.149353e+01
      vertex   -6.859019e+01 -7.121466e+00 6.149353e+01
    endloop
  endfacet
  facet normal 7.803758e-01 -6.253108e-01 0.000000e+00
    outer loop
      vertex   -6.963020e+01 -8.419385e+00 3.224676e+01
      vertex   -6.859019e+01 -7.121466e+00 3.224676e+01
      vertex   -6.859019e+01 -7.121466e+00 6.149353e+01
    endloop
  endfacet
  facet normal 7.803758e-01 -6.253108e-01 0.000000e+00
    outer loop
      vertex   -6.963020e+01 -8.419385e+00 3.224676e+01
      vertex   -6.859019e+01 -7.121466e+00 6.149353e+01
      vertex   -6.963020e+01 -8.419385e+00 6.149353e+01
    endloop
  endfacet
  facet normal 9.289049e-01 -3.703184e-01 0.000000e+00
    outer loop
      vertex   -8.206905e+01 -3.917823e+01 3.000000e+00
      vertex   -7.039540e+01 -9.896106e+00 3.000000e+00
      vertex   -8.206905e+01 -3.917823e+01 9.074029e+01
    endloop
  endfacet
  facet normal 9.289049e-01 -3.703184e-01 0.000000e+00
    outer loop
      vertex   -8.206905e+01 -3.917823e+01 9.074029e+01
      vertex   -7.039540e+01 -9.896106e+00 3.000000e+00
      vertex   -7.039540e+01 -9.896106e+00 9.074029e+01
    endloop
  endfacet
  facet normal -1.000000e+00 0.000000e+00 0.000000e+00
    outer loop
      vertex   -3.915525e+01 -2.366580e+02 9.074029e+01
      vertex   -3.915525e+01 -6.177613e+01 9.074029e+01
      vertex   -3.915525e+01 -2.366580e+02 3.000000e+00
    endloop
  endfacet
  facet normal -1.000000e+00 0.000000e+00 0.000000e+00
    outer loop
      vertex   -3.915525e+01 -2.366580e+02 3.000000e+00
      vertex   -3.915525e+01 -6.177613e+01 9.074029e+01
      vertex   -3.915525e+01 -6.177613e+01 3.000000e+00
    endloop
  endfacet
  facet normal 9.994643e-01 3.272889e-02 0.000000e+00
    outer loop
      vertex   -3.615525e+01 -6.177613e+01 9.074029e+01
      vertex   -3.615525e+01 -6.177613e+01 8.009000e+00
      vertex   -3.631581e+01 -5.687295e+01 9.074029e+01
    endloop
  endfacet
  facet normal 9.994643e-01 3.272889e-02 -1.688683e-16
    outer loop
      vertex   -3.631581e+01 -5.687295e+01 9.074029e+01
      vertex   -3.615525e+01 -6.177613e+01 8.009000e+00
      vertex   -3.631581e+01 -5.687295e+01 8.009000e+00
    endloop
  endfacet
  facet normal 9.951818e-01 9.804645e-02 -1.625228e-16
    outer loop
      vertex   -3.631581e+01 -5.687295e+01 9.074029e+01
      vertex   -3.631581e+01 -5.687295e+01 8.009000e+00
      vertex   -3.679681e+01 -5.199079e+01 9.074029e+01
    endloop
  endfacet
  facet normal 9.951818e-01 9.804645e-02 -1.709436e-16
    outer loop
      vertex   -3.679681e+01 -5.199079e+01 9.074029e+01
      vertex   -3.631581e+01 -5.687295e+01 8.009000e+00
      vertex   -3.679681e+01 -5.199079e+01 8.009000e+00
    endloop
  endfacet
  facet normal 9.866353e-01 1.629439e-01 -1.694756e-16
    outer loop
      vertex   -3.679681e+01 -5.199079e+01 9.074029e+01
      vertex   -3.679681e+01 -5.199079e+01 8.009000e+00
      vertex   -3.759618e+01 -4.715056e+01 9.074029e+01
    endloop
  endfacet
  facet normal 9.866353e-01 1.629439e-01 -1.554810e-16
    outer loop
      vertex   -3.759618e+01 -4.715056e+01 9.074029e+01
      vertex   -3.679681e+01 -5.199079e+01 8.009000e+00
      vertex   -3.759618e+01 -4.715056e+01 8.009000e+00
    endloop
  endfacet
  facet normal 9.738614e-01 2.271432e-01 -1.477730e-16
    outer loop
      vertex   -3.759618e+01 -4.715056e+01 9.074029e+01
      vertex   -3.759618e+01 -4.715056e+01 8.009000e+00
      vertex   -3.871050e+01 -4.237299e+01 9.074029e+01
    endloop
  endfacet
  facet normal 9.738614e-01 2.271432e-01 -1.672814e-16
    outer loop
      vertex   -3.871050e+01 -4.237299e+01 9.074029e+01
      vertex   -3.759618e+01 -4.715056e+01 8.009000e+00
      vertex   -3.871050e+01 -4.237299e+01 8.009000e+00
    endloop
  endfacet
  facet normal 9.569147e-01 2.903692e-01 -1.643704e-16
    outer loop
      vertex   -3.871050e+01 -4.237299e+01 9.074029e+01
      vertex   -3.871050e+01 -4.237299e+01 8.009000e+00
      vertex   -4.013499e+01 -3.767856e+01 9.074029e+01
    endloop
  endfacet
  facet normal 9.569147e-01 2.903692e-01 -8.218520e-17
    outer loop
      vertex   -4.013499e+01 -3.767856e+01 9.074029e+01
      vertex   -3.871050e+01 -4.237299e+01 8.009000e+00
      vertex   -4.013499e+01 -3.767856e+01 8.009000e+00
    endloop
  endfacet
  facet normal 9.358679e-01 3.523511e-01 -8.037759e-17
    outer loop
      vertex   -4.013499e+01 -3.767856e+01 9.074029e+01
      vertex   -4.013499e+01 -3.767856e+01 8.009000e+00
      vertex   -4.186355e+01 -3.308738e+01 9.074029e+01
    endloop
  endfacet
  facet normal 9.358679e-01 3.523511e-01 8.037759e-17
    outer loop
      vertex   -4.186355e+01 -3.308738e+01 9.074029e+01
      vertex   -4.013499e+01 -3.767856e+01 8.009000e+00
      vertex   -4.186355e+01 -3.308738e+01 8.009000e+00
    endloop
  endfacet
  facet normal 9.238344e-01 3.827923e-01 7.934409e-17
    outer loop
      vertex   -4.186355e+01 -3.308738e+01 8.009000e+00
      vertex   -5.199233e+01 -8.642488e+00 8.009000e+00
      vertex   -4.186355e+01 -3.308738e+01 9.074029e+01
    endloop
  endfacet
  facet normal 9.238344e-01 3.827923e-01 2.596668e-17
    outer loop
      vertex   -4.186355e+01 -3.308738e+01 9.074029e+01
      vertex   -5.199233e+01 -8.642488e+00 8.009000e+00
      vertex   -5.199233e+01 -8.642488e+00 9.074029e+01
    endloop
  endfacet
  facet normal 8.881746e-01 4.595062e-01 3.946497e-17
    outer loop
      vertex   -5.199233e+01 -8.642488e+00 9.074029e+01
      vertex   -5.199233e+01 -8.642488e+00 8.009000e+00
      vertex   -5.288071e+01 -6.925344e+00 4.937464e+01
    endloop
  endfacet
  facet normal 8.881746e-01 4.595062e-01 -1.525628e-16
    outer loop
      vertex   -5.288071e+01 -6.925344e+00 4.937464e+01
      vertex   -5.199233e+01 -8.642488e+00 8.009000e+00
      vertex   -5.288071e+01 -6.925344e+00 8.009000e+00
    endloop
  endfacet
  facet normal 7.980864e-01 6.025431e-01 -1.370883e-16
    outer loop
      vertex   -5.288071e+01 -6.925344e+00 4.937464e+01
      vertex   -5.288071e+01 -6.925344e+00 8.009000e+00
      vertex   -5.404564e+01 -5.382371e+00 4.937464e+01
    endloop
  endfacet
  facet normal 7.980864e-01 6.025431e-01 1.888381e-16
    outer loop
      vertex   -5.404564e+01 -5.382371e+00 4.937464e+01
      vertex   -5.288071e+01 -6.925344e+00 8.009000e+00
      vertex   -5.404564e+01 -5.382371e+00 8.009000e+00
    endloop
  endfacet
  facet normal 6.851926e-01 7.283620e-01 1.802522e-16
    outer loop
      vertex   -5.404564e+01 -5.382371e+00 4.937464e+01
      vertex   -5.404564e+01 -5.382371e+00 8.009000e+00
      vertex   -5.545381e+01 -4.057660e+00 4.937464e+01
    endloop
  endfacet
  facet normal 6.851926e-01 7.283620e-01 -1.020574e-16
    outer loop
      vertex   -5.545381e+01 -4.057660e+00 4.937464e+01
      vertex   -5.404564e+01 -5.382371e+00 8.009000e+00
      vertex   -5.545381e+01 -4.057660e+00 8.009000e+00
    endloop
  endfacet
  facet normal 5.527191e-01 8.333677e-01 -7.704766e-17
    outer loop
      vertex   -5.545381e+01 -4.057660e+00 4.937464e+01
      vertex   -5.545381e+01 -4.057660e+00 8.009000e+00
      vertex   -5.706499e+01 -2.989066e+00 4.937464e+01
    endloop
  endfacet
  facet normal 5.527191e-01 8.333677e-01 8.946786e-18
    outer loop
      vertex   -5.706499e+01 -2.989066e+00 4.937464e+01
      vertex   -5.545381e+01 -4.057660e+00 8.009000e+00
      vertex   -5.706499e+01 -2.989066e+00 8.009000e+00
    endloop
  endfacet
  facet normal 4.044514e-01 9.145595e-01 9.818438e-18
    outer loop
      vertex   -5.706499e+01 -2.989066e+00 4.937464e+01
      vertex   -5.706499e+01 -2.989066e+00 8.009000e+00
      vertex   -5.883315e+01 -2.207123e+00 4.937464e+01
    endloop
  endfacet
  facet normal 4.044514e-01 9.145595e-01 0.000000e+00
    outer loop
      vertex   -5.883315e+01 -2.207123e+00 4.937464e+01
      vertex   -5.706499e+01 -2.989066e+00 8.009000e+00
      vertex   -5.883315e+01 -2.207123e+00 8.009000e+00
    endloop
  endfacet
  facet normal 2.446264e-01 9.696174e-01 0.000000e+00
    outer loop
      vertex   -5.883315e+01 -2.207123e+00 4.937464e+01
      vertex   -5.883315e+01 -2.207123e+00 8.009000e+00
      vertex   -6.070775e+01 -1.734177e+00 4.937464e+01
    endloop
  endfacet
  facet normal 2.446264e-01 9.696174e-01 -5.204762e-18
    outer loop
      vertex   -6.070775e+01 -1.734177e+00 4.937464e+01
      vertex   -5.883315e+01 -2.207123e+00 8.009000e+00
      vertex   -6.070775e+01 -1.734177e+00 8.009000e+00
    endloop
  endfacet
  facet normal 7.781101e-02 9.969681e-01 -5.351576e-18
    outer loop
      vertex   -6.070775e+01 -1.734177e+00 4.937464e+01
      vertex   -6.070775e+01 -1.734177e+00 8.009000e+00
      vertex   -6.263523e+01 -1.583742e+00 4.937464e+01
    endloop
  endfacet
  facet normal 7.781101e-02 9.969681e-01 -2.673139e-17
    outer loop
      vertex   -6.263523e+01 -1.583742e+00 4.937464e+01
      vertex   -6.070775e+01 -1.734177e+00 8.009000e+00
      vertex   -6.263523e+01 -1.583742e+00 8.009000e+00
    endloop
  endfacet
  facet normal -9.122780e-02 9.958300e-01 3.134062e-17
    outer loop
      vertex   -6.263523e+01 -1.583742e+00 4.937464e+01
      vertex   -6.263523e+01 -1.583742e+00 8.009000e+00
      vertex   -6.456051e+01 -1.760117e+00 4.937464e+01
    endloop
  endfacet
  facet normal -9.122780e-02 9.958300e-01 -4.810920e-17
    outer loop
      vertex   -6.456051e+01 -1.760117e+00 4.937464e+01
      vertex   -6.263523e+01 -1.583742e+00 8.009000e+00
      vertex   -6.456051e+01 -1.760117e+00 8.009000e+00
    endloop
  endfacet
  facet normal -2.576598e-01 9.662357e-01 -4.667948e-17
    outer loop
      vertex   -6.456051e+01 -1.760117e+00 4.937464e+01
      vertex   -6.456051e+01 -1.760117e+00 8.009000e+00
      vertex   -6.642857e+01 -2.258261e+00 4.937464e+01
    endloop
  endfacet
  facet normal -2.576598e-01 9.662357e-01 -3.665097e-17
    outer loop
      vertex   -6.642857e+01 -2.258261e+00 4.937464e+01
      vertex   -6.456051e+01 -1.760117e+00 8.009000e+00
      vertex   -6.642857e+01 -2.258261e+00 8.009000e+00
    endloop
  endfacet
  facet normal -4.167290e-01 9.090308e-01 -9.436867e-17
    outer loop
      vertex   -6.642857e+01 -2.258261e+00 4.937464e+01
      vertex   -6.642857e+01 -2.258261e+00 8.009000e+00
      vertex   -6.818603e+01 -3.063940e+00 4.937464e+01
    endloop
  endfacet
  facet normal -4.167290e-01 9.090308e-01 9.759083e-18
    outer loop
      vertex   -6.818603e+01 -3.063940e+00 4.937464e+01
      vertex   -6.642857e+01 -2.258261e+00 8.009000e+00
      vertex   -6.818603e+01 -3.063940e+00 8.009000e+00
    endloop
  endfacet
  facet normal -5.638900e-01 8.258499e-01 8.866078e-18
    outer loop
      vertex   -6.818603e+01 -3.063940e+00 4.937464e+01
      vertex   -6.818603e+01 -3.063940e+00 8.009000e+00
      vertex   -6.978268e+01 -4.154131e+00 4.937464e+01
    endloop
  endfacet
  facet normal -5.638900e-01 8.258499e-01 0.000000e+00
    outer loop
      vertex   -6.978268e+01 -4.154131e+00 4.937464e+01
      vertex   -6.818603e+01 -3.063940e+00 8.009000e+00
      vertex   -6.978268e+01 -4.154131e+00 8.009000e+00
    endloop
  endfacet
  facet normal -6.949376e-01 7.190701e-01 0.000000e+00
    outer loop
      vertex   -6.978268e+01 -4.154131e+00 4.937464e+01
      vertex   -6.978268e+01 -4.154131e+00 8.009000e+00
      vertex   -7.117289e+01 -5.497682e+00 4.937464e+01
    endloop
  endfacet
  facet normal -6.949376e-01 7.190701e-01 0.000000e+00
    outer loop
      vertex   -7.117289e+01 -5.497682e+00 4.937464e+01
      vertex   -6.978268e+01 -4.154131e+00 8.009000e+00
      vertex   -7.117289e+01 -5.497682e+00 8.009000e+00
    endloop
  endfacet
  facet normal -8.061271e-01 5.917425e-01 0.000000e+00
    outer loop
      vertex   -7.117289e+01 -5.497682e+00 4.937464e+01
      vertex   -7.117289e+01 -5.497682e+00 8.009000e+00
      vertex   -7.231693e+01 -7.056201e+00 4.937464e+01
    endloop
  endfacet
  facet normal -8.061271e-01 5.917425e-01 3.023499e-16
    outer loop
      vertex   -7.231693e+01 -7.056201e+00 4.937464e+01
      vertex   -7.117289e+01 -5.497682e+00 8.009000e+00
      vertex   -7.231693e+01 -7.056201e+00 8.009000e+00
    endloop
  endfacet
  facet normal -8.942811e-01 4.475056e-01 3.264407e-16
    outer loop
      vertex   -7.231693e+01 -7.056201e+00 4.937464e+01
      vertex   -7.231693e+01 -7.056201e+00 8.009000e+00
      vertex   -7.318211e+01 -8.785151e+00 8.009000e+00
    endloop
  endfacet
  facet normal -8.942811e-01 4.475056e-01 -1.728289e-16
    outer loop
      vertex   -7.318211e+01 -8.785151e+00 8.009000e+00
      vertex   -7.318211e+01 -8.785151e+00 9.074029e+01
      vertex   -7.231693e+01 -7.056201e+00 4.937464e+01
    endloop
  endfacet
  facet normal -8.942811e-01 4.475056e-01 -1.921715e-17
    outer loop
      vertex   -7.231693e+01 -7.056201e+00 4.937464e+01
      vertex   -7.318211e+01 -8.785151e+00 9.074029e+01
      vertex   -7.231693e+01 -7.056201e+00 9.074029e+01
    endloop
  endfacet
  facet normal -8.061271e-01 5.917425e-01 -2.541108e-17
    outer loop
      vertex   -7.231693e+01 -7.056201e+00 4.937464e+01
      vertex   -7.231693e+01 -7.056201e+00 9.074029e+01
      vertex   -7.117289e+01 -5.497682e+00 4.937464e+01
    endloop
  endfacet
  facet normal -8.061271e-01 5.917425e-01 -2.769389e-16
    outer loop
      vertex   -7.117289e+01 -5.497682e+00 4.937464e+01
      vertex   -7.231693e+01 -7.056201e+00 9.074029e+01
      vertex   -7.117289e+01 -5.497682e+00 9.074029e+01
    endloop
  endfacet
  facet normal -6.949376e-01 7.190701e-01 -2.387406e-16
    outer loop
      vertex   -7.117289e+01 -5.497682e+00 4.937464e+01
      vertex   -7.117289e+01 -5.497682e+00 9.074029e+01
      vertex   -6.978268e+01 -4.154131e+00 4.937464e+01
    endloop
  endfacet
  facet normal -6.949376e-01 7.190701e-01 1.543944e-17
    outer loop
      vertex   -6.978268e+01 -4.154131e+00 4.937464e+01
      vertex   -7.117289e+01 -5.497682e+00 9.074029e+01
      vertex   -6.978268e+01 -4.154131e+00 9.074029e+01
    endloop
  endfacet
  facet normal -5.638900e-01 8.258499e-01 1.773216e-17
    outer loop
      vertex   -6.978268e+01 -4.154131e+00 4.937464e+01
      vertex   -6.978268e+01 -4.154131e+00 9.074029e+01
      vertex   -6.818603e+01 -3.063940e+00 4.937464e+01
    endloop
  endfacet
  facet normal -5.638900e-01 8.258499e-01 -8.866078e-18
    outer loop
      vertex   -6.818603e+01 -3.063940e+00 4.937464e+01
      vertex   -6.978268e+01 -4.154131e+00 9.074029e+01
      vertex   -6.818603e+01 -3.063940e+00 9.074029e+01
    endloop
  endfacet
  facet normal -4.167290e-01 9.090308e-01 -9.759083e-18
    outer loop
      vertex   -6.818603e+01 -3.063940e+00 4.937464e+01
      vertex   -6.818603e+01 -3.063940e+00 9.074029e+01
      vertex   -6.642857e+01 -2.258261e+00 4.937464e+01
    endloop
  endfacet
  facet normal -4.167290e-01 9.090308e-01 -9.759083e-18
    outer loop
      vertex   -6.642857e+01 -2.258261e+00 4.937464e+01
      vertex   -6.818603e+01 -3.063940e+00 9.074029e+01
      vertex   -6.642857e+01 -2.258261e+00 9.074029e+01
    endloop
  endfacet
  facet normal -2.576598e-01 9.662357e-01 -1.037322e-17
    outer loop
      vertex   -6.642857e+01 -2.258261e+00 4.937464e+01
      vertex   -6.642857e+01 -2.258261e+00 9.074029e+01
      vertex   -6.456051e+01 -1.760117e+00 4.937464e+01
    endloop
  endfacet
  facet normal -2.576598e-01 9.662357e-01 2.074644e-17
    outer loop
      vertex   -6.456051e+01 -1.760117e+00 4.937464e+01
      vertex   -6.642857e+01 -2.258261e+00 9.074029e+01
      vertex   -6.456051e+01 -1.760117e+00 9.074029e+01
    endloop
  endfacet
  facet normal -9.122780e-02 9.958300e-01 2.138187e-17
    outer loop
      vertex   -6.456051e+01 -1.760117e+00 4.937464e+01
      vertex   -6.456051e+01 -1.760117e+00 9.074029e+01
      vertex   -6.263523e+01 -1.583742e+00 4.937464e+01
    endloop
  endfacet
  facet normal -9.122780e-02 9.958300e-01 0.000000e+00
    outer loop
      vertex   -6.263523e+01 -1.583742e+00 4.937464e+01
      vertex   -6.456051e+01 -1.760117e+00 9.074029e+01
      vertex   -6.263523e+01 -1.583742e+00 9.074029e+01
    endloop
  endfacet
  facet normal 7.781101e-02 9.969681e-01 -0.000000e+00
    outer loop
      vertex   -6.263523e+01 -1.583742e+00 4.937464e+01
      vertex   -6.263523e+01 -1.583742e+00 9.074029e+01
      vertex   -6.070775e+01 -1.734177e+00 4.937464e+01
    endloop
  endfacet
  facet normal 7.781101e-02 9.969681e-01 -3.477200e-17
    outer loop
      vertex   -6.070775e+01 -1.734177e+00 4.937464e+01
      vertex   -6.263523e+01 -1.583742e+00 9.074029e+01
      vertex   -6.070775e+01 -1.734177e+00 9.074029e+01
    endloop
  endfacet
  facet normal 2.446264e-01 9.696174e-01 -6.283881e-17
    outer loop
      vertex   -6.070775e+01 -1.734177e+00 4.937464e+01
      vertex   -6.070775e+01 -1.734177e+00 9.074029e+01
      vertex   -5.883315e+01 -2.207123e+00 4.937464e+01
    endloop
  endfacet
  facet normal 2.446264e-01 9.696174e-01 6.245714e-17
    outer loop
      vertex   -5.883315e+01 -2.207123e+00 4.937464e+01
      vertex   -6.070775e+01 -1.734177e+00 9.074029e+01
      vertex   -5.883315e+01 -2.207123e+00 9.074029e+01
    endloop
  endfacet
  facet normal 4.044514e-01 9.145595e-01 5.891063e-17
    outer loop
      vertex   -5.883315e+01 -2.207123e+00 4.937464e+01
      vertex   -5.883315e+01 -2.207123e+00 9.074029e+01
      vertex   -5.706499e+01 -2.989066e+00 4.937464e+01
    endloop
  endfacet
  facet normal 4.044514e-01 9.145595e-01 1.487647e-16
    outer loop
      vertex   -5.706499e+01 -2.989066e+00 4.937464e+01
      vertex   -5.883315e+01 -2.207123e+00 9.074029e+01
      vertex   -5.706499e+01 -2.989066e+00 9.074029e+01
    endloop
  endfacet
  facet normal 5.527191e-01 8.333677e-01 1.988292e-16
    outer loop
      vertex   -5.706499e+01 -2.989066e+00 4.937464e+01
      vertex   -5.706499e+01 -2.989066e+00 9.074029e+01
      vertex   -5.545381e+01 -4.057660e+00 4.937464e+01
    endloop
  endfacet
  facet normal 5.527191e-01 8.333677e-01 5.368072e-17
    outer loop
      vertex   -5.545381e+01 -4.057660e+00 4.937464e+01
      vertex   -5.706499e+01 -2.989066e+00 9.074029e+01
      vertex   -5.545381e+01 -4.057660e+00 9.074029e+01
    endloop
  endfacet
  facet normal 6.851926e-01 7.283620e-01 4.691686e-17
    outer loop
      vertex   -5.545381e+01 -4.057660e+00 4.937464e+01
      vertex   -5.545381e+01 -4.057660e+00 9.074029e+01
      vertex   -5.404564e+01 -5.382371e+00 4.937464e+01
    endloop
  endfacet
  facet normal 6.851926e-01 7.283620e-01 3.127791e-17
    outer loop
      vertex   -5.404564e+01 -5.382371e+00 4.937464e+01
      vertex   -5.545381e+01 -4.057660e+00 9.074029e+01
      vertex   -5.404564e+01 -5.382371e+00 9.074029e+01
    endloop
  endfacet
  facet normal 7.980864e-01 6.025431e-01 2.587489e-17
    outer loop
      vertex   -5.404564e+01 -5.382371e+00 4.937464e+01
      vertex   -5.404564e+01 -5.382371e+00 9.074029e+01
      vertex   -5.288071e+01 -6.925344e+00 4.937464e+01
    endloop
  endfacet
  facet normal 7.980864e-01 6.025431e-01 6.468722e-17
    outer loop
      vertex   -5.288071e+01 -6.925344e+00 4.937464e+01
      vertex   -5.404564e+01 -5.382371e+00 9.074029e+01
      vertex   -5.288071e+01 -6.925344e+00 9.074029e+01
    endloop
  endfacet
  facet normal 8.881746e-01 4.595062e-01 4.933121e-17
    outer loop
      vertex   -5.288071e+01 -6.925344e+00 4.937464e+01
      vertex   -5.288071e+01 -6.925344e+00 9.074029e+01
      vertex   -5.199233e+01 -8.642488e+00 9.074029e+01
    endloop
  endfacet
  facet normal -9.289049e-01 3.703184e-01 -1.754616e-16
    outer loop
      vertex   -7.318211e+01 -8.785151e+00 8.009000e+00
      vertex   -8.485576e+01 -3.806728e+01 8.009000e+00
      vertex   -7.318211e+01 -8.785151e+00 9.074029e+01
    endloop
  endfacet
  facet normal -9.289049e-01 3.703184e-01 0.000000e+00
    outer loop
      vertex   -7.318211e+01 -8.785151e+00 9.074029e+01
      vertex   -8.485576e+01 -3.806728e+01 8.009000e+00
      vertex   -8.485576e+01 -3.806728e+01 9.074029e+01
    endloop
  endfacet
  facet normal 1.000000e+00 0.000000e+00 0.000000e+00
    outer loop
      vertex   -3.615525e+01 -2.366580e+02 8.009000e+00
      vertex   -3.615525e+01 -6.177613e+01 8.009000e+00
      vertex   -3.615525e+01 -2.366580e+02 9.074029e+01
    endloop
  endfacet
  facet normal 1.000000e+00 -0.000000e+00 0.000000e+00
    outer loop
      vertex   -3.615525e+01 -2.366580e+02 9.074029e+01
      vertex   -3.615525e+01 -6.177613e+01 8.009000e+00
      vertex   -3.615525e+01 -6.177613e+01 9.074029e+01
    endloop
  endfacet
  facet normal 0.000000e+00 0.000000e+00 1.000000e+00
    outer loop
      vertex   -8.624928e+01 -5.775930e+01 9.074029e+01
      vertex   -8.924329e+01 -5.756975e+01 9.074029e+01
      vertex   -8.637016e+01 -6.158176e+01 9.074029e+01
    endloop
  endfacet
  facet normal 0.000000e+00 0.000000e+00 1.000000e+00
    outer loop
      vertex   -8.637016e+01 -6.158176e+01 9.074029e+01
      vertex   -8.924329e+01 -5.756975e+01 9.074029e+01
      vertex   -8.937016e+01 -6.158176e+01 9.074029e+01
    endloop
  endfacet
  facet normal 0.000000e+00 0.000000e+00 1.000000e+00
    outer loop
      vertex   -8.637016e+01 -6.158176e+01 9.074029e+01
      vertex   -8.937016e+01 -6.158176e+01 9.074029e+01
      vertex   -8.637016e+01 -2.362310e+02 9.074029e+01
    endloop
  endfacet
  facet normal 0.000000e+00 0.000000e+00 1.000000e+00
    outer loop
      vertex   -8.637016e+01 -2.362310e+02 9.074029e+01
      vertex   -8.937016e+01 -6.158176e+01 9.074029e+01
      vertex   -8.937016e+01 -2.362310e+02 9.074029e+01
    endloop
  endfacet
  facet normal 0.000000e+00 0.000000e+00 1.000000e+00
    outer loop
      vertex   -8.637016e+01 -2.362310e+02 9.074029e+01
      vertex   -8.937016e+01 -2.362310e+02 9.074029e+01
      vertex   -8.920064e+01 -2.383849e+02 9.074029e+01
    endloop
  endfacet
  facet normal 0.000000e+00 0.000000e+00 1.000000e+00
    outer loop
      vertex   -8.588713e+01 -5.395212e+01 9.074029e+01
      vertex   -8.823135e+01 -4.960981e+01 9.074029e+01
      vertex   -8.624928e+01 -5.775930e+01 9.074029e+01
    endloop
  endfacet
  facet normal 0.000000e+00 0.000000e+00 1.000000e+00
    outer loop
      vertex   -8.624928e+01 -5.775930e+01 9.074029e+01
      vertex   -8.823135e+01 -4.960981e+01 9.074029e+01
      vertex   -8.886318e+01 -5.357378e+01 9.074029e+01
    endloop
  endfacet
  facet normal 0.000000e+00 0.000000e+00 1.000000e+00
    outer loop
      vertex   -8.624928e+01 -5.775930e+01 9.074029e+01
      vertex   -8.886318e+01 -5.357378e+01 9.074029e+01
      vertex   -8.924329e+01 -5.756975e+01 9.074029e+01
    endloop
  endfacet
  facet normal -0.000000e+00 0.000000e+00 1.000000e+00
    outer loop
      vertex   -8.823135e+01 -4.960981e+01 9.074029e+01
      vertex   -8.588713e+01 -5.395212e+01 9.074029e+01
      vertex   -8.735033e+01 -4.569367e+01 9.074029e+01
    endloop
  endfacet
  facet normal 0.000000e+00 0.000000e+00 1.000000e+00
    outer loop
      vertex   -8.735033e+01 -4.569367e+01 9.074029e+01
      vertex   -8.588713e+01 -5.395212e+01 9.074029e+01
      vertex   -8.528515e+01 -5.017543e+01 9.074029e+01
    endloop
  endfacet
  facet normal -0.000000e+00 0.000000e+00 1.000000e+00
    outer loop
      vertex   -8.735033e+01 -4.569367e+01 9.074029e+01
      vertex   -8.528515e+01 -5.017543e+01 9.074029e+01
      vertex   -8.622363e+01 -4.184103e+01 9.074029e+01
    endloop
  endfacet
  facet normal 0.000000e+00 0.000000e+00 1.000000e+00
    outer loop
      vertex   -8.622363e+01 -4.184103e+01 9.074029e+01
      vertex   -8.528515e+01 -5.017543e+01 9.074029e+01
      vertex   -8.444575e+01 -4.644432e+01 9.074029e+01
    endloop
  endfacet
  facet normal -0.000000e+00 0.000000e+00 1.000000e+00
    outer loop
      vertex   -8.622363e+01 -4.184103e+01 9.074029e+01
      vertex   -8.444575e+01 -4.644432e+01 9.074029e+01
      vertex   -8.485576e+01 -3.806728e+01 9.074029e+01
    endloop
  endfacet
  facet normal 0.000000e+00 0.000000e+00 1.000000e+00
    outer loop
      vertex   -8.485576e+01 -3.806728e+01 9.074029e+01
      vertex   -8.444575e+01 -4.644432e+01 9.074029e+01
      vertex   -8.337229e+01 -4.277369e+01 9.074029e+01
    endloop
  endfacet
  facet normal 0.000000e+00 0.000000e+00 1.000000e+00
    outer loop
      vertex   -8.485576e+01 -3.806728e+01 9.074029e+01
      vertex   -8.337229e+01 -4.277369e+01 9.074029e+01
      vertex   -8.206905e+01 -3.917823e+01 9.074029e+01
    endloop
  endfacet
  facet normal -0.000000e+00 0.000000e+00 1.000000e+00
    outer loop
      vertex   -8.485576e+01 -3.806728e+01 9.074029e+01
      vertex   -8.206905e+01 -3.917823e+01 9.074029e+01
      vertex   -7.318211e+01 -8.785151e+00 9.074029e+01
    endloop
  endfacet
  facet normal 0.000000e+00 0.000000e+00 1.000000e+00
    outer loop
      vertex   -7.318211e+01 -8.785151e+00 9.074029e+01
      vertex   -8.206905e+01 -3.917823e+01 9.074029e+01
      vertex   -7.039540e+01 -9.896106e+00 9.074029e+01
    endloop
  endfacet
  facet normal -0.000000e+00 0.000000e+00 1.000000e+00
    outer loop
      vertex   -7.318211e+01 -8.785151e+00 9.074029e+01
      vertex   -7.039540e+01 -9.896106e+00 9.074029e+01
      vertex   -7.231693e+01 -7.056201e+00 9.074029e+01
    endloop
  endfacet
  facet normal -0.000000e+00 0.000000e+00 1.000000e+00
    outer loop
      vertex   -7.231693e+01 -7.056201e+00 9.074029e+01
      vertex   -7.039540e+01 -9.896106e+00 9.074029e+01
      vertex   -7.117289e+01 -5.497682e+00 9.074029e+01
    endloop
  endfacet
  facet normal -0.000000e+00 0.000000e+00 1.000000e+00
    outer loop
      vertex   -7.117289e+01 -5.497682e+00 9.074029e+01
      vertex   -7.039540e+01 -9.896106e+00 9.074029e+01
      vertex   -6.978268e+01 -4.154131e+00 9.074029e+01
    endloop
  endfacet
  facet normal 0.000000e+00 0.000000e+00 1.000000e+00
    outer loop
      vertex   -6.978268e+01 -4.154131e+00 9.074029e+01
      vertex   -7.039540e+01 -9.896106e+00 9.074029e+01
      vertex   -6.963020e+01 -8.419385e+00 9.074029e+01
    endloop
  endfacet
  facet normal 0.000000e+00 0.000000e+00 1.000000e+00
    outer loop
      vertex   -6.978268e+01 -4.154131e+00 9.074029e+01
      vertex   -6.963020e+01 -8.419385e+00 9.074029e+01
      vertex   -6.859019e+01 -7.121466e+00 9.074029e+01
    endloop
  endfacet
  facet normal -0.000000e+00 0.000000e+00 1.000000e+00
    outer loop
      vertex   -6.978268e+01 -4.154131e+00 9.074029e+01
      vertex   -6.859019e+01 -7.121466e+00 9.074029e+01
      vertex   -6.818603e+01 -3.063940e+00 9.074029e+01
    endloop
  endfacet
  facet normal 0.000000e+00 0.000000e+00 1.000000e+00
    outer loop
      vertex   -6.818603e+01 -3.063940e+00 9.074029e+01
      vertex   -6.859019e+01 -7.121466e+00 9.074029e+01
      vertex   -6.731577e+01 -6.052787e+00 9.074029e+01
    endloop
  endfacet
  facet normal -0.000000e+00 0.000000e+00 1.000000e+00
    outer loop
      vertex   -6.818603e+01 -3.063940e+00 9.074029e+01
      vertex   -6.731577e+01 -6.052787e+00 9.074029e+01
      vertex   -6.642857e+01 -2.258261e+00 9.074029e+01
    endloop
  endfacet
  facet normal 0.000000e+00 0.000000e+00 1.000000e+00
    outer loop
      vertex   -6.642857e+01 -2.258261e+00 9.074029e+01
      vertex   -6.731577e+01 -6.052787e+00 9.074029e+01
      vertex   -6.585646e+01 -5.254879e+00 9.074029e+01
    endloop
  endfacet
  facet normal -0.000000e+00 0.000000e+00 1.000000e+00
    outer loop
      vertex   -6.642857e+01 -2.258261e+00 9.074029e+01
      vertex   -6.585646e+01 -5.254879e+00 9.074029e+01
      vertex   -6.456051e+01 -1.760117e+00 9.074029e+01
    endloop
  endfacet
  facet normal 0.000000e+00 0.000000e+00 1.000000e+00
    outer loop
      vertex   -6.456051e+01 -1.760117e+00 9.074029e+01
      vertex   -6.585646e+01 -5.254879e+00 9.074029e+01
      vertex   -6.426899e+01 -4.758748e+00 9.074029e+01
    endloop
  endfacet
  facet normal -0.000000e+00 0.000000e+00 1.000000e+00
    outer loop
      vertex   -6.456051e+01 -1.760117e+00 9.074029e+01
      vertex   -6.426899e+01 -4.758748e+00 9.074029e+01
      vertex   -6.263523e+01 -1.583742e+00 9.074029e+01
    endloop
  endfacet
  facet normal 0.000000e+00 0.000000e+00 1.000000e+00
    outer loop
      vertex   -6.263523e+01 -1.583742e+00 9.074029e+01
      vertex   -6.426899e+01 -4.758748e+00 9.074029e+01
      vertex   -6.261503e+01 -4.583674e+00 9.074029e+01
    endloop
  endfacet
  facet normal 0.000000e+00 0.000000e+00 1.000000e+00
    outer loop
      vertex   -6.263523e+01 -1.583742e+00 9.074029e+01
      vertex   -6.261503e+01 -4.583674e+00 9.074029e+01
      vertex   -6.095886e+01 -4.736462e+00 9.074029e+01
    endloop
  endfacet
  facet normal 0.000000e+00 0.000000e+00 1.000000e+00
    outer loop
      vertex   -6.263523e+01 -1.583742e+00 9.074029e+01
      vertex   -6.095886e+01 -4.736462e+00 9.074029e+01
      vertex   -6.070775e+01 -1.734177e+00 9.074029e+01
    endloop
  endfacet
  facet normal 0.000000e+00 0.000000e+00 1.000000e+00
    outer loop
      vertex   -6.070775e+01 -1.734177e+00 9.074029e+01
      vertex   -6.095886e+01 -4.736462e+00 9.074029e+01
      vertex   -5.936485e+01 -5.211173e+00 9.074029e+01
    endloop
  endfacet
  facet normal 0.000000e+00 0.000000e+00 1.000000e+00
    outer loop
      vertex   -6.070775e+01 -1.734177e+00 9.074029e+01
      vertex   -5.936485e+01 -5.211173e+00 9.074029e+01
      vertex   -5.883315e+01 -2.207123e+00 9.074029e+01
    endloop
  endfacet
  facet normal 0.000000e+00 0.000000e+00 1.000000e+00
    outer loop
      vertex   -5.883315e+01 -2.207123e+00 9.074029e+01
      vertex   -5.936485e+01 -5.211173e+00 9.074029e+01
      vertex   -5.789494e+01 -5.989360e+00 9.074029e+01
    endloop
  endfacet
  facet normal 0.000000e+00 0.000000e+00 1.000000e+00
    outer loop
      vertex   -5.883315e+01 -2.207123e+00 9.074029e+01
      vertex   -5.789494e+01 -5.989360e+00 9.074029e+01
      vertex   -5.706499e+01 -2.989066e+00 9.074029e+01
    endloop
  endfacet
  facet normal 0.000000e+00 0.000000e+00 1.000000e+00
    outer loop
      vertex   -5.706499e+01 -2.989066e+00 9.074029e+01
      vertex   -5.789494e+01 -5.989360e+00 9.074029e+01
      vertex   -5.660624e+01 -7.040782e+00 9.074029e+01
    endloop
  endfacet
  facet normal 0.000000e+00 0.000000e+00 1.000000e+00
    outer loop
      vertex   -5.706499e+01 -2.989066e+00 9.074029e+01
      vertex   -5.660624e+01 -7.040782e+00 9.074029e+01
      vertex   -5.545381e+01 -4.057660e+00 9.074029e+01
    endloop
  endfacet
  facet normal 0.000000e+00 0.000000e+00 1.000000e+00
    outer loop
      vertex   -5.545381e+01 -4.057660e+00 9.074029e+01
      vertex   -5.660624e+01 -7.040782e+00 9.074029e+01
      vertex   -5.554884e+01 -8.324580e+00 9.074029e+01
    endloop
  endfacet
  facet normal 0.000000e+00 0.000000e+00 1.000000e+00
    outer loop
      vertex   -5.545381e+01 -4.057660e+00 9.074029e+01
      vertex   -5.554884e+01 -8.324580e+00 9.074029e+01
      vertex   -5.476384e+01 -9.790865e+00 9.074029e+01
    endloop
  endfacet
  facet normal 0.000000e+00 0.000000e+00 1.000000e+00
    outer loop
      vertex   -4.463506e+01 -3.423575e+01 9.074029e+01
      vertex   -5.199233e+01 -8.642488e+00 9.074029e+01
      vertex   -5.476384e+01 -9.790865e+00 9.074029e+01
    endloop
  endfacet
  facet normal 0.000000e+00 0.000000e+00 1.000000e+00
    outer loop
      vertex   -5.476384e+01 -9.790865e+00 9.074029e+01
      vertex   -5.199233e+01 -8.642488e+00 9.074029e+01
      vertex   -5.288071e+01 -6.925344e+00 9.074029e+01
    endloop
  endfacet
  facet normal 0.000000e+00 0.000000e+00 1.000000e+00
    outer loop
      vertex   -5.476384e+01 -9.790865e+00 9.074029e+01
      vertex   -5.288071e+01 -6.925344e+00 9.074029e+01
      vertex   -5.404564e+01 -5.382371e+00 9.074029e+01
    endloop
  endfacet
  facet normal 0.000000e+00 0.000000e+00 1.000000e+00
    outer loop
      vertex   -5.199233e+01 -8.642488e+00 9.074029e+01
      vertex   -4.463506e+01 -3.423575e+01 9.074029e+01
      vertex   -4.186355e+01 -3.308738e+01 9.074029e+01
    endloop
  endfacet
  facet normal 0.000000e+00 0.000000e+00 1.000000e+00
    outer loop
      vertex   -4.186355e+01 -3.308738e+01 9.074029e+01
      vertex   -4.463506e+01 -3.423575e+01 9.074029e+01
      vertex   -4.297569e+01 -3.864315e+01 9.074029e+01
    endloop
  endfacet
  facet normal 0.000000e+00 0.000000e+00 1.000000e+00
    outer loop
      vertex   -4.186355e+01 -3.308738e+01 9.074029e+01
      vertex   -4.297569e+01 -3.864315e+01 9.074029e+01
      vertex   -4.160821e+01 -4.314967e+01 9.074029e+01
    endloop
  endfacet
  facet normal 0.000000e+00 0.000000e+00 1.000000e+00
    outer loop
      vertex   -4.186355e+01 -3.308738e+01 9.074029e+01
      vertex   -4.160821e+01 -4.314967e+01 9.074029e+01
      vertex   -4.013499e+01 -3.767856e+01 9.074029e+01
    endloop
  endfacet
  facet normal 0.000000e+00 0.000000e+00 1.000000e+00
    outer loop
      vertex   -4.013499e+01 -3.767856e+01 9.074029e+01
      vertex   -4.160821e+01 -4.314967e+01 9.074029e+01
      vertex   -4.053850e+01 -4.773600e+01 9.074029e+01
    endloop
  endfacet
  facet normal 0.000000e+00 0.000000e+00 1.000000e+00
    outer loop
      vertex   -4.013499e+01 -3.767856e+01 9.074029e+01
      vertex   -4.053850e+01 -4.773600e+01 9.074029e+01
      vertex   -3.871050e+01 -4.237299e+01 9.074029e+01
    endloop
  endfacet
  facet normal 0.000000e+00 0.000000e+00 1.000000e+00
    outer loop
      vertex   -3.871050e+01 -4.237299e+01 9.074029e+01
      vertex   -4.053850e+01 -4.773600e+01 9.074029e+01
      vertex   -3.977113e+01 -5.238249e+01 9.074029e+01
    endloop
  endfacet
  facet normal 0.000000e+00 0.000000e+00 1.000000e+00
    outer loop
      vertex   -3.871050e+01 -4.237299e+01 9.074029e+01
      vertex   -3.977113e+01 -5.238249e+01 9.074029e+01
      vertex   -3.759618e+01 -4.715056e+01 9.074029e+01
    endloop
  endfacet
  facet normal 0.000000e+00 0.000000e+00 1.000000e+00
    outer loop
      vertex   -3.759618e+01 -4.715056e+01 9.074029e+01
      vertex   -3.977113e+01 -5.238249e+01 9.074029e+01
      vertex   -3.930938e+01 -5.706922e+01 9.074029e+01
    endloop
  endfacet
  facet normal 0.000000e+00 0.000000e+00 1.000000e+00
    outer loop
      vertex   -3.759618e+01 -4.715056e+01 9.074029e+01
      vertex   -3.930938e+01 -5.706922e+01 9.074029e+01
      vertex   -3.679681e+01 -5.199079e+01 9.074029e+01
    endloop
  endfacet
  facet normal 0.000000e+00 0.000000e+00 1.000000e+00
    outer loop
      vertex   -3.679681e+01 -5.199079e+01 9.074029e+01
      vertex   -3.930938e+01 -5.706922e+01 9.074029e+01
      vertex   -3.631581e+01 -5.687295e+01 9.074029e+01
    endloop
  endfacet
  facet normal 0.000000e+00 0.000000e+00 1.000000e+00
    outer loop
      vertex   -3.631581e+01 -5.687295e+01 9.074029e+01
      vertex   -3.930938e+01 -5.706922e+01 9.074029e+01
      vertex   -3.915525e+01 -6.177613e+01 9.074029e+01
    endloop
  endfacet
  facet normal 0.000000e+00 0.000000e+00 1.000000e+00
    outer loop
      vertex   -3.631581e+01 -5.687295e+01 9.074029e+01
      vertex   -3.915525e+01 -6.177613e+01 9.074029e+01
      vertex   -3.615525e+01 -6.177613e+01 9.074029e+01
    endloop
  endfacet
  facet normal 0.000000e+00 0.000000e+00 1.000000e+00
    outer loop
      vertex   -3.615525e+01 -6.177613e+01 9.074029e+01
      vertex   -3.915525e+01 -6.177613e+01 9.074029e+01
      vertex   -3.615525e+01 -2.366580e+02 9.074029e+01
    endloop
  endfacet
  facet normal 0.000000e+00 0.000000e+00 1.000000e+00
    outer loop
      vertex   -3.615525e+01 -2.366580e+02 9.074029e+01
      vertex   -3.915525e+01 -6.177613e+01 9.074029e+01
      vertex   -3.915525e+01 -2.366580e+02 9.074029e+01
    endloop
  endfacet
  facet normal 0.000000e+00 0.000000e+00 1.000000e+00
    outer loop
      vertex   -3.615525e+01 -2.366580e+02 9.074029e+01
      vertex   -3.915525e+01 -2.366580e+02 9.074029e+01
      vertex   -3.680825e+01 -2.407809e+02 9.074029e+01
    endloop
  endfacet
  facet normal 0.000000e+00 0.000000e+00 1.000000e+00
    outer loop
      vertex   -3.680825e+01 -2.407809e+02 9.074029e+01
      vertex   -3.915525e+01 -2.366580e+02 9.074029e+01
      vertex   -3.760944e+01 -2.427151e+02 9.074029e+01
    endloop
  endfacet
  facet normal 0.000000e+00 0.000000e+00 1.000000e+00
    outer loop
      vertex   -3.760944e+01 -2.427151e+02 9.074029e+01
      vertex   -3.915525e+01 -2.366580e+02 9.074029e+01
      vertex   -3.931237e+01 -2.384539e+02 9.074029e+01
    endloop
  endfacet
  facet normal 0.000000e+00 0.000000e+00 1.000000e+00
    outer loop
      vertex   -3.760944e+01 -2.427151e+02 9.074029e+01
      vertex   -3.931237e+01 -2.384539e+02 9.074029e+01
      vertex   -3.870335e+01 -2.445002e+02 9.074029e+01
    endloop
  endfacet
  facet normal 0.000000e+00 0.000000e+00 1.000000e+00
    outer loop
      vertex   -3.870335e+01 -2.445002e+02 9.074029e+01
      vertex   -3.931237e+01 -2.384539e+02 9.074029e+01
      vertex   -3.977895e+01 -2.401952e+02 9.074029e+01
    endloop
  endfacet
  facet normal 0.000000e+00 0.000000e+00 1.000000e+00
    outer loop
      vertex   -3.870335e+01 -2.445002e+02 9.074029e+01
      vertex   -3.977895e+01 -2.401952e+02 9.074029e+01
      vertex   -4.006303e+01 -2.460922e+02 9.074029e+01
    endloop
  endfacet
  facet normal 0.000000e+00 -0.000000e+00 1.000000e+00
    outer loop
      vertex   -4.006303e+01 -2.460922e+02 9.074029e+01
      vertex   -3.977895e+01 -2.401952e+02 9.074029e+01
      vertex   -4.054082e+01 -2.418290e+02 9.074029e+01
    endloop
  endfacet
  facet normal 0.000000e+00 0.000000e+00 1.000000e+00
    outer loop
      vertex   -4.006303e+01 -2.460922e+02 9.074029e+01
      vertex   -4.054082e+01 -2.418290e+02 9.074029e+01
      vertex   -4.157482e+01 -2.433057e+02 9.074029e+01
    endloop
  endfacet
  facet normal 0.000000e+00 0.000000e+00 1.000000e+00
    outer loop
      vertex   -4.006303e+01 -2.460922e+02 9.074029e+01
      vertex   -4.157482e+01 -2.433057e+02 9.074029e+01
      vertex   -4.165502e+01 -2.474519e+02 9.074029e+01
    endloop
  endfacet
  facet normal 0.000000e+00 -0.000000e+00 1.000000e+00
    outer loop
      vertex   -4.165502e+01 -2.474519e+02 9.074029e+01
      vertex   -4.157482e+01 -2.433057e+02 9.074029e+01
      vertex   -4.284954e+01 -2.445804e+02 9.074029e+01
    endloop
  endfacet
  facet normal 0.000000e+00 0.000000e+00 1.000000e+00
    outer loop
      vertex   -4.165502e+01 -2.474519e+02 9.074029e+01
      vertex   -4.284954e+01 -2.445804e+02 9.074029e+01
      vertex   -4.344011e+01 -2.485458e+02 9.074029e+01
    endloop
  endfacet
  facet normal 0.000000e+00 -0.000000e+00 1.000000e+00
    outer loop
      vertex   -4.344011e+01 -2.485458e+02 9.074029e+01
      vertex   -4.284954e+01 -2.445804e+02 9.074029e+01
      vertex   -4.432625e+01 -2.456144e+02 9.074029e+01
    endloop
  endfacet
  facet normal 0.000000e+00 0.000000e+00 1.000000e+00
    outer loop
      vertex   -4.344011e+01 -2.485458e+02 9.074029e+01
      vertex   -4.432625e+01 -2.456144e+02 9.074029e+01
      vertex   -4.537435e+01 -2.493470e+02 9.074029e+01
    endloop
  endfacet
  facet normal 0.000000e+00 -0.000000e+00 1.000000e+00
    outer loop
      vertex   -4.537435e+01 -2.493470e+02 9.074029e+01
      vertex   -4.432625e+01 -2.456144e+02 9.074029e+01
      vertex   -4.596008e+01 -2.463763e+02 9.074029e+01
    endloop
  endfacet
  facet normal 0.000000e+00 0.000000e+00 1.000000e+00
    outer loop
      vertex   -4.537435e+01 -2.493470e+02 9.074029e+01
      vertex   -4.596008e+01 -2.463763e+02 9.074029e+01
      vertex   -4.741010e+01 -2.498357e+02 9.074029e+01
    endloop
  endfacet
  facet normal 0.000000e+00 -0.000000e+00 1.000000e+00
    outer loop
      vertex   -4.741010e+01 -2.498357e+02 9.074029e+01
      vertex   -4.596008e+01 -2.463763e+02 9.074029e+01
      vertex   -4.770138e+01 -2.468429e+02 9.074029e+01
    endloop
  endfacet
  facet normal 0.000000e+00 0.000000e+00 1.000000e+00
    outer loop
      vertex   -4.741010e+01 -2.498357e+02 9.074029e+01
      vertex   -4.770138e+01 -2.468429e+02 9.074029e+01
      vertex   -4.949725e+01 -2.500000e+02 9.074029e+01
    endloop
  endfacet
  facet normal 0.000000e+00 0.000000e+00 1.000000e+00
    outer loop
      vertex   -4.949725e+01 -2.500000e+02 9.074029e+01
      vertex   -4.770138e+01 -2.468429e+02 9.074029e+01
      vertex   -4.949725e+01 -2.470000e+02 9.074029e+01
    endloop
  endfacet
  facet normal 0.000000e+00 -0.000000e+00 1.000000e+00
    outer loop
      vertex   -4.949725e+01 -2.500000e+02 9.074029e+01
      vertex   -4.949725e+01 -2.470000e+02 9.074029e+01
      vertex   -7.560116e+01 -2.500000e+02 9.074029e+01
    endloop
  endfacet
  facet normal 0.000000e+00 0.000000e+00 1.000000e+00
    outer loop
      vertex   -7.560116e+01 -2.500000e+02 9.074029e+01
      vertex   -4.949725e+01 -2.470000e+02 9.074029e+01
      vertex   -7.560116e+01 -2.470000e+02 9.074029e+01
    endloop
  endfacet
  facet normal 0.000000e+00 -0.000000e+00 1.000000e+00
    outer loop
      vertex   -7.560116e+01 -2.500000e+02 9.074029e+01
      vertex   -7.560116e+01 -2.470000e+02 9.074029e+01
      vertex   -7.747118e+01 -2.468364e+02 9.074029e+01
    endloop
  endfacet
  facet normal 0.000000e+00 0.000000e+00 1.000000e+00
    outer loop
      vertex   -7.560116e+01 -2.500000e+02 9.074029e+01
      vertex   -7.747118e+01 -2.468364e+02 9.074029e+01
      vertex   -7.775511e+01 -2.498305e+02 9.074029e+01
    endloop
  endfacet
  facet normal 0.000000e+00 -0.000000e+00 1.000000e+00
    outer loop
      vertex   -7.775511e+01 -2.498305e+02 9.074029e+01
      vertex   -7.747118e+01 -2.468364e+02 9.074029e+01
      vertex   -7.928438e+01 -2.463505e+02 9.074029e+01
    endloop
  endfacet
  facet normal 0.000000e+00 0.000000e+00 1.000000e+00
    outer loop
      vertex   -7.775511e+01 -2.498305e+02 9.074029e+01
      vertex   -7.928438e+01 -2.463505e+02 9.074029e+01
      vertex   -7.985602e+01 -2.493261e+02 9.074029e+01
    endloop
  endfacet
  facet normal 0.000000e+00 -0.000000e+00 1.000000e+00
    outer loop
      vertex   -7.985602e+01 -2.493261e+02 9.074029e+01
      vertex   -7.928438e+01 -2.463505e+02 9.074029e+01
      vertex   -8.098566e+01 -2.455572e+02 9.074029e+01
    endloop
  endfacet
  facet normal 0.000000e+00 0.000000e+00 1.000000e+00
    outer loop
      vertex   -7.985602e+01 -2.493261e+02 9.074029e+01
      vertex   -8.098566e+01 -2.455572e+02 9.074029e+01
      vertex   -8.185216e+01 -2.484993e+02 9.074029e+01
    endloop
  endfacet
  facet normal 0.000000e+00 -0.000000e+00 1.000000e+00
    outer loop
      vertex   -8.185216e+01 -2.484993e+02 9.074029e+01
      vertex   -8.098566e+01 -2.455572e+02 9.074029e+01
      vertex   -8.252334e+01 -2.444805e+02 9.074029e+01
    endloop
  endfacet
  facet normal 0.000000e+00 0.000000e+00 1.000000e+00
    outer loop
      vertex   -8.185216e+01 -2.484993e+02 9.074029e+01
      vertex   -8.252334e+01 -2.444805e+02 9.074029e+01
      vertex   -8.369438e+01 -2.473704e+02 9.074029e+01
    endloop
  endfacet
  facet normal 0.000000e+00 -0.000000e+00 1.000000e+00
    outer loop
      vertex   -8.369438e+01 -2.473704e+02 9.074029e+01
      vertex   -8.252334e+01 -2.444805e+02 9.074029e+01
      vertex   -8.385069e+01 -2.431532e+02 9.074029e+01
    endloop
  endfacet
  facet normal 0.000000e+00 0.000000e+00 1.000000e+00
    outer loop
      vertex   -8.369438e+01 -2.473704e+02 9.074029e+01
      vertex   -8.385069e+01 -2.431532e+02 9.074029e+01
      vertex   -8.533731e+01 -2.459672e+02 9.074029e+01
    endloop
  endfacet
  facet normal 0.000000e+00 0.000000e+00 1.000000e+00
    outer loop
      vertex   -8.533731e+01 -2.459672e+02 9.074029e+01
      vertex   -8.385069e+01 -2.431532e+02 9.074029e+01
      vertex   -8.492739e+01 -2.416155e+02 9.074029e+01
    endloop
  endfacet
  facet normal 0.000000e+00 -0.000000e+00 1.000000e+00
    outer loop
      vertex   -8.533731e+01 -2.459672e+02 9.074029e+01
      vertex   -8.492739e+01 -2.416155e+02 9.074029e+01
      vertex   -8.572071e+01 -2.399142e+02 9.074029e+01
    endloop
  endfacet
  facet normal 0.000000e+00 0.000000e+00 1.000000e+00
    outer loop
      vertex   -8.533731e+01 -2.459672e+02 9.074029e+01
      vertex   -8.572071e+01 -2.399142e+02 9.074029e+01
      vertex   -8.674052e+01 -2.443242e+02 9.074029e+01
    endloop
  endfacet
  facet normal 0.000000e+00 0.000000e+00 1.000000e+00
    outer loop
      vertex   -8.674052e+01 -2.443242e+02 9.074029e+01
      vertex   -8.572071e+01 -2.399142e+02 9.074029e+01
      vertex   -8.620656e+01 -2.381010e+02 9.074029e+01
    endloop
  endfacet
  facet normal 0.000000e+00 -0.000000e+00 1.000000e+00
    outer loop
      vertex   -8.674052e+01 -2.443242e+02 9.074029e+01
      vertex   -8.620656e+01 -2.381010e+02 9.074029e+01
      vertex   -8.786943e+01 -2.424820e+02 9.074029e+01
    endloop
  endfacet
  facet normal 0.000000e+00 0.000000e+00 1.000000e+00
    outer loop
      vertex   -8.786943e+01 -2.424820e+02 9.074029e+01
      vertex   -8.620656e+01 -2.381010e+02 9.074029e+01
      vertex   -8.637016e+01 -2.362310e+02 9.074029e+01
    endloop
  endfacet
  facet normal 0.000000e+00 -0.000000e+00 1.000000e+00
    outer loop
      vertex   -8.786943e+01 -2.424820e+02 9.074029e+01
      vertex   -8.637016e+01 -2.362310e+02 9.074029e+01
      vertex   -8.869626e+01 -2.404859e+02 9.074029e+01
    endloop
  endfacet
  facet normal 0.000000e+00 -0.000000e+00 1.000000e+00
    outer loop
      vertex   -8.869626e+01 -2.404859e+02 9.074029e+01
      vertex   -8.637016e+01 -2.362310e+02 9.074029e+01
      vertex   -8.920064e+01 -2.383849e+02 9.074029e+01
    endloop
  endfacet
  facet normal 0.000000e+00 0.000000e+00 1.000000e+00
    outer loop
      vertex   -3.680825e+01 -2.407809e+02 9.074029e+01
      vertex   -3.631951e+01 -2.387451e+02 9.074029e+01
      vertex   -3.615525e+01 -2.366580e+02 9.074029e+01
    endloop
  endfacet
  facet normal 0.000000e+00 0.000000e+00 1.000000e+00
    outer loop
      vertex   -5.404564e+01 -5.382371e+00 9.074029e+01
      vertex   -5.545381e+01 -4.057660e+00 9.074029e+01
      vertex   -5.476384e+01 -9.790865e+00 9.074029e+01
    endloop
  endfacet
endsolid
